/*
Navicat MySQL Data Transfer

Source Server         : localhost_3306
Source Server Version : 50162
Source Host           : localhost:3306
Source Database       : itmsdb

Target Server Type    : MYSQL
Target Server Version : 50162
File Encoding         : 65001

Date: 2017-12-11 00:28:49
*/

SET FOREIGN_KEY_CHECKS=0;
-- ----------------------------
-- Table structure for `carinfo`
-- ----------------------------
DROP TABLE IF EXISTS `carinfo`;
CREATE TABLE `carinfo` (
  `carnumber` varchar(50) NOT NULL,
  `number` int(11) DEFAULT NULL,
  `pcardid` varchar(20) DEFAULT NULL,
  `buydate` date DEFAULT NULL,
  `carbrand` varchar(50) DEFAULT NULL,
  `cardbrand` varchar(255) DEFAULT NULL,
  PRIMARY KEY (`carnumber`)
) ENGINE=InnoDB DEFAULT CHARSET=utf8;

-- ----------------------------
-- Records of carinfo
-- ----------------------------
INSERT INTO `carinfo` VALUES ('鲁A10001', '101', '370214197107271055', '2016-06-01', 'audi', null);
INSERT INTO `carinfo` VALUES ('鲁A10002', '102', '370281197208281056', '2016-06-01', 'baoma', null);
INSERT INTO `carinfo` VALUES ('鲁A10003', '103', '370282197309011057', '2016-06-01', 'benchi', null);
INSERT INTO `carinfo` VALUES ('鲁A10004', '104', '370283197410021058', '2016-06-01', 'bentian', null);
INSERT INTO `carinfo` VALUES ('鲁A10005', '105', '370284197511031059', '2016-06-01', 'biaozhi', null);
INSERT INTO `carinfo` VALUES ('鲁A10006', '106', '370285197612041060', '2016-06-01', 'bieke', null);
INSERT INTO `carinfo` VALUES ('鲁A10007', '107', '370101197701051061', '2016-06-01', 'biyadi', null);
INSERT INTO `carinfo` VALUES ('鲁A10008', '108', '370102197802061062', '2016-06-01', 'dazhong', null);
INSERT INTO `carinfo` VALUES ('鲁A10009', '109', '370103197903071063', '2016-06-01', 'fengtian', null);
INSERT INTO `carinfo` VALUES ('鲁A10010', '110', '370104197104081064', '2016-06-01', 'fute', null);
INSERT INTO `carinfo` VALUES ('鲁A10011', '111', '370105197205091065', '2016-06-01', 'mazhida', null);
INSERT INTO `carinfo` VALUES ('鲁A10012', '112', '370112197306101066', '2016-06-01', 'qirui', null);
INSERT INTO `carinfo` VALUES ('鲁A10013', '113', '370123197407111067', '2016-06-01', 'richan', null);
INSERT INTO `carinfo` VALUES ('鲁A10014', '114', '370201197508121068', '2016-06-01', 'sanling', null);
INSERT INTO `carinfo` VALUES ('鲁A10015', '115', '370202197609131069', '2016-06-01', 'sibalu', null);
INSERT INTO `carinfo` VALUES ('鲁A10016', '116', '370203197710141070', '2016-06-01', 'tesila', null);
INSERT INTO `carinfo` VALUES ('鲁A10017', '117', '370205197811151071', '2016-06-01', 'voervo', null);
INSERT INTO `carinfo` VALUES ('鲁A10018', '118', '370211197912161072', '2016-06-01', 'xiandai', null);
INSERT INTO `carinfo` VALUES ('鲁A10019', '119', '370212197101171073', '2016-06-01', 'xuefulan', null);
INSERT INTO `carinfo` VALUES ('鲁A10020', '120', '370213197202181074', '2016-06-01', 'zhonghua', null);
INSERT INTO `carinfo` VALUES ('鲁A10021', '121', '370214197303191075', '2016-06-01', 'audi', null);
INSERT INTO `carinfo` VALUES ('鲁A10022', '122', '370281197404201076', '2016-06-01', 'baoma', null);
INSERT INTO `carinfo` VALUES ('鲁A10023', '123', '370282197505211077', '2016-06-01', 'benchi', null);
INSERT INTO `carinfo` VALUES ('鲁A10024', '124', '370283197606221078', '2016-06-01', 'bentian', null);
INSERT INTO `carinfo` VALUES ('鲁A10025', '125', '370284197707231079', '2016-06-01', 'biaozhi', null);
INSERT INTO `carinfo` VALUES ('鲁A10026', '126', '370285197808241080', '2016-06-01', 'bieke', null);
INSERT INTO `carinfo` VALUES ('鲁A10027', '127', '370101197909251081', '2016-06-01', 'biyadi', null);
INSERT INTO `carinfo` VALUES ('鲁A10028', '128', '370102197110261082', '2016-06-01', 'dazhong', null);
INSERT INTO `carinfo` VALUES ('鲁A10029', '129', '370103197211271083', '2016-06-01', 'fengtian', null);
INSERT INTO `carinfo` VALUES ('鲁A10030', '130', '370104197312281084', '2016-06-01', 'fute', null);
INSERT INTO `carinfo` VALUES ('鲁A10031', '131', '370105197401011085', '2016-06-01', 'mazhida', null);
INSERT INTO `carinfo` VALUES ('鲁A10032', '132', '370112197502021086', '2016-06-01', 'qirui', null);
INSERT INTO `carinfo` VALUES ('鲁A10033', '133', '370123197603031087', '2016-06-01', 'richan', null);
INSERT INTO `carinfo` VALUES ('鲁A10034', '134', '370201197704041088', '2016-06-01', 'sanling', null);
INSERT INTO `carinfo` VALUES ('鲁A10035', '135', '370202197805051089', '2016-06-01', 'sibalu', null);
INSERT INTO `carinfo` VALUES ('鲁A10036', '136', '370203197906061090', '2016-06-01', 'tesila', null);
INSERT INTO `carinfo` VALUES ('鲁A10037', '137', '370205198107071091', '2016-06-01', 'voervo', null);
INSERT INTO `carinfo` VALUES ('鲁A10038', '138', '370211198208081092', '2016-06-01', 'xiandai', null);
INSERT INTO `carinfo` VALUES ('鲁A10039', '139', '370212198309091093', '2016-06-01', 'xuefulan', null);
INSERT INTO `carinfo` VALUES ('鲁A10040', '140', '370213198410101094', '2016-06-01', 'zhonghua', null);
INSERT INTO `carinfo` VALUES ('鲁A10041', '141', '370214198511111095', '2016-06-01', 'audi', null);
INSERT INTO `carinfo` VALUES ('鲁A10042', '142', '370281198612121096', '2016-06-01', 'baoma', null);
INSERT INTO `carinfo` VALUES ('鲁A10043', '143', '370205196407031031', '2016-06-01', 'benchi', null);
INSERT INTO `carinfo` VALUES ('鲁A10044', '144', '370211196508041032', '2016-06-01', 'bentian', null);
INSERT INTO `carinfo` VALUES ('鲁A10045', '145', '370212196609051033', '2016-06-01', 'biaozhi', null);
INSERT INTO `carinfo` VALUES ('鲁A10046', '146', '370213196710061034', '2016-06-01', 'bieke', null);
INSERT INTO `carinfo` VALUES ('鲁A10047', '147', '370214196811071035', '2016-06-01', 'biyadi', null);
INSERT INTO `carinfo` VALUES ('鲁A10048', '148', '370281196912081036', '2016-06-01', 'dazhong', null);
INSERT INTO `carinfo` VALUES ('鲁A10049', '149', '370282196101091037', '2016-06-01', 'fengtian', null);
INSERT INTO `carinfo` VALUES ('鲁A10050', '150', '370283196202101038', '2016-06-01', 'fute', null);
INSERT INTO `carinfo` VALUES ('鲁A10051', '151', '370284196303111039', '2016-06-01', 'mazhida', null);
INSERT INTO `carinfo` VALUES ('鲁A10052', '152', '370285196404121040', '2016-06-01', 'qirui', null);
INSERT INTO `carinfo` VALUES ('鲁A10053', '153', '370101196505131041', '2016-06-01', 'richan', null);
INSERT INTO `carinfo` VALUES ('鲁A10054', '154', '370102196606141042', '2016-06-01', 'sanling', null);
INSERT INTO `carinfo` VALUES ('鲁A10055', '155', '370103196707151043', '2016-06-01', 'sibalu', null);
INSERT INTO `carinfo` VALUES ('鲁A10056', '156', '370104196808161044', '2016-06-01', 'tesila', null);
INSERT INTO `carinfo` VALUES ('鲁A10057', '157', '370105196909171045', '2016-06-01', 'voervo', null);
INSERT INTO `carinfo` VALUES ('鲁A10058', '158', '370112197110181046', '2016-06-01', 'xiandai', null);
INSERT INTO `carinfo` VALUES ('鲁A10059', '159', '370123197211191047', '2016-06-01', 'xuefulan', null);
INSERT INTO `carinfo` VALUES ('鲁A10060', '160', '370201197312201048', '2016-06-01', 'zhonghua', null);
INSERT INTO `carinfo` VALUES ('鲁A10061', '161', '370202197401211049', '2016-06-01', 'audi', null);
INSERT INTO `carinfo` VALUES ('鲁A10062', '162', '370203197502221050', '2016-06-01', 'baoma', null);
INSERT INTO `carinfo` VALUES ('鲁A10063', '163', '370205197603231051', '2016-06-01', 'benchi', null);
INSERT INTO `carinfo` VALUES ('鲁A10064', '164', '370211197704241052', '2016-06-01', 'bentian', null);
INSERT INTO `carinfo` VALUES ('鲁A10065', '165', '370212197805251053', '2016-06-01', 'biaozhi', null);
INSERT INTO `carinfo` VALUES ('鲁A10066', '166', '370213197906261054', '2016-06-01', 'bieke', null);
INSERT INTO `carinfo` VALUES ('鲁A10067', '167', '370214197107271055', '2016-06-01', 'biyadi', null);
INSERT INTO `carinfo` VALUES ('鲁A10068', '168', '370281197208281056', '2016-06-01', 'dazhong', null);
INSERT INTO `carinfo` VALUES ('鲁A10069', '169', '370282197309011057', '2016-06-01', 'fengtian', null);
INSERT INTO `carinfo` VALUES ('鲁A10070', '170', '370283197410021058', '2016-06-01', 'fute', null);
INSERT INTO `carinfo` VALUES ('鲁A10071', '171', '370284197511031059', '2016-06-01', 'mazhida', null);
INSERT INTO `carinfo` VALUES ('鲁A10072', '172', '370285197612041060', '2016-06-01', 'qirui', null);
INSERT INTO `carinfo` VALUES ('鲁A10073', '173', '370101197701051061', '2016-06-01', 'richan', null);
INSERT INTO `carinfo` VALUES ('鲁A10074', '174', '370102197802061062', '2016-06-01', 'sanling', null);
INSERT INTO `carinfo` VALUES ('鲁A10075', '175', '370103197903071063', '2016-06-01', 'sibalu', null);
INSERT INTO `carinfo` VALUES ('鲁A10076', '176', '370104197104081064', '2016-06-01', 'tesila', null);
INSERT INTO `carinfo` VALUES ('鲁A10077', '177', '370105197205091065', '2016-06-01', 'voervo', null);
INSERT INTO `carinfo` VALUES ('鲁A10078', '178', '370112197306101066', '2016-06-01', 'xiandai', null);
INSERT INTO `carinfo` VALUES ('鲁A10079', '179', '370123197407111067', '2016-06-01', 'xuefulan', null);
INSERT INTO `carinfo` VALUES ('鲁A10080', '180', '370201197508121068', '2016-06-01', 'zhonghua', null);
INSERT INTO `carinfo` VALUES ('鲁A10081', '181', '370202197609131069', '2016-06-01', 'audi', null);
INSERT INTO `carinfo` VALUES ('鲁A10082', '182', '370203197710141070', '2016-06-01', 'baoma', null);
INSERT INTO `carinfo` VALUES ('鲁A10083', '183', '370205197811151071', '2016-06-01', 'benchi', null);
INSERT INTO `carinfo` VALUES ('鲁A10084', '184', '370211197912161072', '2016-06-01', 'bentian', null);
INSERT INTO `carinfo` VALUES ('鲁A10085', '185', '370212197101171073', '2016-06-01', 'biaozhi', null);
INSERT INTO `carinfo` VALUES ('鲁A10086', '186', '370213197202181074', '2016-06-01', 'bieke', null);
INSERT INTO `carinfo` VALUES ('鲁A10087', '187', '370214197303191075', '2016-06-01', 'biyadi', null);
INSERT INTO `carinfo` VALUES ('鲁A10088', '188', '370281197404201076', '2016-06-01', 'dazhong', null);
INSERT INTO `carinfo` VALUES ('鲁A10089', '189', '370282197505211077', '2016-06-01', 'fengtian', null);
INSERT INTO `carinfo` VALUES ('鲁A10090', '190', '370283197606221078', '2016-06-01', 'fute', null);
INSERT INTO `carinfo` VALUES ('鲁A10091', '191', '370284197707231079', '2016-06-01', 'mazhida', null);
INSERT INTO `carinfo` VALUES ('鲁A10092', '192', '370285197808241080', '2016-06-01', 'qirui', null);
INSERT INTO `carinfo` VALUES ('鲁A10093', '193', '370101197909251081', '2016-06-01', 'richan', null);
INSERT INTO `carinfo` VALUES ('鲁A10094', '194', '370102197110261082', '2016-06-01', 'sanling', null);
INSERT INTO `carinfo` VALUES ('鲁A10095', '195', '370103197211271083', '2016-06-01', 'sibalu', null);
INSERT INTO `carinfo` VALUES ('鲁A10096', '196', '370104197312281084', '2016-06-01', 'tesila', null);
INSERT INTO `carinfo` VALUES ('鲁A10097', '197', '370105197401011085', '2016-06-01', 'voervo', null);
INSERT INTO `carinfo` VALUES ('鲁A10098', '198', '370112197502021086', '2016-06-01', 'xiandai', null);
INSERT INTO `carinfo` VALUES ('鲁A10099', '199', '370123197603031087', '2016-06-01', 'xuefulan', null);
INSERT INTO `carinfo` VALUES ('鲁A10100', '200', '370201197704041088', '2016-06-01', 'zhonghua', null);
INSERT INTO `carinfo` VALUES ('鲁A20001', '201', '370202197805051089', '2016-06-01', 'audi', null);
INSERT INTO `carinfo` VALUES ('鲁A20002', '202', '370203197906061090', '2016-06-01', 'baoma', null);
INSERT INTO `carinfo` VALUES ('鲁A20003', '203', '370205198107071091', '2016-06-01', 'benchi', null);
INSERT INTO `carinfo` VALUES ('鲁A20004', '204', '370211198208081092', '2016-06-01', 'bentian', null);
INSERT INTO `carinfo` VALUES ('鲁A20005', '205', '370212198309091093', '2016-06-01', 'biaozhi', null);
INSERT INTO `carinfo` VALUES ('鲁A20006', '206', '370213198410101094', '2016-06-01', 'bieke', null);
INSERT INTO `carinfo` VALUES ('鲁A20007', '207', '370214198511111095', '2016-06-01', 'biyadi', null);
INSERT INTO `carinfo` VALUES ('鲁A20008', '208', '370281198612121096', '2016-06-01', 'dazhong', null);
INSERT INTO `carinfo` VALUES ('鲁A20009', '209', '370202196909091009', '2016-06-01', 'fengtian', null);
INSERT INTO `carinfo` VALUES ('鲁A20010', '210', '370203196110101010', '2016-06-01', 'fute', null);
INSERT INTO `carinfo` VALUES ('鲁A20011', '211', '370205196211111011', '2016-06-01', 'mazhida', null);
INSERT INTO `carinfo` VALUES ('鲁A20012', '212', '370211196312121012', '2016-06-01', 'qirui', null);
INSERT INTO `carinfo` VALUES ('鲁A20013', '213', '370212196401131013', '2016-06-01', 'richan', null);
INSERT INTO `carinfo` VALUES ('鲁A20014', '214', '370213196502141014', '2016-06-01', 'sanling', null);
INSERT INTO `carinfo` VALUES ('鲁A20015', '215', '370214196603151015', '2016-06-01', 'sibalu', null);
INSERT INTO `carinfo` VALUES ('鲁A20016', '216', '370281196704161016', '2016-06-01', 'tesila', null);
INSERT INTO `carinfo` VALUES ('鲁A20017', '217', '370282196805171017', '2016-06-01', 'voervo', null);
INSERT INTO `carinfo` VALUES ('鲁A20018', '218', '370283196906181018', '2016-06-01', 'xiandai', null);
INSERT INTO `carinfo` VALUES ('鲁A20019', '219', '370284196107191019', '2016-06-01', 'xuefulan', null);
INSERT INTO `carinfo` VALUES ('鲁A20020', '220', '370285196208201020', '2016-06-01', 'zhonghua', null);
INSERT INTO `carinfo` VALUES ('鲁A20021', '221', '370101196309211021', '2016-06-01', 'audi', null);
INSERT INTO `carinfo` VALUES ('鲁A20022', '222', '370102196410221022', '2016-06-01', 'baoma', null);
INSERT INTO `carinfo` VALUES ('鲁A20023', '223', '370103196511231023', '2016-06-01', 'benchi', null);
INSERT INTO `carinfo` VALUES ('鲁A20024', '224', '370104196612241024', '2016-06-01', 'bentian', null);
INSERT INTO `carinfo` VALUES ('鲁A20025', '225', '370105196701251025', '2016-06-01', 'biaozhi', null);
INSERT INTO `carinfo` VALUES ('鲁A20026', '226', '370112196802261026', '2016-06-01', 'bieke', null);
INSERT INTO `carinfo` VALUES ('鲁A20027', '227', '370123196903271027', '2016-06-01', 'biyadi', null);
INSERT INTO `carinfo` VALUES ('鲁A20028', '228', '370201196104281028', '2016-06-01', 'dazhong', null);
INSERT INTO `carinfo` VALUES ('鲁A20029', '229', '370202196205011029', '2016-06-01', 'fengtian', null);
INSERT INTO `carinfo` VALUES ('鲁A20030', '230', '370203196306021030', '2016-06-01', 'fute', null);
INSERT INTO `carinfo` VALUES ('鲁A20031', '231', '370205196407031031', '2016-06-01', 'mazhida', null);
INSERT INTO `carinfo` VALUES ('鲁A20032', '232', '370211196508041032', '2016-06-01', 'qirui', null);
INSERT INTO `carinfo` VALUES ('鲁A20033', '233', '370212196609051033', '2016-06-01', 'richan', null);
INSERT INTO `carinfo` VALUES ('鲁A20034', '234', '370213196710061034', '2016-06-01', 'sanling', null);
INSERT INTO `carinfo` VALUES ('鲁A20035', '235', '370214196811071035', '2016-06-01', 'sibalu', null);
INSERT INTO `carinfo` VALUES ('鲁A20036', '236', '370281196912081036', '2016-06-01', 'tesila', null);
INSERT INTO `carinfo` VALUES ('鲁A20037', '237', '370282196101091037', '2016-06-01', 'voervo', null);
INSERT INTO `carinfo` VALUES ('鲁A20038', '238', '370283196202101038', '2016-06-01', 'xiandai', null);
INSERT INTO `carinfo` VALUES ('鲁A20039', '239', '370284196303111039', '2016-06-01', 'xuefulan', null);
INSERT INTO `carinfo` VALUES ('鲁A20040', '240', '370285196404121040', '2016-06-01', 'zhonghua', null);
INSERT INTO `carinfo` VALUES ('鲁A20041', '241', '370101196505131041', '2016-06-01', 'audi', null);
INSERT INTO `carinfo` VALUES ('鲁A20042', '242', '370102196606141042', '2016-06-01', 'baoma', null);
INSERT INTO `carinfo` VALUES ('鲁A20043', '243', '370103196707151043', '2016-06-01', 'benchi', null);
INSERT INTO `carinfo` VALUES ('鲁A20044', '244', '370104196808161044', '2016-06-01', 'bentian', null);
INSERT INTO `carinfo` VALUES ('鲁A20045', '245', '370105196909171045', '2016-06-01', 'biaozhi', null);
INSERT INTO `carinfo` VALUES ('鲁A20046', '246', '370112197110181046', '2016-06-01', 'bieke', null);
INSERT INTO `carinfo` VALUES ('鲁A20047', '247', '370123197211191047', '2016-06-01', 'biyadi', null);
INSERT INTO `carinfo` VALUES ('鲁A20048', '248', '370201197312201048', '2016-06-01', 'dazhong', null);
INSERT INTO `carinfo` VALUES ('鲁A20049', '249', '370202197401211049', '2016-06-01', 'fengtian', null);
INSERT INTO `carinfo` VALUES ('鲁A20050', '250', '370203197502221050', '2016-06-01', 'fute', null);
INSERT INTO `carinfo` VALUES ('鲁A20051', '251', '370205197603231051', '2016-06-01', 'mazhida', null);
INSERT INTO `carinfo` VALUES ('鲁A20052', '252', '370211197704241052', '2016-06-01', 'qirui', null);
INSERT INTO `carinfo` VALUES ('鲁A20053', '253', '370212197805251053', '2016-06-01', 'richan', null);
INSERT INTO `carinfo` VALUES ('鲁A20054', '254', '370213197906261054', '2016-06-01', 'sanling', null);
INSERT INTO `carinfo` VALUES ('鲁A20055', '255', '370214197107271055', '2016-06-01', 'sibalu', null);
INSERT INTO `carinfo` VALUES ('鲁A20056', '256', '370281197208281056', '2016-06-01', 'tesila', null);
INSERT INTO `carinfo` VALUES ('鲁A20057', '257', '370282197309011057', '2016-06-01', 'voervo', null);
INSERT INTO `carinfo` VALUES ('鲁A20058', '258', '370283197410021058', '2016-06-01', 'xiandai', null);
INSERT INTO `carinfo` VALUES ('鲁A20059', '259', '370284197511031059', '2016-06-01', 'xuefulan', null);
INSERT INTO `carinfo` VALUES ('鲁A20060', '260', '370285197612041060', '2016-06-01', 'zhonghua', null);
INSERT INTO `carinfo` VALUES ('鲁A20061', '261', '370101197701051061', '2016-06-01', 'audi', null);
INSERT INTO `carinfo` VALUES ('鲁A20062', '262', '370102197802061062', '2016-06-01', 'baoma', null);
INSERT INTO `carinfo` VALUES ('鲁A20063', '263', '370103197903071063', '2016-06-01', 'benchi', null);
INSERT INTO `carinfo` VALUES ('鲁A20064', '264', '370104197104081064', '2016-06-01', 'bentian', null);
INSERT INTO `carinfo` VALUES ('鲁A20065', '265', '370105197205091065', '2016-06-01', 'biaozhi', null);
INSERT INTO `carinfo` VALUES ('鲁A20066', '266', '370112197306101066', '2016-06-01', 'bieke', null);
INSERT INTO `carinfo` VALUES ('鲁A20067', '267', '370123197407111067', '2016-06-01', 'biyadi', null);
INSERT INTO `carinfo` VALUES ('鲁A20068', '268', '370201197508121068', '2016-06-01', 'dazhong', null);
INSERT INTO `carinfo` VALUES ('鲁A20069', '269', '370202197609131069', '2016-06-01', 'fengtian', null);
INSERT INTO `carinfo` VALUES ('鲁A20070', '270', '370203197710141070', '2016-06-01', 'fute', null);
INSERT INTO `carinfo` VALUES ('鲁A20071', '271', '370205197811151071', '2016-06-01', 'mazhida', null);
INSERT INTO `carinfo` VALUES ('鲁A20072', '272', '370211197912161072', '2016-06-01', 'qirui', null);
INSERT INTO `carinfo` VALUES ('鲁A20073', '273', '370212197101171073', '2016-06-01', 'richan', null);
INSERT INTO `carinfo` VALUES ('鲁A20074', '274', '370213197202181074', '2016-06-01', 'sanling', null);
INSERT INTO `carinfo` VALUES ('鲁A20075', '275', '370214197303191075', '2016-06-01', 'sibalu', null);
INSERT INTO `carinfo` VALUES ('鲁A20076', '276', '370281197404201076', '2016-06-01', 'tesila', null);
INSERT INTO `carinfo` VALUES ('鲁A20077', '277', '370282197505211077', '2016-06-01', 'voervo', null);
INSERT INTO `carinfo` VALUES ('鲁A20078', '278', '370283197606221078', '2016-06-01', 'xiandai', null);
INSERT INTO `carinfo` VALUES ('鲁A20079', '279', '370284197707231079', '2016-06-01', 'xuefulan', null);
INSERT INTO `carinfo` VALUES ('鲁A20080', '280', '370285197808241080', '2016-06-01', 'zhonghua', null);
INSERT INTO `carinfo` VALUES ('鲁A20081', '281', '370101197909251081', '2016-06-01', 'audi', null);
INSERT INTO `carinfo` VALUES ('鲁A20082', '282', '370102197110261082', '2016-06-01', 'baoma', null);
INSERT INTO `carinfo` VALUES ('鲁A20083', '283', '370103197211271083', '2016-06-01', 'benchi', null);
INSERT INTO `carinfo` VALUES ('鲁A20084', '284', '370104197312281084', '2016-06-01', 'bentian', null);
INSERT INTO `carinfo` VALUES ('鲁A20085', '285', '370105197401011085', '2016-06-01', 'biaozhi', null);
INSERT INTO `carinfo` VALUES ('鲁A20086', '286', '370112197502021086', '2016-06-01', 'bieke', null);
INSERT INTO `carinfo` VALUES ('鲁A20087', '287', '370123197603031087', '2016-06-01', 'biyadi', null);
INSERT INTO `carinfo` VALUES ('鲁A20088', '288', '370201197704041088', '2016-06-01', 'dazhong', null);
INSERT INTO `carinfo` VALUES ('鲁A20089', '289', '370202197805051089', '2016-06-01', 'fengtian', null);
INSERT INTO `carinfo` VALUES ('鲁A20090', '290', '370203197906061090', '2016-06-01', 'fute', null);
INSERT INTO `carinfo` VALUES ('鲁A20091', '291', '370205198107071091', '2016-06-01', 'mazhida', null);
INSERT INTO `carinfo` VALUES ('鲁A20092', '292', '370211198208081092', '2016-06-01', 'qirui', null);
INSERT INTO `carinfo` VALUES ('鲁A20093', '293', '370212198309091093', '2016-06-01', 'richan', null);
INSERT INTO `carinfo` VALUES ('鲁A20094', '294', '370213198410101094', '2016-06-01', 'sanling', null);
INSERT INTO `carinfo` VALUES ('鲁A20095', '295', '370214198511111095', '2016-06-01', 'sibalu', null);
INSERT INTO `carinfo` VALUES ('鲁A20096', '296', '370281198612121096', '2016-06-01', 'tesila', null);
INSERT INTO `carinfo` VALUES ('鲁A20097', '297', '370282198701131097', '2016-06-01', 'voervo', null);
INSERT INTO `carinfo` VALUES ('鲁A20098', '298', '370283198802141098', '2016-06-01', 'xiandai', null);
INSERT INTO `carinfo` VALUES ('鲁A20099', '299', '370284198903151099', '2016-06-01', 'xuefulan', null);
INSERT INTO `carinfo` VALUES ('鲁A20100', '300', '370285198104161100', '2016-06-01', 'zhonghua', null);
INSERT INTO `carinfo` VALUES ('鲁A30001', '301', '370101198205171101', '2016-06-01', 'audi', null);
INSERT INTO `carinfo` VALUES ('鲁A30002', '302', '370102198306181102', '2016-06-01', 'baoma', null);
INSERT INTO `carinfo` VALUES ('鲁A30003', '303', '370103198407191103', '2016-06-01', 'benchi', null);
INSERT INTO `carinfo` VALUES ('鲁A30004', '304', '370104198508201104', '2016-06-01', 'bentian', null);
INSERT INTO `carinfo` VALUES ('鲁A30005', '305', '370105198609211105', '2016-06-01', 'biaozhi', null);
INSERT INTO `carinfo` VALUES ('鲁A30006', '306', '370112198710221106', '2016-06-01', 'bieke', null);
INSERT INTO `carinfo` VALUES ('鲁A30007', '307', '370123198811231107', '2016-06-01', 'biyadi', null);
INSERT INTO `carinfo` VALUES ('鲁A30008', '308', '370201198912241108', '2016-06-01', 'dazhong', null);
INSERT INTO `carinfo` VALUES ('鲁A30009', '309', '370202198101251109', '2016-06-01', 'fengtian', null);
INSERT INTO `carinfo` VALUES ('鲁A30010', '310', '370203198202261110', '2016-06-01', 'fute', null);
INSERT INTO `carinfo` VALUES ('鲁A30011', '311', '370205198303271111', '2016-06-01', 'mazhida', null);
INSERT INTO `carinfo` VALUES ('鲁A30012', '312', '370211198404281112', '2016-06-01', 'qirui', null);
INSERT INTO `carinfo` VALUES ('鲁A30013', '313', '370212198505011113', '2016-06-01', 'richan', null);
INSERT INTO `carinfo` VALUES ('鲁A30014', '314', '370213198606021114', '2016-06-01', 'sanling', null);
INSERT INTO `carinfo` VALUES ('鲁A30015', '315', '370214198707031115', '2016-06-01', 'sibalu', null);
INSERT INTO `carinfo` VALUES ('鲁A30016', '316', '370281198808041116', '2016-06-01', 'tesila', null);
INSERT INTO `carinfo` VALUES ('鲁A30017', '317', '370282198909051117', '2016-06-01', 'voervo', null);
INSERT INTO `carinfo` VALUES ('鲁A30018', '318', '370283198110061118', '2016-06-01', 'xiandai', null);
INSERT INTO `carinfo` VALUES ('鲁A30019', '319', '370284198211071119', '2016-06-01', 'xuefulan', null);
INSERT INTO `carinfo` VALUES ('鲁A30020', '320', '370285198312081120', '2016-06-01', 'zhonghua', null);
INSERT INTO `carinfo` VALUES ('鲁A30021', '321', '370101198401091121', '2016-06-01', 'audi', null);
INSERT INTO `carinfo` VALUES ('鲁A30022', '322', '370102198502101122', '2016-06-01', 'baoma', null);
INSERT INTO `carinfo` VALUES ('鲁A30023', '323', '370103198603111123', '2016-06-01', 'benchi', null);
INSERT INTO `carinfo` VALUES ('鲁A30024', '324', '370104198704121124', '2016-06-01', 'bentian', null);
INSERT INTO `carinfo` VALUES ('鲁A30025', '325', '370105198805131125', '2016-06-01', 'biaozhi', null);
INSERT INTO `carinfo` VALUES ('鲁A30026', '326', '370112198906141126', '2016-06-01', 'bieke', null);
INSERT INTO `carinfo` VALUES ('鲁A30027', '327', '370123198107151127', '2016-06-01', 'biyadi', null);
INSERT INTO `carinfo` VALUES ('鲁A30028', '328', '370201198208161128', '2016-06-01', 'dazhong', null);
INSERT INTO `carinfo` VALUES ('鲁A30029', '329', '370202198309171129', '2016-06-01', 'fengtian', null);
INSERT INTO `carinfo` VALUES ('鲁A30030', '330', '370203198410181130', '2016-06-01', 'fute', null);
INSERT INTO `carinfo` VALUES ('鲁A30031', '331', '370205198511191131', '2016-06-01', 'mazhida', null);
INSERT INTO `carinfo` VALUES ('鲁A30032', '332', '370211198612201132', '2016-06-01', 'qirui', null);
INSERT INTO `carinfo` VALUES ('鲁A30033', '333', '370212198701211133', '2016-06-01', 'richan', null);
INSERT INTO `carinfo` VALUES ('鲁A30034', '334', '370213198802221134', '2016-06-01', 'sanling', null);
INSERT INTO `carinfo` VALUES ('鲁A30035', '335', '370214198903231135', '2016-06-01', 'sibalu', null);
INSERT INTO `carinfo` VALUES ('鲁A30036', '336', '370281198104241136', '2016-06-01', 'tesila', null);
INSERT INTO `carinfo` VALUES ('鲁A30037', '337', '370282198205251137', '2016-06-01', 'voervo', null);
INSERT INTO `carinfo` VALUES ('鲁A30038', '338', '370283198306261138', '2016-06-01', 'xiandai', null);
INSERT INTO `carinfo` VALUES ('鲁A30039', '339', '370284198407271139', '2016-06-01', 'xuefulan', null);
INSERT INTO `carinfo` VALUES ('鲁A30040', '340', '370285198508281140', '2016-06-01', 'zhonghua', null);
INSERT INTO `carinfo` VALUES ('鲁A30041', '341', '370101198609011141', '2016-06-01', 'audi', null);
INSERT INTO `carinfo` VALUES ('鲁A30042', '342', '370102198710021142', '2016-06-01', 'baoma', null);
INSERT INTO `carinfo` VALUES ('鲁A30043', '343', '370103198811031143', '2016-06-01', 'benchi', null);
INSERT INTO `carinfo` VALUES ('鲁A30044', '344', '370104198912041144', '2016-06-01', 'bentian', null);
INSERT INTO `carinfo` VALUES ('鲁A30045', '345', '370105198101051145', '2016-06-01', 'biaozhi', null);
INSERT INTO `carinfo` VALUES ('鲁A30046', '346', '370112198202061146', '2016-06-01', 'bieke', null);
INSERT INTO `carinfo` VALUES ('鲁A30047', '347', '370123198303071147', '2016-06-01', 'biyadi', null);
INSERT INTO `carinfo` VALUES ('鲁A30048', '348', '370201198404081148', '2016-06-01', 'dazhong', null);
INSERT INTO `carinfo` VALUES ('鲁A30049', '349', '370202198505091149', '2016-06-01', 'fengtian', null);
INSERT INTO `carinfo` VALUES ('鲁A30050', '350', '370203198606101150', '2016-06-01', 'fute', null);
INSERT INTO `carinfo` VALUES ('鲁A30051', '351', '370205198707111151', '2016-06-01', 'mazhida', null);
INSERT INTO `carinfo` VALUES ('鲁A30052', '352', '370211198808121152', '2016-06-01', 'qirui', null);
INSERT INTO `carinfo` VALUES ('鲁A30053', '353', '370212198909131153', '2016-06-01', 'richan', null);
INSERT INTO `carinfo` VALUES ('鲁A30054', '354', '370213198110141154', '2016-06-01', 'sanling', null);
INSERT INTO `carinfo` VALUES ('鲁A30055', '355', '370214198211151155', '2016-06-01', 'sibalu', null);
INSERT INTO `carinfo` VALUES ('鲁A30056', '356', '370281198312161156', '2016-06-01', 'tesila', null);
INSERT INTO `carinfo` VALUES ('鲁A30057', '357', '370282198401171157', '2016-06-01', 'voervo', null);
INSERT INTO `carinfo` VALUES ('鲁A30058', '358', '370283198502181158', '2016-06-01', 'xiandai', null);
INSERT INTO `carinfo` VALUES ('鲁A30059', '359', '370284198603191159', '2016-06-01', 'xuefulan', null);
INSERT INTO `carinfo` VALUES ('鲁A30060', '360', '370285198704201160', '2016-06-01', 'zhonghua', null);
INSERT INTO `carinfo` VALUES ('鲁A30061', '361', '370101198805211161', '2016-06-01', 'audi', null);
INSERT INTO `carinfo` VALUES ('鲁A30062', '362', '370102198906221162', '2016-06-01', 'baoma', null);
INSERT INTO `carinfo` VALUES ('鲁A30063', '363', '370103198107231163', '2016-06-01', 'benchi', null);
INSERT INTO `carinfo` VALUES ('鲁A30064', '364', '370104198208241164', '2016-06-01', 'bentian', null);
INSERT INTO `carinfo` VALUES ('鲁A30065', '365', '370105198309251165', '2016-06-01', 'biaozhi', null);
INSERT INTO `carinfo` VALUES ('鲁A30066', '366', '370112198410261166', '2016-06-01', 'bieke', null);
INSERT INTO `carinfo` VALUES ('鲁A30067', '367', '370123198511271167', '2016-06-01', 'biyadi', null);
INSERT INTO `carinfo` VALUES ('鲁A30068', '368', '370201198612281168', '2016-06-01', 'dazhong', null);
INSERT INTO `carinfo` VALUES ('鲁A30069', '369', '370202198701011169', '2016-06-01', 'fengtian', null);
INSERT INTO `carinfo` VALUES ('鲁A30070', '370', '370203198802021170', '2016-06-01', 'fute', null);
INSERT INTO `carinfo` VALUES ('鲁A30071', '371', '370205198903031171', '2016-06-01', 'mazhida', null);
INSERT INTO `carinfo` VALUES ('鲁A30072', '372', '370211198104041172', '2016-06-01', 'qirui', null);
INSERT INTO `carinfo` VALUES ('鲁A30073', '373', '370212198205051173', '2016-06-01', 'richan', null);
INSERT INTO `carinfo` VALUES ('鲁A30074', '374', '370213198306061174', '2016-06-01', 'sanling', null);
INSERT INTO `carinfo` VALUES ('鲁A30075', '375', '370214198407071175', '2016-06-01', 'sibalu', null);
INSERT INTO `carinfo` VALUES ('鲁A30076', '376', '370281198508081176', '2016-06-01', 'tesila', null);
INSERT INTO `carinfo` VALUES ('鲁A30077', '377', '370282198609091177', '2016-06-01', 'voervo', null);
INSERT INTO `carinfo` VALUES ('鲁A30078', '378', '370283198710101178', '2016-06-01', 'xiandai', null);
INSERT INTO `carinfo` VALUES ('鲁A30079', '379', '370284198811111179', '2016-06-01', 'xuefulan', null);
INSERT INTO `carinfo` VALUES ('鲁A30080', '380', '370285198912121180', '2016-06-01', 'zhonghua', null);
INSERT INTO `carinfo` VALUES ('鲁A30081', '381', '370101198101131181', '2016-06-01', 'audi', null);
INSERT INTO `carinfo` VALUES ('鲁A30082', '382', '370102198202141182', '2016-06-01', 'baoma', null);
INSERT INTO `carinfo` VALUES ('鲁A30083', '383', '370103198303151183', '2016-06-01', 'benchi', null);
INSERT INTO `carinfo` VALUES ('鲁A30084', '384', '370104198404161184', '2016-06-01', 'bentian', null);
INSERT INTO `carinfo` VALUES ('鲁A30085', '385', '370105198505171185', '2016-06-01', 'biaozhi', null);
INSERT INTO `carinfo` VALUES ('鲁A30086', '386', '370112198606181186', '2016-06-01', 'bieke', null);
INSERT INTO `carinfo` VALUES ('鲁A30087', '387', '370123198707191187', '2016-06-01', 'biyadi', null);
INSERT INTO `carinfo` VALUES ('鲁A30088', '388', '370201198808201188', '2016-06-01', 'dazhong', null);
INSERT INTO `carinfo` VALUES ('鲁A30089', '389', '370202198909211189', '2016-06-01', 'fengtian', null);
INSERT INTO `carinfo` VALUES ('鲁A30090', '390', '370203199110221190', '2016-06-01', 'fute', null);
INSERT INTO `carinfo` VALUES ('鲁A30091', '391', '370205199211231191', '2016-06-01', 'mazhida', null);
INSERT INTO `carinfo` VALUES ('鲁A30092', '392', '370211199312241192', '2016-06-01', 'qirui', null);
INSERT INTO `carinfo` VALUES ('鲁A30093', '393', '370212199401251193', '2016-06-01', 'richan', null);
INSERT INTO `carinfo` VALUES ('鲁A30094', '394', '370213199502261194', '2016-06-01', 'sanling', null);
INSERT INTO `carinfo` VALUES ('鲁A30095', '395', '370214199603271195', '2016-06-01', 'sibalu', null);
INSERT INTO `carinfo` VALUES ('鲁A30096', '396', '370281199704281196', '2016-06-01', 'tesila', null);
INSERT INTO `carinfo` VALUES ('鲁A30097', '397', '370282199805011197', '2016-06-01', 'voervo', null);
INSERT INTO `carinfo` VALUES ('鲁A30098', '398', '370283199906021198', '2016-06-01', 'xiandai', null);
INSERT INTO `carinfo` VALUES ('鲁A30099', '399', '370284199107031199', '2016-06-01', 'xuefulan', null);
INSERT INTO `carinfo` VALUES ('鲁A30100', '400', '370285199208041200', '2016-06-01', 'zhonghua', null);
INSERT INTO `carinfo` VALUES ('鲁A50001', '401', '370101199309051201', '2016-06-01', 'audi', null);
INSERT INTO `carinfo` VALUES ('鲁A50002', '402', '370102199410061202', '2016-06-01', 'baoma', null);
INSERT INTO `carinfo` VALUES ('鲁A50003', '403', '370103199511071203', '2016-06-01', 'benchi', null);
INSERT INTO `carinfo` VALUES ('鲁A50004', '404', '370104199612081204', '2016-06-01', 'bentian', null);
INSERT INTO `carinfo` VALUES ('鲁A50005', '405', '370105199701091205', '2016-06-01', 'biaozhi', null);
INSERT INTO `carinfo` VALUES ('鲁A50006', '406', '370112199802101206', '2016-06-01', 'bieke', null);
INSERT INTO `carinfo` VALUES ('鲁A50007', '407', '370123199903111207', '2016-06-01', 'biyadi', null);
INSERT INTO `carinfo` VALUES ('鲁A50008', '408', '370201199104121208', '2016-06-01', 'dazhong', null);
INSERT INTO `carinfo` VALUES ('鲁A50009', '409', '370202199205131209', '2016-06-01', 'fengtian', null);
INSERT INTO `carinfo` VALUES ('鲁A50010', '410', '370203199306141210', '2016-06-01', 'fute', null);
INSERT INTO `carinfo` VALUES ('鲁A50011', '411', '370205199407151211', '2016-06-01', 'mazhida', null);
INSERT INTO `carinfo` VALUES ('鲁A50012', '412', '370211199508161212', '2016-06-01', 'qirui', null);
INSERT INTO `carinfo` VALUES ('鲁A50013', '413', '370212199609171213', '2016-06-01', 'richan', null);
INSERT INTO `carinfo` VALUES ('鲁A50014', '414', '370213199710181214', '2016-06-01', 'sanling', null);
INSERT INTO `carinfo` VALUES ('鲁A50015', '415', '370214199811191215', '2016-06-01', 'sibalu', null);
INSERT INTO `carinfo` VALUES ('鲁A50016', '416', '370281199912201216', '2016-06-01', 'tesila', null);
INSERT INTO `carinfo` VALUES ('鲁A50017', '417', '370282199101211217', '2016-06-01', 'voervo', null);
INSERT INTO `carinfo` VALUES ('鲁A50018', '418', '370283199202221218', '2016-06-01', 'xiandai', null);
INSERT INTO `carinfo` VALUES ('鲁A50019', '419', '370284199303231219', '2016-06-01', 'xuefulan', null);
INSERT INTO `carinfo` VALUES ('鲁A50020', '420', '370285199404241220', '2016-06-01', 'zhonghua', null);
INSERT INTO `carinfo` VALUES ('鲁A50021', '421', '370101199505251221', '2016-06-01', 'audi', null);
INSERT INTO `carinfo` VALUES ('鲁A50022', '422', '370102199606261222', '2016-06-01', 'baoma', null);
INSERT INTO `carinfo` VALUES ('鲁A50023', '423', '370103199707271223', '2016-06-01', 'benchi', null);
INSERT INTO `carinfo` VALUES ('鲁A50024', '424', '370104199808281224', '2016-06-01', 'bentian', null);
INSERT INTO `carinfo` VALUES ('鲁A50025', '425', '370105199909011225', '2016-06-01', 'biaozhi', null);
INSERT INTO `carinfo` VALUES ('鲁A50026', '426', '370112199110021226', '2016-06-01', 'bieke', null);
INSERT INTO `carinfo` VALUES ('鲁A50027', '427', '370123199211031227', '2016-06-01', 'biyadi', null);
INSERT INTO `carinfo` VALUES ('鲁A50028', '428', '370201199312041228', '2016-06-01', 'dazhong', null);
INSERT INTO `carinfo` VALUES ('鲁A50029', '429', '370202199401051229', '2016-06-01', 'fengtian', null);
INSERT INTO `carinfo` VALUES ('鲁A50030', '430', '370203199502061230', '2016-06-01', 'fute', null);
INSERT INTO `carinfo` VALUES ('鲁A50031', '431', '370205199603071231', '2016-06-01', 'mazhida', null);
INSERT INTO `carinfo` VALUES ('鲁A50032', '432', '370211199704081232', '2016-06-01', 'qirui', null);
INSERT INTO `carinfo` VALUES ('鲁A50033', '433', '370212199805091233', '2016-06-01', 'richan', null);
INSERT INTO `carinfo` VALUES ('鲁A50034', '434', '370213199906101234', '2016-06-01', 'sanling', null);
INSERT INTO `carinfo` VALUES ('鲁A50035', '435', '370214199107111235', '2016-06-01', 'sibalu', null);
INSERT INTO `carinfo` VALUES ('鲁A50036', '436', '370281199208121236', '2016-06-01', 'tesila', null);
INSERT INTO `carinfo` VALUES ('鲁A50037', '437', '370282199309131237', '2016-06-01', 'voervo', null);
INSERT INTO `carinfo` VALUES ('鲁A50038', '438', '370283199410141238', '2016-06-01', 'xiandai', null);
INSERT INTO `carinfo` VALUES ('鲁A50039', '439', '370284199511151239', '2016-06-01', 'xuefulan', null);
INSERT INTO `carinfo` VALUES ('鲁A50040', '440', '370285199612161240', '2016-06-01', 'zhonghua', null);
INSERT INTO `carinfo` VALUES ('鲁A50041', '441', '370101199701171241', '2016-06-01', 'audi', null);
INSERT INTO `carinfo` VALUES ('鲁A50042', '442', '370102199802181242', '2016-06-01', 'baoma', null);
INSERT INTO `carinfo` VALUES ('鲁A50043', '443', '370103199903191243', '2016-06-01', 'benchi', null);
INSERT INTO `carinfo` VALUES ('鲁A50044', '444', '370104199504201244', '2016-06-01', 'bentian', null);
INSERT INTO `carinfo` VALUES ('鲁A50045', '445', '370105199605211245', '2016-06-01', 'biaozhi', null);
INSERT INTO `carinfo` VALUES ('鲁A50046', '446', '370112199706221246', '2016-06-01', 'bieke', null);
INSERT INTO `carinfo` VALUES ('鲁A50047', '447', '370123199807231247', '2016-06-01', 'biyadi', null);
INSERT INTO `carinfo` VALUES ('鲁A50048', '448', '370201199908241248', '2016-06-01', 'dazhong', null);
INSERT INTO `carinfo` VALUES ('鲁A50049', '449', '370202199109251249', '2016-06-01', 'fengtian', null);
INSERT INTO `carinfo` VALUES ('鲁A50050', '450', '370203199210261250', '2016-06-01', 'fute', null);
INSERT INTO `carinfo` VALUES ('鲁A50051', '451', '370205199311271251', '2016-06-01', 'mazhida', null);
INSERT INTO `carinfo` VALUES ('鲁A50052', '452', '370211199412281252', '2016-06-01', 'qirui', null);
INSERT INTO `carinfo` VALUES ('鲁A50053', '453', '370212199501011253', '2016-06-01', 'richan', null);
INSERT INTO `carinfo` VALUES ('鲁A50054', '454', '370213199602021254', '2016-06-01', 'sanling', null);
INSERT INTO `carinfo` VALUES ('鲁A50055', '455', '370214199703031255', '2016-06-01', 'sibalu', null);
INSERT INTO `carinfo` VALUES ('鲁A50056', '456', '370281199804041256', '2016-06-01', 'tesila', null);
INSERT INTO `carinfo` VALUES ('鲁A50057', '457', '370282199905051257', '2016-06-01', 'voervo', null);
INSERT INTO `carinfo` VALUES ('鲁A50058', '458', '370283199106061258', '2016-06-01', 'xiandai', null);
INSERT INTO `carinfo` VALUES ('鲁A50059', '459', '370284199207071259', '2016-06-01', 'xuefulan', null);
INSERT INTO `carinfo` VALUES ('鲁A50060', '460', '370285199308081260', '2016-06-01', 'zhonghua', null);
INSERT INTO `carinfo` VALUES ('鲁A50061', '461', '370101199409091261', '2016-06-01', 'audi', null);
INSERT INTO `carinfo` VALUES ('鲁A50062', '462', '370102199510101262', '2016-06-01', 'baoma', null);
INSERT INTO `carinfo` VALUES ('鲁A50063', '463', '370103199611111263', '2016-06-01', 'benchi', null);
INSERT INTO `carinfo` VALUES ('鲁A50064', '464', '370104199712121264', '2016-06-01', 'bentian', null);
INSERT INTO `carinfo` VALUES ('鲁A50065', '465', '370105199801131265', '2016-06-01', 'biaozhi', null);
INSERT INTO `carinfo` VALUES ('鲁A50066', '466', '370112199902141266', '2016-06-01', 'bieke', null);
INSERT INTO `carinfo` VALUES ('鲁A50067', '467', '370123199503151267', '2016-06-01', 'biyadi', null);
INSERT INTO `carinfo` VALUES ('鲁A50068', '468', '370201199604161268', '2016-06-01', 'dazhong', null);
INSERT INTO `carinfo` VALUES ('鲁A50069', '469', '370202199705171269', '2016-06-01', 'fengtian', null);
INSERT INTO `carinfo` VALUES ('鲁A50070', '470', '370203199806181270', '2016-06-01', 'fute', null);
INSERT INTO `carinfo` VALUES ('鲁A50071', '471', '370205199907191271', '2016-06-01', 'mazhida', null);
INSERT INTO `carinfo` VALUES ('鲁A50072', '472', '370211199108201272', '2016-06-01', 'qirui', null);
INSERT INTO `carinfo` VALUES ('鲁A50073', '473', '370212199209211273', '2016-06-01', 'richan', null);
INSERT INTO `carinfo` VALUES ('鲁A50074', '474', '370213199310221274', '2016-06-01', 'sanling', null);
INSERT INTO `carinfo` VALUES ('鲁A50075', '475', '370214199411231275', '2016-06-01', 'sibalu', null);
INSERT INTO `carinfo` VALUES ('鲁A50076', '476', '370281199512241276', '2016-06-01', 'tesila', null);
INSERT INTO `carinfo` VALUES ('鲁A50077', '477', '370282199601251277', '2016-06-01', 'voervo', null);
INSERT INTO `carinfo` VALUES ('鲁A50078', '478', '370283199702261278', '2016-06-01', 'xiandai', null);
INSERT INTO `carinfo` VALUES ('鲁A50079', '479', '370284199803271279', '2016-06-01', 'xuefulan', null);
INSERT INTO `carinfo` VALUES ('鲁A50080', '480', '370285199904281280', '2016-06-01', 'zhonghua', null);
INSERT INTO `carinfo` VALUES ('鲁A50081', '481', '370101199105011281', '2016-06-01', 'audi', null);
INSERT INTO `carinfo` VALUES ('鲁A50082', '482', '370102199206021282', '2016-06-01', 'baoma', null);
INSERT INTO `carinfo` VALUES ('鲁A50083', '483', '370103199307031283', '2016-06-01', 'benchi', null);
INSERT INTO `carinfo` VALUES ('鲁A50084', '484', '370104199408041284', '2016-06-01', 'bentian', null);
INSERT INTO `carinfo` VALUES ('鲁A50085', '485', '370105199509051285', '2016-06-01', 'biaozhi', null);
INSERT INTO `carinfo` VALUES ('鲁A50086', '486', '370213199310221274', '2016-06-01', 'bieke', null);
INSERT INTO `carinfo` VALUES ('鲁A50087', '487', '370214199411231275', '2016-06-01', 'biyadi', null);
INSERT INTO `carinfo` VALUES ('鲁A50088', '488', '370281199512241276', '2016-06-01', 'dazhong', null);
INSERT INTO `carinfo` VALUES ('鲁A50089', '489', '370282199601251277', '2016-06-01', 'fengtian', null);
INSERT INTO `carinfo` VALUES ('鲁A50090', '490', '370283199702261278', '2016-06-01', 'fute', null);
INSERT INTO `carinfo` VALUES ('鲁A50091', '491', '370284199803271279', '2016-06-01', 'mazhida', null);
INSERT INTO `carinfo` VALUES ('鲁A50092', '492', '370285199904281280', '2016-06-01', 'qirui', null);
INSERT INTO `carinfo` VALUES ('鲁A50093', '493', '370101199105011281', '2016-06-01', 'richan', null);
INSERT INTO `carinfo` VALUES ('鲁A50094', '494', '370102199206021282', '2016-06-01', 'sanling', null);
INSERT INTO `carinfo` VALUES ('鲁A50095', '495', '370103199307031283', '2016-06-01', 'sibalu', null);
INSERT INTO `carinfo` VALUES ('鲁A50096', '496', '370104199408041284', '2016-06-01', 'tesila', null);
INSERT INTO `carinfo` VALUES ('鲁A50097', '497', '370105199509051285', '2016-06-01', 'voervo', null);
INSERT INTO `carinfo` VALUES ('鲁A50098', '498', '370213199310221274', '2016-06-01', 'xiandai', null);
INSERT INTO `carinfo` VALUES ('鲁A50099', '499', '370214199411231275', '2016-06-01', 'xuefulan', null);
INSERT INTO `carinfo` VALUES ('鲁A50100', '500', '370281199512241276', '2016-06-01', 'dazhong', null);
INSERT INTO `carinfo` VALUES ('鲁B10001', '1', '370101196101011001', '2016-06-01', 'audi', null);
INSERT INTO `carinfo` VALUES ('鲁B10002', '2', '370102196202021002', '2016-06-01', 'baoma', null);
INSERT INTO `carinfo` VALUES ('鲁B10003', '3', '370103196303031003', '2016-06-01', 'benchi', null);
INSERT INTO `carinfo` VALUES ('鲁B10004', '4', '370101196101011001', '2016-06-01', 'bentian', null);
INSERT INTO `carinfo` VALUES ('鲁B10005', '5', '370102196202021002', '2016-06-01', 'biaozhi', null);
INSERT INTO `carinfo` VALUES ('鲁B10006', '6', '370103196303031003', '2016-06-01', 'bieke', null);
INSERT INTO `carinfo` VALUES ('鲁B10007', '7', '370101196101011001', '2016-06-01', 'biyadi', null);
INSERT INTO `carinfo` VALUES ('鲁B10008', '8', '370102196202021002', '2016-06-01', 'dazhong', null);
INSERT INTO `carinfo` VALUES ('鲁B10009', '9', '370103196303031003', '2016-06-01', 'fengtian', null);
INSERT INTO `carinfo` VALUES ('鲁B10010', '10', '370101196101011001', '2016-06-01', 'fute', null);
INSERT INTO `carinfo` VALUES ('鲁B10011', '11', '370112196606061006', '2016-06-01', 'mazhida', null);
INSERT INTO `carinfo` VALUES ('鲁B10012', '12', '370123196707071007', '2016-06-01', 'qirui', null);
INSERT INTO `carinfo` VALUES ('鲁B10013', '13', '370201196808081008', '2016-06-01', 'richan', null);
INSERT INTO `carinfo` VALUES ('鲁B10014', '14', '370202196909091009', '2016-06-01', 'sanling', null);
INSERT INTO `carinfo` VALUES ('鲁B10015', '15', '370203196110101010', '2016-06-01', 'sibalu', null);
INSERT INTO `carinfo` VALUES ('鲁B10016', '16', '370205196211111011', '2016-06-01', 'tesila', null);
INSERT INTO `carinfo` VALUES ('鲁B10017', '17', '370211196312121012', '2016-06-01', 'voervo', null);
INSERT INTO `carinfo` VALUES ('鲁B10018', '18', '370212196401131013', '2016-06-01', 'xiandai', null);
INSERT INTO `carinfo` VALUES ('鲁B10019', '19', '370213196502141014', '2016-06-01', 'xuefulan', null);
INSERT INTO `carinfo` VALUES ('鲁B10020', '20', '370214196603151015', '2016-06-01', 'zhonghua', null);
INSERT INTO `carinfo` VALUES ('鲁B10021', '21', '370281196704161016', '2016-06-01', 'audi', null);
INSERT INTO `carinfo` VALUES ('鲁B10022', '22', '370282196805171017', '2016-06-01', 'baoma', null);
INSERT INTO `carinfo` VALUES ('鲁B10023', '23', '370283196906181018', '2016-06-01', 'benchi', null);
INSERT INTO `carinfo` VALUES ('鲁B10024', '24', '370284196107191019', '2016-06-01', 'bentian', null);
INSERT INTO `carinfo` VALUES ('鲁B10025', '25', '370285196208201020', '2016-06-01', 'biaozhi', null);
INSERT INTO `carinfo` VALUES ('鲁B10026', '26', '370101196309211021', '2016-06-01', 'bieke', null);
INSERT INTO `carinfo` VALUES ('鲁B10027', '27', '370102196410221022', '2016-06-01', 'biyadi', null);
INSERT INTO `carinfo` VALUES ('鲁B10028', '28', '370103196511231023', '2016-06-01', 'dazhong', null);
INSERT INTO `carinfo` VALUES ('鲁B10029', '29', '370104196612241024', '2016-06-01', 'fengtian', null);
INSERT INTO `carinfo` VALUES ('鲁B10030', '30', '370105196701251025', '2016-06-01', 'fute', null);
INSERT INTO `carinfo` VALUES ('鲁B10031', '31', '370112196802261026', '2016-06-01', 'mazhida', null);
INSERT INTO `carinfo` VALUES ('鲁B10032', '32', '370123196903271027', '2016-06-01', 'qirui', null);
INSERT INTO `carinfo` VALUES ('鲁B10033', '33', '370112196606061006', '2016-06-01', 'richan', null);
INSERT INTO `carinfo` VALUES ('鲁B10034', '34', '370123196707071007', '2016-06-01', 'sanling', null);
INSERT INTO `carinfo` VALUES ('鲁B10035', '35', '370201196808081008', '2016-06-01', 'sibalu', null);
INSERT INTO `carinfo` VALUES ('鲁B10036', '36', '370202196909091009', '2016-06-01', 'tesila', null);
INSERT INTO `carinfo` VALUES ('鲁B10037', '37', '370203196110101010', '2016-06-01', 'voervo', null);
INSERT INTO `carinfo` VALUES ('鲁B10038', '38', '370205196211111011', '2016-06-01', 'xiandai', null);
INSERT INTO `carinfo` VALUES ('鲁B10039', '39', '370211196312121012', '2016-06-01', 'xuefulan', null);
INSERT INTO `carinfo` VALUES ('鲁B10040', '40', '370212196401131013', '2016-06-01', 'zhonghua', null);
INSERT INTO `carinfo` VALUES ('鲁B10041', '41', '370213196502141014', '2016-06-01', 'audi', null);
INSERT INTO `carinfo` VALUES ('鲁B10042', '42', '370214196603151015', '2016-06-01', 'baoma', null);
INSERT INTO `carinfo` VALUES ('鲁B10043', '43', '370281196704161016', '2016-06-01', 'benchi', null);
INSERT INTO `carinfo` VALUES ('鲁B10044', '44', '370282196805171017', '2016-06-01', 'bentian', null);
INSERT INTO `carinfo` VALUES ('鲁B10045', '45', '370283196906181018', '2016-06-01', 'biaozhi', null);
INSERT INTO `carinfo` VALUES ('鲁B10046', '46', '370284196107191019', '2016-06-01', 'bieke', null);
INSERT INTO `carinfo` VALUES ('鲁B10047', '47', '370285196208201020', '2016-06-01', 'biyadi', null);
INSERT INTO `carinfo` VALUES ('鲁B10048', '48', '370101196309211021', '2016-06-01', 'dazhong', null);
INSERT INTO `carinfo` VALUES ('鲁B10049', '49', '370102196410221022', '2016-06-01', 'fengtian', null);
INSERT INTO `carinfo` VALUES ('鲁B10050', '50', '370103196511231023', '2016-06-01', 'fute', null);
INSERT INTO `carinfo` VALUES ('鲁B10051', '51', '370104196612241024', '2016-06-01', 'mazhida', null);
INSERT INTO `carinfo` VALUES ('鲁B10052', '52', '370105196701251025', '2016-06-01', 'qirui', null);
INSERT INTO `carinfo` VALUES ('鲁B10053', '53', '370112196802261026', '2016-06-01', 'richan', null);
INSERT INTO `carinfo` VALUES ('鲁B10054', '54', '370123196903271027', '2016-06-01', 'sanling', null);
INSERT INTO `carinfo` VALUES ('鲁B10055', '55', '370112196606061006', '2016-06-01', 'sibalu', null);
INSERT INTO `carinfo` VALUES ('鲁B10056', '56', '370123196707071007', '2016-06-01', 'tesila', null);
INSERT INTO `carinfo` VALUES ('鲁B10057', '57', '370201196808081008', '2016-06-01', 'voervo', null);
INSERT INTO `carinfo` VALUES ('鲁B10058', '58', '370202196909091009', '2016-06-01', 'xiandai', null);
INSERT INTO `carinfo` VALUES ('鲁B10059', '59', '370203196110101010', '2016-06-01', 'xuefulan', null);
INSERT INTO `carinfo` VALUES ('鲁B10060', '60', '370205196211111011', '2016-06-01', 'zhonghua', null);
INSERT INTO `carinfo` VALUES ('鲁B10061', '61', '370211196312121012', '2016-06-01', 'audi', null);
INSERT INTO `carinfo` VALUES ('鲁B10062', '62', '370212196401131013', '2016-06-01', 'baoma', null);
INSERT INTO `carinfo` VALUES ('鲁B10063', '63', '370213196502141014', '2016-06-01', 'benchi', null);
INSERT INTO `carinfo` VALUES ('鲁B10064', '64', '370214196603151015', '2016-06-01', 'bentian', null);
INSERT INTO `carinfo` VALUES ('鲁B10065', '65', '370281196704161016', '2016-06-01', 'biaozhi', null);
INSERT INTO `carinfo` VALUES ('鲁B10066', '66', '370282196805171017', '2016-06-01', 'bieke', null);
INSERT INTO `carinfo` VALUES ('鲁B10067', '67', '370283196906181018', '2016-06-01', 'biyadi', null);
INSERT INTO `carinfo` VALUES ('鲁B10068', '68', '370284196107191019', '2016-06-01', 'dazhong', null);
INSERT INTO `carinfo` VALUES ('鲁B10069', '69', '370285196208201020', '2016-06-01', 'fengtian', null);
INSERT INTO `carinfo` VALUES ('鲁B10070', '70', '370101196309211021', '2016-06-01', 'fute', null);
INSERT INTO `carinfo` VALUES ('鲁B10071', '71', '370102196410221022', '2016-06-01', 'mazhida', null);
INSERT INTO `carinfo` VALUES ('鲁B10072', '72', '370103196511231023', '2016-06-01', 'qirui', null);
INSERT INTO `carinfo` VALUES ('鲁B10073', '73', '370104196612241024', '2016-06-01', 'richan', null);
INSERT INTO `carinfo` VALUES ('鲁B10074', '74', '370105196701251025', '2016-06-01', 'sanling', null);
INSERT INTO `carinfo` VALUES ('鲁B10075', '75', '370112196802261026', '2016-06-01', 'sibalu', null);
INSERT INTO `carinfo` VALUES ('鲁B10076', '76', '370123196903271027', '2016-06-01', 'tesila', null);
INSERT INTO `carinfo` VALUES ('鲁B10077', '77', '370205196407031031', '2016-06-01', 'voervo', null);
INSERT INTO `carinfo` VALUES ('鲁B10078', '78', '370211196508041032', '2016-06-01', 'xiandai', null);
INSERT INTO `carinfo` VALUES ('鲁B10079', '79', '370212196609051033', '2016-06-01', 'xuefulan', null);
INSERT INTO `carinfo` VALUES ('鲁B10080', '80', '370213196710061034', '2016-06-01', 'zhonghua', null);
INSERT INTO `carinfo` VALUES ('鲁B10081', '81', '370214196811071035', '2016-06-01', 'audi', null);
INSERT INTO `carinfo` VALUES ('鲁B10082', '82', '370281196912081036', '2016-06-01', 'baoma', null);
INSERT INTO `carinfo` VALUES ('鲁B10083', '83', '370282196101091037', '2016-06-01', 'benchi', null);
INSERT INTO `carinfo` VALUES ('鲁B10084', '84', '370283196202101038', '2016-06-01', 'bentian', null);
INSERT INTO `carinfo` VALUES ('鲁B10085', '85', '370284196303111039', '2016-06-01', 'biaozhi', null);
INSERT INTO `carinfo` VALUES ('鲁B10086', '86', '370285196404121040', '2016-06-01', 'bieke', null);
INSERT INTO `carinfo` VALUES ('鲁B10087', '87', '370101196505131041', '2016-06-01', 'biyadi', null);
INSERT INTO `carinfo` VALUES ('鲁B10088', '88', '370102196606141042', '2016-06-01', 'dazhong', null);
INSERT INTO `carinfo` VALUES ('鲁B10089', '89', '370103196707151043', '2016-06-01', 'fengtian', null);
INSERT INTO `carinfo` VALUES ('鲁B10090', '90', '370104196808161044', '2016-06-01', 'fute', null);
INSERT INTO `carinfo` VALUES ('鲁B10091', '91', '370105196909171045', '2016-06-01', 'mazhida', null);
INSERT INTO `carinfo` VALUES ('鲁B10092', '92', '370112197110181046', '2016-06-01', 'qirui', null);
INSERT INTO `carinfo` VALUES ('鲁B10093', '93', '370123197211191047', '2016-06-01', 'richan', null);
INSERT INTO `carinfo` VALUES ('鲁B10094', '94', '370201197312201048', '2016-06-01', 'sanling', null);
INSERT INTO `carinfo` VALUES ('鲁B10095', '95', '370202197401211049', '2016-06-01', 'sibalu', null);
INSERT INTO `carinfo` VALUES ('鲁B10096', '96', '370203197502221050', '2016-06-01', 'tesila', null);
INSERT INTO `carinfo` VALUES ('鲁B10097', '97', '370205197603231051', '2016-06-01', 'voervo', null);
INSERT INTO `carinfo` VALUES ('鲁B10098', '98', '370211197704241052', '2016-06-01', 'xiandai', null);
INSERT INTO `carinfo` VALUES ('鲁B10099', '99', '370212197805251053', '2016-06-01', 'xuefulan', null);
INSERT INTO `carinfo` VALUES ('鲁B10100', '100', '370213197906261054', '2016-06-01', 'zhonghua', null);
INSERT INTO `carinfo` VALUES ('鲁C50101', '500', '370282199601251277', '2016-06-01', 'fengtian', null);
INSERT INTO `carinfo` VALUES ('鲁C50102', '500', '370283199702261278', '2016-06-01', 'fute', null);
INSERT INTO `carinfo` VALUES ('鲁C50103', '500', '370284199803271279', '2016-06-01', 'mazhida', null);
INSERT INTO `carinfo` VALUES ('鲁C50104', '500', '370285199904281280', '2016-06-01', 'qirui', null);
INSERT INTO `carinfo` VALUES ('鲁C50105', '500', '370101199105011281', '2016-06-01', 'richan', null);
INSERT INTO `carinfo` VALUES ('鲁C50106', '500', '370102199206021282', '2016-06-01', 'sanling', null);
INSERT INTO `carinfo` VALUES ('鲁C50107', '500', '370103199307031283', '2016-06-01', 'sibalu', null);
INSERT INTO `carinfo` VALUES ('鲁C50108', '500', '370104199408041284', '2016-06-01', 'tesila', null);
INSERT INTO `carinfo` VALUES ('鲁C50109', '500', '370105199509051285', '2016-06-01', 'voervo', null);
INSERT INTO `carinfo` VALUES ('鲁C50110', '500', '370213199310221274', '2016-06-01', 'xiandai', null);
INSERT INTO `carinfo` VALUES ('鲁C50111', '500', '370214199411231275', '2016-06-01', 'xuefulan', null);
INSERT INTO `carinfo` VALUES ('鲁C50112', '500', '370281199512241276', '2016-06-01', 'zhonghua', null);
INSERT INTO `carinfo` VALUES ('鲁C50113', '500', '370282199601251277', '2016-06-01', 'audi', null);
INSERT INTO `carinfo` VALUES ('鲁C50114', '500', '370283199702261278', '2016-06-01', 'baoma', null);
INSERT INTO `carinfo` VALUES ('鲁C50115', '500', '370284199803271279', '2016-06-01', 'benchi', null);
INSERT INTO `carinfo` VALUES ('鲁C50116', '500', '370285199904281280', '2016-06-01', 'bentian', null);
INSERT INTO `carinfo` VALUES ('鲁C50117', '500', '370101199105011281', '2016-06-01', 'biaozhi', null);
INSERT INTO `carinfo` VALUES ('鲁C50118', '500', '370102199206021282', '2016-06-01', 'bieke', null);
INSERT INTO `carinfo` VALUES ('鲁C50119', '500', '370103199307031283', '2016-06-01', 'biyadi', null);
INSERT INTO `carinfo` VALUES ('鲁C50120', '500', '370104199408041284', '2016-06-01', 'dazhong', null);
INSERT INTO `carinfo` VALUES ('鲁C50121', '500', '370105199509051285', '2016-06-01', 'fengtian', null);
INSERT INTO `carinfo` VALUES ('鲁C50122', '500', '370213199310221274', '2016-06-01', 'fute', null);
INSERT INTO `carinfo` VALUES ('鲁C50123', '500', '370214199411231275', '2016-06-01', 'mazhida', null);
INSERT INTO `carinfo` VALUES ('鲁C50124', '500', '370281199512241276', '2016-06-01', 'qirui', null);
INSERT INTO `carinfo` VALUES ('鲁C50125', '500', '370282199601251277', '2016-06-01', 'richan', null);
INSERT INTO `carinfo` VALUES ('鲁C50126', '500', '370283199702261278', '2016-06-01', 'sanling', null);
INSERT INTO `carinfo` VALUES ('鲁C50127', '500', '370284199803271279', '2016-06-01', 'sibalu', null);
INSERT INTO `carinfo` VALUES ('鲁C50128', '500', '370285199904281280', '2016-06-01', 'tesila', null);
INSERT INTO `carinfo` VALUES ('鲁C50129', '500', '370101199105011281', '2016-06-01', 'voervo', null);
INSERT INTO `carinfo` VALUES ('鲁C50130', '500', '370102199206021282', '2016-06-01', 'xiandai', null);
INSERT INTO `carinfo` VALUES ('鲁C50131', '500', '370103199307031283', '2016-06-01', 'xuefulan', null);
INSERT INTO `carinfo` VALUES ('鲁C50132', '500', '370104199408041284', '2016-06-01', 'zhonghua', null);
INSERT INTO `carinfo` VALUES ('鲁C50133', '500', '370105199509051285', '2016-06-01', 'audi', null);
INSERT INTO `carinfo` VALUES ('鲁C50134', '500', '370213199310221274', '2016-06-01', 'baoma', null);
INSERT INTO `carinfo` VALUES ('鲁C50135', '500', '370214199411231275', '2016-06-01', 'benchi', null);
INSERT INTO `carinfo` VALUES ('鲁C50136', '500', '370281199512241276', '2016-06-01', 'bentian', null);
INSERT INTO `carinfo` VALUES ('鲁C50137', '500', '370282199601251277', '2016-06-01', 'biaozhi', null);
INSERT INTO `carinfo` VALUES ('鲁C50138', '500', '370283199702261278', '2016-06-01', 'bieke', null);
INSERT INTO `carinfo` VALUES ('鲁C50139', '500', '370284199803271279', '2016-06-01', 'biyadi', null);
INSERT INTO `carinfo` VALUES ('鲁C50140', '500', '370285199904281280', '2016-06-01', 'dazhong', null);
INSERT INTO `carinfo` VALUES ('鲁C50141', '500', '370101199105011281', '2016-06-01', 'fengtian', null);
INSERT INTO `carinfo` VALUES ('鲁C50142', '500', '370102199206021282', '2016-06-01', 'fute', null);
INSERT INTO `carinfo` VALUES ('鲁C50143', '500', '370103199307031283', '2016-06-01', 'mazhida', null);
INSERT INTO `carinfo` VALUES ('鲁C50144', '500', '370104199408041284', '2016-06-01', 'qirui', null);
INSERT INTO `carinfo` VALUES ('鲁C50145', '500', '370105199509051285', '2016-06-01', 'richan', null);
INSERT INTO `carinfo` VALUES ('鲁C50146', '500', '370213199310221274', '2016-06-01', 'sanling', null);
INSERT INTO `carinfo` VALUES ('鲁C50147', '500', '370214199411231275', '2016-06-01', 'sibalu', null);
INSERT INTO `carinfo` VALUES ('鲁C50148', '500', '370281199512241276', '2016-06-01', 'tesila', null);
INSERT INTO `carinfo` VALUES ('鲁C50149', '500', '370282199601251277', '2016-06-01', 'voervo', null);
INSERT INTO `carinfo` VALUES ('鲁C50150', '500', '370283199702261278', '2016-06-01', 'xiandai', null);
INSERT INTO `carinfo` VALUES ('鲁C50151', '500', '370284199803271279', '2016-06-01', 'xuefulan', null);
INSERT INTO `carinfo` VALUES ('鲁C50152', '500', '370285199904281280', '2016-06-01', 'zhonghua', null);
INSERT INTO `carinfo` VALUES ('鲁C50153', '500', '370101199105011281', '2016-06-01', 'audi', null);
INSERT INTO `carinfo` VALUES ('鲁C50154', '500', '370102199206021282', '2016-06-01', 'baoma', null);
INSERT INTO `carinfo` VALUES ('鲁C50155', '500', '370103199307031283', '2016-06-01', 'benchi', null);
INSERT INTO `carinfo` VALUES ('鲁C50156', '500', '370104199408041284', '2016-06-01', 'bentian', null);
INSERT INTO `carinfo` VALUES ('鲁C50157', '500', '370105199509051285', '2016-06-01', 'biaozhi', null);
INSERT INTO `carinfo` VALUES ('鲁C50158', '500', '370213199310221274', '2016-06-01', 'bieke', null);
INSERT INTO `carinfo` VALUES ('鲁C50159', '500', '370214199411231275', '2016-06-01', 'biyadi', null);
INSERT INTO `carinfo` VALUES ('鲁C50160', '500', '370281199512241276', '2016-06-01', 'dazhong', null);
INSERT INTO `carinfo` VALUES ('鲁C50161', '500', '370282199601251277', '2016-06-01', 'fengtian', null);
INSERT INTO `carinfo` VALUES ('鲁C50162', '500', '370283199702261278', '2016-06-01', 'fute', null);
INSERT INTO `carinfo` VALUES ('鲁C50163', '500', '370284199803271279', '2016-06-01', 'mazhida', null);
INSERT INTO `carinfo` VALUES ('鲁C50164', '500', '370285199904281280', '2016-06-01', 'qirui', null);
INSERT INTO `carinfo` VALUES ('鲁C50165', '500', '370101199105011281', '2016-06-01', 'richan', null);
INSERT INTO `carinfo` VALUES ('鲁C50166', '500', '370102199206021282', '2016-06-01', 'sanling', null);
INSERT INTO `carinfo` VALUES ('鲁C50167', '500', '370103199307031283', '2016-06-01', 'sibalu', null);
INSERT INTO `carinfo` VALUES ('鲁C50168', '500', '370104199408041284', '2016-06-01', 'tesila', null);
INSERT INTO `carinfo` VALUES ('鲁C50169', '500', '370105199509051285', '2016-06-01', 'voervo', null);
INSERT INTO `carinfo` VALUES ('鲁C50170', '500', '370213199310221274', '2016-06-01', 'xiandai', null);

-- ----------------------------
-- Table structure for `peccancy`
-- ----------------------------
DROP TABLE IF EXISTS `peccancy`;
CREATE TABLE `peccancy` (
  `id` int(11) NOT NULL AUTO_INCREMENT,
  `carnumber` varchar(20) NOT NULL,
  `pcode` varchar(20) NOT NULL,
  `pdatetime` datetime NOT NULL,
  `paddr` varchar(50) NOT NULL,
  PRIMARY KEY (`id`)
) ENGINE=InnoDB AUTO_INCREMENT=2478 DEFAULT CHARSET=utf8;

-- ----------------------------
-- Records of peccancy
-- ----------------------------
INSERT INTO `peccancy` VALUES ('1', '鲁B10001', '1001A　　', '2016-05-21 08:19:21', '北京路');
INSERT INTO `peccancy` VALUES ('2', '鲁B10002', '1001B　　', '2016-05-22 09:19:21', '重庆路');
INSERT INTO `peccancy` VALUES ('3', '鲁B10003', '1002A　　', '2016-05-23 10:19:21', '沈阳路');
INSERT INTO `peccancy` VALUES ('4', '鲁B10014', '1002B　　', '2016-05-24 11:19:21', '南京路');
INSERT INTO `peccancy` VALUES ('5', '鲁B10015', '1005A　　', '2016-05-25 12:19:21', '上海路');
INSERT INTO `peccancy` VALUES ('6', '鲁B10016', '1005B　　', '2016-05-26 13:19:21', '广州路');
INSERT INTO `peccancy` VALUES ('7', '鲁B10017', '1006A　　', '2016-05-27 14:19:21', '高速公路');
INSERT INTO `peccancy` VALUES ('8', '鲁B10018', '1006B　　', '2016-05-28 15:19:21', '北京路');
INSERT INTO `peccancy` VALUES ('9', '鲁B10019', '1007', '2016-05-29 16:19:21', '重庆路');
INSERT INTO `peccancy` VALUES ('10', '鲁B10020', '1008', '2016-05-30 17:19:21', '沈阳路');
INSERT INTO `peccancy` VALUES ('11', '鲁B10021', '1009', '2016-05-31 18:19:21', '南京路');
INSERT INTO `peccancy` VALUES ('12', '鲁B10022', '1010A　　', '2016-06-01 19:19:21', '上海路');
INSERT INTO `peccancy` VALUES ('13', '鲁B10023', '1010B 　', '2016-06-02 20:19:21', '上海路');
INSERT INTO `peccancy` VALUES ('14', '鲁B10024', '1011', '2016-06-03 21:19:21', '上海路');
INSERT INTO `peccancy` VALUES ('15', '鲁B10025', '1012', '2016-06-04 22:19:21', '上海路');
INSERT INTO `peccancy` VALUES ('16', '鲁B10026', '1013', '2016-06-05 23:19:21', '上海路');
INSERT INTO `peccancy` VALUES ('17', '鲁B10027', '1014', '2016-06-06 00:19:21', '上海路');
INSERT INTO `peccancy` VALUES ('18', '鲁B10028', '1015', '2016-06-07 01:19:21', '上海路');
INSERT INTO `peccancy` VALUES ('19', '鲁B10029', '1016', '2016-06-08 02:19:21', '上海路');
INSERT INTO `peccancy` VALUES ('20', '鲁B10030', '1017', '2016-06-09 03:19:21', '上海路');
INSERT INTO `peccancy` VALUES ('21', '鲁B10031', '1018', '2016-06-10 04:19:21', '上海路');
INSERT INTO `peccancy` VALUES ('22', '鲁B10032', '1019', '2016-06-11 05:19:21', '上海路');
INSERT INTO `peccancy` VALUES ('23', '鲁B10033', '1020', '2016-06-12 06:19:21', '上海路');
INSERT INTO `peccancy` VALUES ('24', '鲁B10034', '1021', '2016-06-13 07:19:21', '上海路');
INSERT INTO `peccancy` VALUES ('25', '鲁B10035', '1022', '2016-06-14 08:19:21', '上海路');
INSERT INTO `peccancy` VALUES ('26', '鲁B10036', '1023', '2016-06-15 09:19:21', '上海路');
INSERT INTO `peccancy` VALUES ('27', '鲁B10037', '1024', '2016-06-16 10:19:21', '上海路');
INSERT INTO `peccancy` VALUES ('28', '鲁B10038', '1025', '2016-06-17 11:19:21', '上海路');
INSERT INTO `peccancy` VALUES ('29', '鲁B10039', '1026', '2016-06-18 12:19:21', '上海路');
INSERT INTO `peccancy` VALUES ('30', '鲁B10040', '1027', '2016-06-19 13:19:21', '上海路');
INSERT INTO `peccancy` VALUES ('31', '鲁B10041', '1028', '2016-06-20 14:19:21', '上海路');
INSERT INTO `peccancy` VALUES ('32', '鲁B10042', '1029', '2016-06-21 15:19:21', '上海路');
INSERT INTO `peccancy` VALUES ('33', '鲁B10043', '1030', '2016-06-22 16:19:21', '上海路');
INSERT INTO `peccancy` VALUES ('34', '鲁B10044', '1031', '2016-06-23 17:19:21', '上海路');
INSERT INTO `peccancy` VALUES ('35', '鲁B10045', '1032', '2016-06-24 18:19:21', '上海路');
INSERT INTO `peccancy` VALUES ('36', '鲁B10046', '1033', '2016-06-25 19:19:21', '上海路');
INSERT INTO `peccancy` VALUES ('37', '鲁B10014', '1034', '2016-06-26 20:19:21', '上海路');
INSERT INTO `peccancy` VALUES ('38', '鲁B10015', '1035', '2016-06-27 21:19:21', '上海路');
INSERT INTO `peccancy` VALUES ('39', '鲁B10016', '1036', '2016-06-28 22:19:21', '上海路');
INSERT INTO `peccancy` VALUES ('40', '鲁B10017', '1037', '2016-06-29 23:19:21', '上海路');
INSERT INTO `peccancy` VALUES ('41', '鲁B10018', '1038', '2016-06-30 00:19:21', '上海路');
INSERT INTO `peccancy` VALUES ('42', '鲁B10019', '1039', '2016-07-01 01:19:21', '上海路');
INSERT INTO `peccancy` VALUES ('43', '鲁B10020', '1040', '2016-07-02 02:19:21', '上海路');
INSERT INTO `peccancy` VALUES ('44', '鲁B10021', '1041', '2016-07-03 03:19:21', '上海路');
INSERT INTO `peccancy` VALUES ('45', '鲁B10022', '1042', '2016-07-04 04:19:21', '上海路');
INSERT INTO `peccancy` VALUES ('46', '鲁B10023', '1043', '2016-07-05 05:19:21', '上海路');
INSERT INTO `peccancy` VALUES ('47', '鲁B10024', '1044', '2016-07-06 06:19:21', '上海路');
INSERT INTO `peccancy` VALUES ('48', '鲁B10025', '1045', '2016-07-07 07:19:21', '上海路');
INSERT INTO `peccancy` VALUES ('49', '鲁B10026', '1046', '2016-07-08 08:19:21', '上海路');
INSERT INTO `peccancy` VALUES ('50', '鲁B10027', '1047', '2016-07-09 09:19:21', '上海路');
INSERT INTO `peccancy` VALUES ('51', '鲁B10028', '1048', '2016-07-10 10:19:21', '上海路');
INSERT INTO `peccancy` VALUES ('52', '鲁B10029', '1049', '2016-07-11 11:19:21', '上海路');
INSERT INTO `peccancy` VALUES ('53', '鲁B10030', '1050', '2016-07-12 12:19:21', '上海路');
INSERT INTO `peccancy` VALUES ('54', '鲁B10031', '1051', '2016-07-13 13:19:21', '上海路');
INSERT INTO `peccancy` VALUES ('55', '鲁B10032', '1052', '2016-07-14 14:19:21', '上海路');
INSERT INTO `peccancy` VALUES ('56', '鲁B10033', '1053', '2016-07-15 15:19:21', '上海路');
INSERT INTO `peccancy` VALUES ('57', '鲁B10034', '1054', '2016-07-16 16:19:21', '上海路');
INSERT INTO `peccancy` VALUES ('58', '鲁B10035', '1055', '2016-07-17 17:19:21', '重庆路');
INSERT INTO `peccancy` VALUES ('59', '鲁B10036', '1056', '2016-07-18 18:19:21', '沈阳路');
INSERT INTO `peccancy` VALUES ('60', '鲁B10037', '1057', '2016-07-19 19:19:21', '南京路');
INSERT INTO `peccancy` VALUES ('61', '鲁B10038', '1058', '2016-07-20 20:19:21', '上海路');
INSERT INTO `peccancy` VALUES ('62', '鲁B10039', '1059', '2016-07-21 21:19:21', '广州路');
INSERT INTO `peccancy` VALUES ('63', '鲁B10040', '1060', '2016-07-22 22:19:21', '高速公路');
INSERT INTO `peccancy` VALUES ('64', '鲁B10041', '1061', '2016-07-23 23:19:21', '北京路');
INSERT INTO `peccancy` VALUES ('65', '鲁B10042', '1062', '2016-07-24 00:19:21', '北京路');
INSERT INTO `peccancy` VALUES ('66', '鲁B10043', '1063', '2016-07-25 01:19:21', '北京路');
INSERT INTO `peccancy` VALUES ('67', '鲁B10044', '1064', '2016-07-26 02:19:21', '北京路');
INSERT INTO `peccancy` VALUES ('68', '鲁B10045', '1065', '2016-07-27 03:19:21', '北京路');
INSERT INTO `peccancy` VALUES ('69', '鲁B10046', '1066', '2016-07-28 04:19:21', '北京路');
INSERT INTO `peccancy` VALUES ('70', '鲁A20026', '1067', '2016-07-29 05:19:21', '北京路');
INSERT INTO `peccancy` VALUES ('71', '鲁A20027', '1068', '2016-07-30 06:19:21', '北京路');
INSERT INTO `peccancy` VALUES ('72', '鲁A20028', '1069', '2016-07-31 07:19:21', '北京路');
INSERT INTO `peccancy` VALUES ('73', '鲁A20029', '1070', '2016-08-01 08:19:21', '北京路');
INSERT INTO `peccancy` VALUES ('74', '鲁A20030', '1071', '2016-08-02 09:19:21', '北京路');
INSERT INTO `peccancy` VALUES ('75', '鲁A20031', '1072', '2016-08-03 10:19:21', '北京路');
INSERT INTO `peccancy` VALUES ('76', '鲁A20032', '1073', '2016-08-04 11:19:21', '广州路');
INSERT INTO `peccancy` VALUES ('77', '鲁A20033', '1101', '2016-08-05 12:19:21', '高速公路');
INSERT INTO `peccancy` VALUES ('78', '鲁A20034', '1102', '2016-08-06 13:19:21', '北京路');
INSERT INTO `peccancy` VALUES ('79', '鲁A20035', '1103', '2016-08-07 14:19:21', '重庆路');
INSERT INTO `peccancy` VALUES ('80', '鲁A20036', '1104', '2016-08-08 15:19:21', '沈阳路');
INSERT INTO `peccancy` VALUES ('81', '鲁A20037', '1105', '2016-08-09 16:19:21', '南京路');
INSERT INTO `peccancy` VALUES ('82', '鲁A20038', '1106', '2016-08-10 17:19:21', '上海路');
INSERT INTO `peccancy` VALUES ('83', '鲁A20039', '1107', '2016-08-11 18:19:21', '广州路');
INSERT INTO `peccancy` VALUES ('84', '鲁A20040', '1108', '2016-08-12 19:19:21', '高速公路');
INSERT INTO `peccancy` VALUES ('85', '鲁A20041', '1109', '2016-08-13 20:19:21', '北京路');
INSERT INTO `peccancy` VALUES ('86', '鲁A20042', '1110', '2016-08-14 21:19:21', '重庆路');
INSERT INTO `peccancy` VALUES ('87', '鲁A20043', '1201', '2016-08-15 22:19:21', '沈阳路');
INSERT INTO `peccancy` VALUES ('88', '鲁A20044', '1202', '2016-08-16 23:19:21', '南京路');
INSERT INTO `peccancy` VALUES ('89', '鲁A20045', '1203', '2016-08-17 00:19:21', '上海路');
INSERT INTO `peccancy` VALUES ('90', '鲁A20046', '1204', '2016-08-18 01:19:21', '广州路');
INSERT INTO `peccancy` VALUES ('91', '鲁A20047', '1205', '2016-08-19 02:19:21', '高速公路');
INSERT INTO `peccancy` VALUES ('92', '鲁A20048', '1206', '2016-08-20 03:19:21', '北京路');
INSERT INTO `peccancy` VALUES ('93', '鲁A20049', '1207', '2016-08-21 04:19:21', '重庆路');
INSERT INTO `peccancy` VALUES ('94', '鲁A20050', '1208', '2016-08-22 05:19:21', '沈阳路');
INSERT INTO `peccancy` VALUES ('95', '鲁A20051', '1209', '2016-08-23 06:19:21', '南京路');
INSERT INTO `peccancy` VALUES ('96', '鲁A20052', '1210', '2016-08-24 07:19:21', '上海路');
INSERT INTO `peccancy` VALUES ('97', '鲁A20087', '1212', '2016-08-25 08:19:21', '广州路');
INSERT INTO `peccancy` VALUES ('98', '鲁A20088', '1213', '2016-08-26 09:19:21', '高速公路');
INSERT INTO `peccancy` VALUES ('99', '鲁A20089', '1214', '2016-08-27 10:19:21', '北京路');
INSERT INTO `peccancy` VALUES ('100', '鲁A20090', '1215', '2016-08-28 11:19:21', '重庆路');
INSERT INTO `peccancy` VALUES ('101', '鲁A20091', '1216', '2016-08-29 12:19:21', '沈阳路');
INSERT INTO `peccancy` VALUES ('102', '鲁A20092', '1217', '2016-08-30 13:19:21', '南京路');
INSERT INTO `peccancy` VALUES ('103', '鲁A20093', '1218', '2016-08-31 14:19:21', '上海路');
INSERT INTO `peccancy` VALUES ('104', '鲁A20094', '1219', '2016-09-01 15:19:21', '广州路');
INSERT INTO `peccancy` VALUES ('105', '鲁A20087', '1220', '2016-09-02 16:19:21', '高速公路');
INSERT INTO `peccancy` VALUES ('106', '鲁A20088', '1221', '2016-09-03 17:19:21', '北京路');
INSERT INTO `peccancy` VALUES ('107', '鲁A20089', '1222', '2016-09-04 18:19:21', '重庆路');
INSERT INTO `peccancy` VALUES ('108', '鲁A20090', '1223', '2016-09-05 19:19:21', '沈阳路');
INSERT INTO `peccancy` VALUES ('109', '鲁A20091', '1224', '2016-09-06 20:19:21', '南京路');
INSERT INTO `peccancy` VALUES ('110', '鲁A20092', '1225', '2016-09-07 21:19:21', '上海路');
INSERT INTO `peccancy` VALUES ('111', '鲁A20093', '1226', '2016-09-08 22:19:21', '广州路');
INSERT INTO `peccancy` VALUES ('112', '鲁A20094', '1227', '2016-09-09 23:19:21', '高速公路');
INSERT INTO `peccancy` VALUES ('113', '鲁A20089', '1228', '2016-09-10 00:19:21', '北京路');
INSERT INTO `peccancy` VALUES ('114', '鲁A20090', '1229', '2016-09-11 01:19:21', '重庆路');
INSERT INTO `peccancy` VALUES ('115', '鲁A20091', '1230', '2016-09-12 02:19:21', '沈阳路');
INSERT INTO `peccancy` VALUES ('116', '鲁A20092', '1231', '2016-09-13 03:19:21', '南京路');
INSERT INTO `peccancy` VALUES ('117', '鲁A20093', '1232', '2016-09-14 04:19:21', '上海路');
INSERT INTO `peccancy` VALUES ('118', '鲁A20094', '1233', '2016-09-15 05:19:21', '广州路');
INSERT INTO `peccancy` VALUES ('119', '鲁A20089', '1234', '2016-09-16 06:19:21', '高速公路');
INSERT INTO `peccancy` VALUES ('120', '鲁A20090', '1235', '2016-09-17 07:19:21', '北京路');
INSERT INTO `peccancy` VALUES ('121', '鲁A20091', '1236', '2016-09-18 08:19:21', '重庆路');
INSERT INTO `peccancy` VALUES ('122', '鲁A20092', '1237', '2016-09-19 09:19:21', '沈阳路');
INSERT INTO `peccancy` VALUES ('123', '鲁A20093', '1238', '2016-09-20 10:19:21', '南京路');
INSERT INTO `peccancy` VALUES ('124', '鲁A20094', '1301', '2016-09-21 11:19:21', '上海路');
INSERT INTO `peccancy` VALUES ('125', '鲁A20089', '1303', '2016-09-22 12:19:21', '广州路');
INSERT INTO `peccancy` VALUES ('126', '鲁A20090', '1304', '2016-09-23 13:19:21', '高速公路');
INSERT INTO `peccancy` VALUES ('127', '鲁A20091', '1305', '2016-09-24 14:19:21', '北京路');
INSERT INTO `peccancy` VALUES ('128', '鲁A20092', '1306', '2016-09-25 15:19:21', '重庆路');
INSERT INTO `peccancy` VALUES ('129', '鲁A20093', '1307', '2016-09-26 16:19:21', '沈阳路');
INSERT INTO `peccancy` VALUES ('130', '鲁A20094', '1308', '2016-09-27 17:19:21', '南京路');
INSERT INTO `peccancy` VALUES ('131', '鲁A20089', '1309', '2016-09-28 18:19:21', '上海路');
INSERT INTO `peccancy` VALUES ('132', '鲁A20090', '1310', '2016-09-29 19:19:21', '广州路');
INSERT INTO `peccancy` VALUES ('133', '鲁A20091', '1311', '2016-09-30 20:19:21', '高速公路');
INSERT INTO `peccancy` VALUES ('134', '鲁A20092', '1312', '2016-10-01 21:19:21', '北京路');
INSERT INTO `peccancy` VALUES ('135', '鲁A20093', '1313', '2016-10-02 22:19:21', '重庆路');
INSERT INTO `peccancy` VALUES ('136', '鲁A20094', '1314', '2016-10-03 23:19:21', '沈阳路');
INSERT INTO `peccancy` VALUES ('137', '鲁A20089', '1315', '2016-10-04 00:19:21', '南京路');
INSERT INTO `peccancy` VALUES ('138', '鲁A20090', '1316', '2016-10-05 01:19:21', '上海路');
INSERT INTO `peccancy` VALUES ('139', '鲁A20091', '1317', '2016-10-06 02:19:21', '广州路');
INSERT INTO `peccancy` VALUES ('140', '鲁A20092', '1318', '2016-10-07 03:19:21', '高速公路');
INSERT INTO `peccancy` VALUES ('141', '鲁A20093', '1319', '2016-10-08 04:19:21', '北京路');
INSERT INTO `peccancy` VALUES ('142', '鲁A20094', '1320', '2016-10-09 05:19:21', '重庆路');
INSERT INTO `peccancy` VALUES ('143', '鲁A20089', '1321', '2016-10-10 06:19:21', '沈阳路');
INSERT INTO `peccancy` VALUES ('144', '鲁A20090', '1322', '2016-10-11 07:19:21', '南京路');
INSERT INTO `peccancy` VALUES ('145', '鲁A20091', '1323', '2016-10-12 08:19:21', '上海路');
INSERT INTO `peccancy` VALUES ('146', '鲁A20092', '1324', '2016-10-13 09:19:21', '广州路');
INSERT INTO `peccancy` VALUES ('147', '鲁A20093', '1325', '2016-10-14 10:19:21', '高速公路');
INSERT INTO `peccancy` VALUES ('148', '鲁A20094', '1326', '2016-10-15 11:19:21', '北京路');
INSERT INTO `peccancy` VALUES ('149', '鲁A20089', '1327', '2016-10-16 12:19:21', '重庆路');
INSERT INTO `peccancy` VALUES ('150', '鲁A20090', '1328', '2016-10-17 13:19:21', '沈阳路');
INSERT INTO `peccancy` VALUES ('151', '鲁A20091', '1329', '2016-10-18 14:19:21', '南京路');
INSERT INTO `peccancy` VALUES ('152', '鲁A20092', '1330', '2016-10-19 15:19:21', '上海路');
INSERT INTO `peccancy` VALUES ('153', '鲁A20093', '1331', '2016-10-20 16:19:21', '广州路');
INSERT INTO `peccancy` VALUES ('154', '鲁A20094', '1332', '2016-10-21 17:19:21', '高速公路');
INSERT INTO `peccancy` VALUES ('155', '鲁A20089', '1333', '2016-10-22 18:19:21', '北京路');
INSERT INTO `peccancy` VALUES ('156', '鲁A20090', '1334', '2016-10-23 19:19:21', '重庆路');
INSERT INTO `peccancy` VALUES ('157', '鲁A20091', '1339', '2016-10-24 20:19:21', '沈阳路');
INSERT INTO `peccancy` VALUES ('158', '鲁A20092', '1601A 　', '2016-10-25 21:19:21', '南京路');
INSERT INTO `peccancy` VALUES ('159', '鲁A20093', '1601B　　', '2016-10-26 22:19:21', '上海路');
INSERT INTO `peccancy` VALUES ('160', '鲁A20094', '1601C 　', '2016-10-27 23:19:21', '广州路');
INSERT INTO `peccancy` VALUES ('161', '鲁A20089', '1602A　　', '2016-10-28 00:19:21', '高速公路');
INSERT INTO `peccancy` VALUES ('162', '鲁A20090', '1602B 　', '2016-10-29 01:19:21', '北京路');
INSERT INTO `peccancy` VALUES ('163', '鲁A20091', '1603A 　', '2016-10-30 02:19:21', '重庆路');
INSERT INTO `peccancy` VALUES ('164', '鲁A20092', '1603B 　', '2016-10-31 03:19:21', '沈阳路');
INSERT INTO `peccancy` VALUES ('165', '鲁A20093', '1604', '2016-11-01 04:19:21', '南京路');
INSERT INTO `peccancy` VALUES ('166', '鲁A20094', '1605', '2016-11-02 05:19:21', '上海路');
INSERT INTO `peccancy` VALUES ('167', '鲁A20089', '1606', '2016-11-03 06:19:21', '广州路');
INSERT INTO `peccancy` VALUES ('168', '鲁A20090', '1607A 　', '2016-11-04 07:19:21', '高速公路');
INSERT INTO `peccancy` VALUES ('169', '鲁A20091', '1607B　　', '2016-11-05 08:19:21', '北京路');
INSERT INTO `peccancy` VALUES ('170', '鲁A20092', '1609', '2016-11-06 09:19:21', '重庆路');
INSERT INTO `peccancy` VALUES ('171', '鲁A20093', '1701', '2016-11-07 10:19:21', '沈阳路');
INSERT INTO `peccancy` VALUES ('172', '鲁A20094', '1702', '2016-11-08 11:19:21', '南京路');
INSERT INTO `peccancy` VALUES ('173', '鲁A20089', '1703', '2016-11-09 12:19:21', '上海路');
INSERT INTO `peccancy` VALUES ('174', '鲁A20090', '1704A　　', '2016-11-10 13:19:21', '广州路');
INSERT INTO `peccancy` VALUES ('175', '鲁A20091', '1704B　　', '2016-11-11 14:19:21', '高速公路');
INSERT INTO `peccancy` VALUES ('176', '鲁A20092', '1705', '2016-11-12 14:19:21', '北京路');
INSERT INTO `peccancy` VALUES ('177', '鲁A20093', '1706', '2016-11-13 15:19:21', '重庆路');
INSERT INTO `peccancy` VALUES ('178', '鲁A20094', '1709A　　', '2016-11-14 16:19:21', '沈阳路');
INSERT INTO `peccancy` VALUES ('179', '鲁A20089', '1709B　　', '2016-11-15 17:19:21', '南京路');
INSERT INTO `peccancy` VALUES ('180', '鲁A20090', '1039', '2016-11-16 18:19:21', '上海路');
INSERT INTO `peccancy` VALUES ('181', '鲁A20091', '1039', '2016-11-17 19:19:21', '广州路');
INSERT INTO `peccancy` VALUES ('182', '鲁A20092', '1039', '2016-11-18 20:19:21', '高速公路');
INSERT INTO `peccancy` VALUES ('183', '鲁A20093', '1039', '2016-11-19 21:19:21', '北京路');
INSERT INTO `peccancy` VALUES ('184', '鲁A20094', '1039', '2016-11-20 22:19:21', '重庆路');
INSERT INTO `peccancy` VALUES ('185', '鲁A20089', '1039', '2016-11-21 23:19:21', '沈阳路');
INSERT INTO `peccancy` VALUES ('186', '鲁A20090', '1039', '2016-11-22 00:19:21', '南京路');
INSERT INTO `peccancy` VALUES ('187', '鲁A20091', '1039', '2016-11-23 01:19:21', '上海路');
INSERT INTO `peccancy` VALUES ('188', '鲁A20092', '1039', '2016-11-24 02:19:21', '广州路');
INSERT INTO `peccancy` VALUES ('189', '鲁A20093', '1039', '2016-11-25 03:19:21', '高速公路');
INSERT INTO `peccancy` VALUES ('190', '鲁A20094', '1039', '2016-11-26 04:19:21', '北京路');
INSERT INTO `peccancy` VALUES ('191', '鲁A20089', '1039', '2016-11-27 05:19:21', '重庆路');
INSERT INTO `peccancy` VALUES ('192', '鲁A20090', '1039', '2016-11-28 06:19:21', '沈阳路');
INSERT INTO `peccancy` VALUES ('193', '鲁A20091', '1039', '2016-11-29 07:19:21', '南京路');
INSERT INTO `peccancy` VALUES ('194', '鲁A20092', '1039', '2016-11-30 08:19:21', '上海路');
INSERT INTO `peccancy` VALUES ('195', '鲁A20093', '1039', '2016-12-01 09:19:21', '广州路');
INSERT INTO `peccancy` VALUES ('196', '鲁A20094', '1039', '2016-12-02 10:19:21', '高速公路');
INSERT INTO `peccancy` VALUES ('197', '鲁A20089', '1039', '2016-12-03 11:19:21', '北京路');
INSERT INTO `peccancy` VALUES ('198', '鲁A20090', '1039', '2016-12-04 12:19:21', '重庆路');
INSERT INTO `peccancy` VALUES ('199', '鲁A20091', '1039', '2016-12-05 13:19:21', '沈阳路');
INSERT INTO `peccancy` VALUES ('200', '鲁A20092', '1039', '2016-12-06 14:19:21', '南京路');
INSERT INTO `peccancy` VALUES ('201', '鲁A20093', '1039', '2016-12-07 15:19:21', '上海路');
INSERT INTO `peccancy` VALUES ('202', '鲁A20094', '1039', '2016-12-08 16:19:21', '广州路');
INSERT INTO `peccancy` VALUES ('203', '鲁A20089', '1039', '2016-12-09 17:19:21', '高速公路');
INSERT INTO `peccancy` VALUES ('204', '鲁A20090', '1039', '2016-12-10 18:19:21', '北京路');
INSERT INTO `peccancy` VALUES ('205', '鲁A20091', '1039', '2016-12-11 19:19:21', '重庆路');
INSERT INTO `peccancy` VALUES ('206', '鲁A20092', '1039', '2016-05-21 20:19:21', '沈阳路');
INSERT INTO `peccancy` VALUES ('207', '鲁A20093', '1039', '2016-05-22 21:19:21', '南京路');
INSERT INTO `peccancy` VALUES ('208', '鲁A20094', '1039', '2016-05-23 22:19:21', '上海路');
INSERT INTO `peccancy` VALUES ('209', '鲁A20089', '1039', '2016-05-24 23:19:21', '广州路');
INSERT INTO `peccancy` VALUES ('210', '鲁A20090', '1039', '2016-05-25 00:19:21', '高速公路');
INSERT INTO `peccancy` VALUES ('211', '鲁A20091', '1039', '2016-05-26 01:19:21', '北京路');
INSERT INTO `peccancy` VALUES ('212', '鲁A20092', '1039', '2016-05-27 02:19:21', '重庆路');
INSERT INTO `peccancy` VALUES ('213', '鲁A20093', '1039', '2016-05-28 03:19:21', '沈阳路');
INSERT INTO `peccancy` VALUES ('214', '鲁A20094', '1039', '2016-05-29 04:19:21', '南京路');
INSERT INTO `peccancy` VALUES ('215', '鲁A20089', '1039', '2016-05-30 05:19:21', '上海路');
INSERT INTO `peccancy` VALUES ('216', '鲁A20090', '1039', '2016-05-31 06:19:21', '广州路');
INSERT INTO `peccancy` VALUES ('217', '鲁A20091', '1039', '2016-06-01 07:19:21', '高速公路');
INSERT INTO `peccancy` VALUES ('218', '鲁A20092', '1039', '2016-06-02 08:19:21', '北京路');
INSERT INTO `peccancy` VALUES ('219', '鲁A20093', '1039', '2016-06-03 09:19:21', '重庆路');
INSERT INTO `peccancy` VALUES ('220', '鲁A20094', '1039', '2016-06-04 10:19:21', '沈阳路');
INSERT INTO `peccancy` VALUES ('221', '鲁A20089', '1039', '2016-06-05 11:19:21', '南京路');
INSERT INTO `peccancy` VALUES ('222', '鲁A20090', '1039', '2016-06-06 12:19:21', '上海路');
INSERT INTO `peccancy` VALUES ('223', '鲁A20091', '1039', '2016-06-07 13:19:21', '广州路');
INSERT INTO `peccancy` VALUES ('224', '鲁A20092', '1039', '2016-06-08 14:19:21', '高速公路');
INSERT INTO `peccancy` VALUES ('225', '鲁A20093', '1039', '2016-06-09 15:19:21', '北京路');
INSERT INTO `peccancy` VALUES ('226', '鲁A20094', '1039', '2016-06-10 16:19:21', '重庆路');
INSERT INTO `peccancy` VALUES ('227', '鲁A20089', '1039', '2016-06-11 17:19:21', '沈阳路');
INSERT INTO `peccancy` VALUES ('228', '鲁A20090', '1039', '2016-06-12 18:19:21', '南京路');
INSERT INTO `peccancy` VALUES ('229', '鲁A20091', '1039', '2016-06-13 19:19:21', '上海路');
INSERT INTO `peccancy` VALUES ('230', '鲁A20092', '1039', '2016-06-14 20:19:21', '广州路');
INSERT INTO `peccancy` VALUES ('231', '鲁A20093', '1039', '2016-06-15 21:19:21', '高速公路');
INSERT INTO `peccancy` VALUES ('232', '鲁A20094', '1039', '2016-06-16 22:19:21', '北京路');
INSERT INTO `peccancy` VALUES ('233', '鲁A20089', '1039', '2016-06-17 23:19:21', '重庆路');
INSERT INTO `peccancy` VALUES ('234', '鲁A20090', '1039', '2016-06-18 00:19:21', '沈阳路');
INSERT INTO `peccancy` VALUES ('235', '鲁A20091', '1039', '2016-06-19 01:19:21', '南京路');
INSERT INTO `peccancy` VALUES ('236', '鲁A20092', '1039', '2016-06-20 02:19:21', '上海路');
INSERT INTO `peccancy` VALUES ('237', '鲁A20093', '1039', '2016-06-21 03:19:21', '广州路');
INSERT INTO `peccancy` VALUES ('238', '鲁A20094', '1039', '2016-06-22 04:19:21', '高速公路');
INSERT INTO `peccancy` VALUES ('239', '鲁A20089', '1039', '2016-06-23 05:19:21', '北京路');
INSERT INTO `peccancy` VALUES ('240', '鲁A20090', '1039', '2016-06-24 06:19:21', '重庆路');
INSERT INTO `peccancy` VALUES ('241', '鲁A20091', '1039', '2016-06-25 07:19:21', '沈阳路');
INSERT INTO `peccancy` VALUES ('242', '鲁A20092', '1039', '2016-06-26 08:19:21', '南京路');
INSERT INTO `peccancy` VALUES ('243', '鲁A20093', '1039', '2016-06-27 09:19:21', '上海路');
INSERT INTO `peccancy` VALUES ('244', '鲁A20094', '1039', '2016-06-28 10:19:21', '广州路');
INSERT INTO `peccancy` VALUES ('245', '鲁A20089', '1039', '2016-06-29 11:19:21', '高速公路');
INSERT INTO `peccancy` VALUES ('246', '鲁A20090', '1039', '2016-06-30 12:19:21', '北京路');
INSERT INTO `peccancy` VALUES ('247', '鲁A20091', '1039', '2016-07-01 13:19:21', '重庆路');
INSERT INTO `peccancy` VALUES ('248', '鲁A20092', '1039', '2016-07-02 14:19:21', '沈阳路');
INSERT INTO `peccancy` VALUES ('249', '鲁A20093', '1039', '2016-07-03 15:19:21', '南京路');
INSERT INTO `peccancy` VALUES ('250', '鲁A20094', '1039', '2016-07-04 16:19:21', '上海路');
INSERT INTO `peccancy` VALUES ('251', '鲁A20089', '1039', '2016-07-05 17:19:21', '广州路');
INSERT INTO `peccancy` VALUES ('252', '鲁A20090', '1039', '2016-07-06 18:19:21', '高速公路');
INSERT INTO `peccancy` VALUES ('253', '鲁A20091', '1039', '2016-07-07 19:19:21', '北京路');
INSERT INTO `peccancy` VALUES ('254', '鲁A20092', '1039', '2016-07-08 20:19:21', '重庆路');
INSERT INTO `peccancy` VALUES ('255', '鲁A20093', '1039', '2016-07-09 21:19:21', '沈阳路');
INSERT INTO `peccancy` VALUES ('256', '鲁A20094', '1039', '2016-07-10 22:19:21', '沈阳路');
INSERT INTO `peccancy` VALUES ('257', '鲁A20089', '1039', '2016-07-11 23:19:21', '沈阳路');
INSERT INTO `peccancy` VALUES ('258', '鲁A20090', '1039', '2016-07-12 00:19:21', '沈阳路');
INSERT INTO `peccancy` VALUES ('259', '鲁A20091', '1039', '2016-07-13 01:19:21', '沈阳路');
INSERT INTO `peccancy` VALUES ('260', '鲁A20092', '1039', '2016-07-14 02:19:21', '沈阳路');
INSERT INTO `peccancy` VALUES ('261', '鲁A20093', '1039', '2016-07-15 03:19:21', '沈阳路');
INSERT INTO `peccancy` VALUES ('262', '鲁A20094', '1039', '2016-07-16 04:19:21', '沈阳路');
INSERT INTO `peccancy` VALUES ('263', '鲁A20089', '1039', '2016-07-17 05:19:21', '沈阳路');
INSERT INTO `peccancy` VALUES ('264', '鲁A20090', '1039', '2016-07-18 06:19:21', '沈阳路');
INSERT INTO `peccancy` VALUES ('265', '鲁A20091', '1039', '2016-07-19 07:19:21', '沈阳路');
INSERT INTO `peccancy` VALUES ('266', '鲁A20092', '1039', '2016-07-20 08:19:21', '沈阳路');
INSERT INTO `peccancy` VALUES ('267', '鲁A20093', '1039', '2016-07-21 09:19:21', '沈阳路');
INSERT INTO `peccancy` VALUES ('268', '鲁A20094', '1039', '2016-07-22 10:19:21', '沈阳路');
INSERT INTO `peccancy` VALUES ('269', '鲁A20089', '1039', '2016-07-23 11:19:21', '沈阳路');
INSERT INTO `peccancy` VALUES ('270', '鲁A20090', '1039', '2016-07-24 12:19:21', '沈阳路');
INSERT INTO `peccancy` VALUES ('271', '鲁A20091', '1039', '2016-07-25 13:19:21', '沈阳路');
INSERT INTO `peccancy` VALUES ('272', '鲁A20092', '1039', '2016-07-26 14:19:21', '沈阳路');
INSERT INTO `peccancy` VALUES ('273', '鲁A20093', '1039', '2016-07-27 15:19:21', '沈阳路');
INSERT INTO `peccancy` VALUES ('274', '鲁A20094', '1039', '2016-07-28 16:19:21', '沈阳路');
INSERT INTO `peccancy` VALUES ('275', '鲁A20095', '1039', '2016-07-29 17:19:21', '沈阳路');
INSERT INTO `peccancy` VALUES ('276', '鲁A20096', '1039', '2016-07-30 18:19:21', '沈阳路');
INSERT INTO `peccancy` VALUES ('277', '鲁A20097', '1039', '2016-07-31 19:19:21', '沈阳路');
INSERT INTO `peccancy` VALUES ('278', '鲁A20098', '1039', '2016-08-01 20:19:21', '沈阳路');
INSERT INTO `peccancy` VALUES ('279', '鲁A20099', '1039', '2016-08-02 21:19:21', '沈阳路');
INSERT INTO `peccancy` VALUES ('280', '鲁A20100', '1039', '2016-08-03 22:19:21', '沈阳路');
INSERT INTO `peccancy` VALUES ('281', '鲁A20101', '1039', '2016-08-04 23:19:21', '沈阳路');
INSERT INTO `peccancy` VALUES ('282', '鲁A20102', '1039', '2016-08-05 00:19:21', '沈阳路');
INSERT INTO `peccancy` VALUES ('283', '鲁A20103', '1039', '2016-08-06 01:19:21', '沈阳路');
INSERT INTO `peccancy` VALUES ('284', '鲁A20104', '1039', '2016-08-07 02:19:21', '沈阳路');
INSERT INTO `peccancy` VALUES ('285', '鲁A20105', '1039', '2016-08-08 03:19:21', '沈阳路');
INSERT INTO `peccancy` VALUES ('286', '鲁A20106', '1039', '2016-08-09 04:19:21', '沈阳路');
INSERT INTO `peccancy` VALUES ('287', '鲁A20107', '1039', '2016-08-10 05:19:21', '沈阳路');
INSERT INTO `peccancy` VALUES ('288', '鲁A20108', '1039', '2016-08-11 06:19:21', '沈阳路');
INSERT INTO `peccancy` VALUES ('289', '鲁A20109', '1039', '2016-08-12 07:19:21', '沈阳路');
INSERT INTO `peccancy` VALUES ('290', '鲁A20110', '1039', '2016-08-13 08:19:21', '沈阳路');
INSERT INTO `peccancy` VALUES ('291', '鲁A20111', '1039', '2016-08-14 09:19:21', '沈阳路');
INSERT INTO `peccancy` VALUES ('292', '鲁A20112', '1039', '2016-08-15 10:19:21', '沈阳路');
INSERT INTO `peccancy` VALUES ('293', '鲁A20113', '1039', '2016-08-16 11:19:21', '沈阳路');
INSERT INTO `peccancy` VALUES ('294', '鲁A20114', '1039', '2016-08-17 12:19:21', '沈阳路');
INSERT INTO `peccancy` VALUES ('295', '鲁A20115', '1039', '2016-08-18 13:19:21', '沈阳路');
INSERT INTO `peccancy` VALUES ('296', '鲁A20116', '1039', '2016-08-19 14:19:21', '沈阳路');
INSERT INTO `peccancy` VALUES ('297', '鲁B10001', '1039', '2016-08-20 14:19:21', '沈阳路');
INSERT INTO `peccancy` VALUES ('298', '鲁B10001', '1039', '2016-08-21 15:19:21', '沈阳路');
INSERT INTO `peccancy` VALUES ('299', '鲁B10001', '1039', '2016-08-22 16:19:21', '沈阳路');
INSERT INTO `peccancy` VALUES ('300', '鲁B10001', '1039', '2016-08-23 17:19:21', '沈阳路');
INSERT INTO `peccancy` VALUES ('301', '鲁B10001', '1039', '2016-08-24 18:19:21', '沈阳路');
INSERT INTO `peccancy` VALUES ('302', '鲁B10001', '1039', '2016-08-25 19:19:21', '沈阳路');
INSERT INTO `peccancy` VALUES ('303', '鲁B10001', '1039', '2016-08-26 20:19:21', '沈阳路');
INSERT INTO `peccancy` VALUES ('304', '鲁B10001', '1039', '2016-08-27 21:19:21', '沈阳路');
INSERT INTO `peccancy` VALUES ('305', '鲁B10001', '1039', '2016-08-28 22:19:21', '沈阳路');
INSERT INTO `peccancy` VALUES ('306', '鲁B10001', '1039', '2016-08-29 23:19:21', '沈阳路');
INSERT INTO `peccancy` VALUES ('307', '鲁B10001', '1039', '2016-08-30 00:19:21', '沈阳路');
INSERT INTO `peccancy` VALUES ('308', '鲁B10001', '1039', '2016-08-31 01:19:21', '沈阳路');
INSERT INTO `peccancy` VALUES ('309', '鲁B10001', '1039', '2016-09-01 02:19:21', '沈阳路');
INSERT INTO `peccancy` VALUES ('310', '鲁B10001', '1039', '2016-09-02 03:19:21', '沈阳路');
INSERT INTO `peccancy` VALUES ('311', '鲁B10001', '1039', '2016-09-03 04:19:21', '沈阳路');
INSERT INTO `peccancy` VALUES ('312', '鲁B10001', '1039', '2016-09-04 05:19:21', '沈阳路');
INSERT INTO `peccancy` VALUES ('313', '鲁B10001', '1039', '2016-09-05 06:19:21', '沈阳路');
INSERT INTO `peccancy` VALUES ('314', '鲁B10001', '1039', '2016-09-06 07:19:21', '沈阳路');
INSERT INTO `peccancy` VALUES ('315', '鲁B10001', '1039', '2016-09-07 08:19:21', '沈阳路');
INSERT INTO `peccancy` VALUES ('316', '鲁B10001', '1039', '2016-09-08 09:19:21', '沈阳路');
INSERT INTO `peccancy` VALUES ('317', '鲁B10001', '1039', '2016-09-09 10:19:21', '沈阳路');
INSERT INTO `peccancy` VALUES ('318', '鲁B10001', '1039', '2016-09-10 11:19:21', '沈阳路');
INSERT INTO `peccancy` VALUES ('319', '鲁B10001', '1039', '2016-09-11 12:19:21', '沈阳路');
INSERT INTO `peccancy` VALUES ('320', '鲁B10001', '1039', '2016-09-12 13:19:21', '沈阳路');
INSERT INTO `peccancy` VALUES ('321', '鲁B10001', '1039', '2016-09-13 14:19:21', '沈阳路');
INSERT INTO `peccancy` VALUES ('322', '鲁B10001', '1039', '2016-09-14 15:19:21', '沈阳路');
INSERT INTO `peccancy` VALUES ('323', '鲁B10001', '1039', '2016-09-15 16:19:21', '沈阳路');
INSERT INTO `peccancy` VALUES ('324', '鲁B10001', '1039', '2016-09-16 17:19:21', '沈阳路');
INSERT INTO `peccancy` VALUES ('325', '鲁B10001', '1039', '2016-09-17 18:19:21', '沈阳路');
INSERT INTO `peccancy` VALUES ('326', '鲁B10001', '1039', '2016-09-18 19:19:21', '沈阳路');
INSERT INTO `peccancy` VALUES ('327', '鲁B10001', '1039', '2016-09-19 20:19:21', '沈阳路');
INSERT INTO `peccancy` VALUES ('328', '鲁B10001', '1039', '2016-09-20 21:19:21', '沈阳路');
INSERT INTO `peccancy` VALUES ('329', '鲁B10001', '1039', '2016-09-21 22:19:21', '沈阳路');
INSERT INTO `peccancy` VALUES ('330', '鲁B10001', '1039', '2016-09-22 23:19:21', '沈阳路');
INSERT INTO `peccancy` VALUES ('331', '鲁B10001', '1039', '2016-09-23 00:19:21', '沈阳路');
INSERT INTO `peccancy` VALUES ('332', '鲁B10001', '1039', '2016-09-24 01:19:21', '沈阳路');
INSERT INTO `peccancy` VALUES ('333', '鲁B10001', '1039', '2016-09-25 02:19:21', '沈阳路');
INSERT INTO `peccancy` VALUES ('334', '鲁B10001', '1039', '2016-09-26 03:19:21', '沈阳路');
INSERT INTO `peccancy` VALUES ('335', '鲁B10001', '1039', '2016-09-27 04:19:21', '沈阳路');
INSERT INTO `peccancy` VALUES ('336', '鲁B10001', '1039', '2016-09-28 05:19:21', '沈阳路');
INSERT INTO `peccancy` VALUES ('337', '鲁B10001', '1039', '2016-09-29 06:19:21', '沈阳路');
INSERT INTO `peccancy` VALUES ('338', '鲁B10001', '1039', '2016-09-30 07:19:21', '沈阳路');
INSERT INTO `peccancy` VALUES ('339', '鲁B10001', '1039', '2016-10-01 08:19:21', '沈阳路');
INSERT INTO `peccancy` VALUES ('340', '鲁B10001', '1039', '2016-10-02 09:19:21', '沈阳路');
INSERT INTO `peccancy` VALUES ('341', '鲁B10001', '1039', '2016-10-03 10:19:21', '沈阳路');
INSERT INTO `peccancy` VALUES ('342', '鲁B10001', '1039', '2016-10-04 11:19:21', '沈阳路');
INSERT INTO `peccancy` VALUES ('343', '鲁B10001', '1039', '2016-10-05 12:19:21', '沈阳路');
INSERT INTO `peccancy` VALUES ('344', '鲁B10001', '1039', '2016-10-06 13:19:21', '沈阳路');
INSERT INTO `peccancy` VALUES ('345', '鲁B10001', '1039', '2016-10-07 14:19:21', '沈阳路');
INSERT INTO `peccancy` VALUES ('346', '鲁B10001', '1039', '2016-10-08 15:19:21', '沈阳路');
INSERT INTO `peccancy` VALUES ('347', '鲁B10001', '1039', '2016-10-09 16:19:21', '沈阳路');
INSERT INTO `peccancy` VALUES ('348', '鲁B10001', '1039', '2016-10-10 17:19:21', '沈阳路');
INSERT INTO `peccancy` VALUES ('349', '鲁B10001', '1039', '2016-10-11 18:19:21', '沈阳路');
INSERT INTO `peccancy` VALUES ('350', '鲁B10001', '1039', '2016-10-12 19:19:21', '沈阳路');
INSERT INTO `peccancy` VALUES ('351', '鲁B10001', '1039', '2016-10-13 20:19:21', '沈阳路');
INSERT INTO `peccancy` VALUES ('352', '鲁B10001', '1039', '2016-10-14 21:19:21', '沈阳路');
INSERT INTO `peccancy` VALUES ('353', '鲁C50164', '1039', '2016-10-15 22:19:21', '沈阳路');
INSERT INTO `peccancy` VALUES ('354', '鲁C50165', '1039', '2016-10-16 23:19:21', '沈阳路');
INSERT INTO `peccancy` VALUES ('355', '鲁C50166', '1039', '2016-10-17 00:19:21', '沈阳路');
INSERT INTO `peccancy` VALUES ('356', '鲁C50167', '1039', '2016-10-18 01:19:21', '沈阳路');
INSERT INTO `peccancy` VALUES ('357', '鲁C50168', '1039', '2016-10-19 02:19:21', '沈阳路');
INSERT INTO `peccancy` VALUES ('358', '鲁C50169', '1039', '2016-10-20 03:19:21', '沈阳路');
INSERT INTO `peccancy` VALUES ('359', '鲁C50170', '1039', '2016-10-21 04:19:21', '沈阳路');
INSERT INTO `peccancy` VALUES ('360', '鲁C50143', '1039', '2016-10-22 05:19:21', '沈阳路');
INSERT INTO `peccancy` VALUES ('361', '鲁C50144', '1039', '2016-10-23 06:19:21', '沈阳路');
INSERT INTO `peccancy` VALUES ('362', '鲁C50145', '1039', '2016-10-24 07:19:21', '沈阳路');
INSERT INTO `peccancy` VALUES ('363', '鲁C50146', '1039', '2016-10-25 08:19:21', '沈阳路');
INSERT INTO `peccancy` VALUES ('364', '鲁C50147', '1039', '2016-10-26 09:19:21', '沈阳路');
INSERT INTO `peccancy` VALUES ('365', '鲁C50148', '1039', '2016-10-27 10:19:21', '沈阳路');
INSERT INTO `peccancy` VALUES ('366', '鲁C50149', '1039', '2016-10-28 11:19:21', '沈阳路');
INSERT INTO `peccancy` VALUES ('367', '鲁C50150', '1039', '2016-10-29 12:19:21', '沈阳路');
INSERT INTO `peccancy` VALUES ('368', '鲁C50151', '1039', '2016-10-30 13:19:21', '沈阳路');
INSERT INTO `peccancy` VALUES ('369', '鲁C50152', '1039', '2016-10-31 14:19:21', '沈阳路');
INSERT INTO `peccancy` VALUES ('370', '鲁C50153', '1039', '2016-11-01 15:19:21', '沈阳路');
INSERT INTO `peccancy` VALUES ('371', '鲁C50154', '1039', '2016-11-02 16:19:21', '沈阳路');
INSERT INTO `peccancy` VALUES ('372', '鲁C50155', '1039', '2016-11-03 17:19:21', '沈阳路');
INSERT INTO `peccancy` VALUES ('373', '鲁C50156', '1039', '2016-11-04 18:19:21', '沈阳路');
INSERT INTO `peccancy` VALUES ('374', '鲁C50157', '1039', '2016-11-05 19:19:21', '沈阳路');
INSERT INTO `peccancy` VALUES ('375', '鲁C50158', '1039', '2016-11-06 20:19:21', '沈阳路');
INSERT INTO `peccancy` VALUES ('376', '鲁C50143', '1039', '2016-11-07 21:19:21', '沈阳路');
INSERT INTO `peccancy` VALUES ('377', '鲁C50144', '1039', '2016-11-08 22:19:21', '沈阳路');
INSERT INTO `peccancy` VALUES ('378', '鲁C50145', '1039', '2016-11-09 23:19:21', '沈阳路');
INSERT INTO `peccancy` VALUES ('379', '鲁C50146', '1039', '2016-11-10 00:19:21', '沈阳路');
INSERT INTO `peccancy` VALUES ('380', '鲁C50147', '1039', '2016-11-11 01:19:21', '沈阳路');
INSERT INTO `peccancy` VALUES ('381', '鲁C50148', '1039', '2016-11-12 02:19:21', '沈阳路');
INSERT INTO `peccancy` VALUES ('382', '鲁C50149', '1039', '2016-11-13 03:19:21', '沈阳路');
INSERT INTO `peccancy` VALUES ('383', '鲁C50150', '1039', '2016-11-14 04:19:21', '沈阳路');
INSERT INTO `peccancy` VALUES ('384', '鲁C50151', '1039', '2016-11-15 05:19:21', '沈阳路');
INSERT INTO `peccancy` VALUES ('385', '鲁C50152', '1039', '2016-11-16 06:19:21', '沈阳路');
INSERT INTO `peccancy` VALUES ('386', '鲁C50153', '1039', '2016-11-17 07:19:21', '沈阳路');
INSERT INTO `peccancy` VALUES ('387', '鲁C50154', '1039', '2016-11-18 08:19:21', '沈阳路');
INSERT INTO `peccancy` VALUES ('388', '鲁C50155', '1039', '2016-11-19 09:19:21', '沈阳路');
INSERT INTO `peccancy` VALUES ('389', '鲁C50156', '1039', '2016-11-20 10:19:21', '沈阳路');
INSERT INTO `peccancy` VALUES ('390', '鲁C50157', '1039', '2016-11-21 11:19:21', '沈阳路');
INSERT INTO `peccancy` VALUES ('391', '鲁C50158', '1039', '2016-11-22 12:19:21', '沈阳路');
INSERT INTO `peccancy` VALUES ('392', '鲁C50143', '1039', '2016-11-23 13:19:21', '沈阳路');
INSERT INTO `peccancy` VALUES ('393', '鲁C50144', '1039', '2016-11-24 14:19:21', '沈阳路');
INSERT INTO `peccancy` VALUES ('394', '鲁C50145', '1039', '2016-11-25 15:19:21', '沈阳路');
INSERT INTO `peccancy` VALUES ('395', '鲁C50146', '1039', '2016-11-26 16:19:21', '沈阳路');
INSERT INTO `peccancy` VALUES ('396', '鲁C50147', '1039', '2016-11-27 17:19:21', '沈阳路');
INSERT INTO `peccancy` VALUES ('397', '鲁C50148', '1039', '2016-11-28 18:19:21', '沈阳路');
INSERT INTO `peccancy` VALUES ('398', '鲁C50149', '1039', '2016-11-29 19:19:21', '沈阳路');
INSERT INTO `peccancy` VALUES ('399', '鲁C50150', '1039', '2016-11-30 20:19:21', '沈阳路');
INSERT INTO `peccancy` VALUES ('400', '鲁C50151', '1039', '2016-12-01 21:19:21', '沈阳路');
INSERT INTO `peccancy` VALUES ('401', '鲁C50152', '1039', '2016-12-02 22:19:21', '沈阳路');
INSERT INTO `peccancy` VALUES ('402', '鲁C50153', '1039', '2016-12-03 23:19:21', '沈阳路');
INSERT INTO `peccancy` VALUES ('403', '鲁C50154', '1039', '2016-12-04 00:19:21', '沈阳路');
INSERT INTO `peccancy` VALUES ('404', '鲁C50155', '1039', '2016-12-05 01:19:21', '沈阳路');
INSERT INTO `peccancy` VALUES ('405', '鲁C50156', '1039', '2016-12-06 02:19:21', '沈阳路');
INSERT INTO `peccancy` VALUES ('406', '鲁C50157', '1039', '2016-12-07 03:19:21', '沈阳路');
INSERT INTO `peccancy` VALUES ('407', '鲁C50158', '1039', '2016-12-08 04:19:21', '沈阳路');
INSERT INTO `peccancy` VALUES ('408', '鲁C50143', '1039', '2016-12-09 05:19:21', '沈阳路');
INSERT INTO `peccancy` VALUES ('409', '鲁C50144', '1039', '2016-12-10 06:19:21', '沈阳路');
INSERT INTO `peccancy` VALUES ('410', '鲁C50145', '1039', '2016-12-11 07:19:21', '沈阳路');
INSERT INTO `peccancy` VALUES ('411', '鲁C50146', '1039', '2016-05-21 08:19:21', '沈阳路');
INSERT INTO `peccancy` VALUES ('412', '鲁C50147', '1039', '2016-05-22 09:19:21', '沈阳路');
INSERT INTO `peccancy` VALUES ('413', '鲁C50148', '1039', '2016-05-23 10:19:21', '沈阳路');
INSERT INTO `peccancy` VALUES ('414', '鲁C50149', '1039', '2016-05-24 11:19:21', '沈阳路');
INSERT INTO `peccancy` VALUES ('415', '鲁C50150', '1039', '2016-05-25 12:19:21', '沈阳路');
INSERT INTO `peccancy` VALUES ('416', '鲁C50151', '1039', '2016-05-26 13:19:21', '沈阳路');
INSERT INTO `peccancy` VALUES ('417', '鲁C50152', '1039', '2016-05-27 14:19:21', '沈阳路');
INSERT INTO `peccancy` VALUES ('418', '鲁C50153', '1039', '2016-05-28 09:19:21', '沈阳路');
INSERT INTO `peccancy` VALUES ('419', '鲁C50154', '1039', '2016-05-29 10:19:21', '沈阳路');
INSERT INTO `peccancy` VALUES ('420', '鲁C50155', '1039', '2016-05-30 11:19:21', '沈阳路');
INSERT INTO `peccancy` VALUES ('421', '鲁C50156', '1039', '2016-05-31 12:19:21', '沈阳路');
INSERT INTO `peccancy` VALUES ('422', '鲁C50157', '1039', '2016-06-01 13:19:21', '沈阳路');
INSERT INTO `peccancy` VALUES ('423', '鲁C50158', '1039', '2016-06-02 14:19:21', '沈阳路');
INSERT INTO `peccancy` VALUES ('424', '鲁C50143', '1039', '2016-06-03 09:19:21', '沈阳路');
INSERT INTO `peccancy` VALUES ('425', '鲁C50144', '1039', '2016-06-04 10:19:21', '沈阳路');
INSERT INTO `peccancy` VALUES ('426', '鲁C50145', '1039', '2016-06-05 11:19:21', '沈阳路');
INSERT INTO `peccancy` VALUES ('427', '鲁C50146', '1039', '2016-06-06 12:19:21', '沈阳路');
INSERT INTO `peccancy` VALUES ('428', '鲁C50147', '1039', '2016-06-07 13:19:21', '沈阳路');
INSERT INTO `peccancy` VALUES ('429', '鲁C50148', '1039', '2016-06-08 14:19:21', '沈阳路');
INSERT INTO `peccancy` VALUES ('430', '鲁C50149', '1039', '2016-06-09 09:19:21', '沈阳路');
INSERT INTO `peccancy` VALUES ('431', '鲁C50150', '1039', '2016-06-10 10:19:21', '沈阳路');
INSERT INTO `peccancy` VALUES ('432', '鲁C50151', '1039', '2016-06-11 11:19:21', '沈阳路');
INSERT INTO `peccancy` VALUES ('433', '鲁C50152', '1039', '2016-06-12 12:19:21', '沈阳路');
INSERT INTO `peccancy` VALUES ('434', '鲁C50153', '1039', '2016-06-13 13:19:21', '沈阳路');
INSERT INTO `peccancy` VALUES ('435', '鲁C50154', '1039', '2016-06-14 14:19:21', '沈阳路');
INSERT INTO `peccancy` VALUES ('436', '鲁C50155', '1039', '2016-06-15 09:19:21', '沈阳路');
INSERT INTO `peccancy` VALUES ('437', '鲁C50156', '1039', '2016-06-16 10:19:21', '沈阳路');
INSERT INTO `peccancy` VALUES ('438', '鲁C50157', '1039', '2016-06-17 11:19:21', '沈阳路');
INSERT INTO `peccancy` VALUES ('439', '鲁C50158', '1039', '2016-06-18 12:19:21', '沈阳路');
INSERT INTO `peccancy` VALUES ('440', '鲁C50143', '1039', '2016-06-19 13:19:21', '沈阳路');
INSERT INTO `peccancy` VALUES ('441', '鲁C50144', '1039', '2016-06-20 14:19:21', '沈阳路');
INSERT INTO `peccancy` VALUES ('442', '鲁C50145', '1039', '2016-06-21 09:19:21', '沈阳路');
INSERT INTO `peccancy` VALUES ('443', '鲁C50146', '1039', '2016-06-22 10:19:21', '沈阳路');
INSERT INTO `peccancy` VALUES ('444', '鲁C50147', '1039', '2016-06-23 11:19:21', '沈阳路');
INSERT INTO `peccancy` VALUES ('445', '鲁C50148', '1039', '2016-06-24 12:19:21', '沈阳路');
INSERT INTO `peccancy` VALUES ('446', '鲁C50149', '1039', '2016-06-25 13:19:21', '沈阳路');
INSERT INTO `peccancy` VALUES ('447', '鲁C50150', '1039', '2016-06-26 14:19:21', '沈阳路');
INSERT INTO `peccancy` VALUES ('448', '鲁C50151', '1039', '2016-06-27 09:19:21', '沈阳路');
INSERT INTO `peccancy` VALUES ('449', '鲁C50152', '1039', '2016-06-28 10:19:21', '沈阳路');
INSERT INTO `peccancy` VALUES ('450', '鲁C50153', '1039', '2016-06-29 11:19:21', '沈阳路');
INSERT INTO `peccancy` VALUES ('451', '鲁C50154', '1039', '2016-06-30 12:19:21', '沈阳路');
INSERT INTO `peccancy` VALUES ('452', '鲁C50155', '1039', '2016-07-01 13:19:21', '沈阳路');
INSERT INTO `peccancy` VALUES ('453', '鲁C50156', '1039', '2016-07-02 14:19:21', '沈阳路');
INSERT INTO `peccancy` VALUES ('454', '鲁C50157', '1039', '2016-07-03 09:19:21', '沈阳路');
INSERT INTO `peccancy` VALUES ('455', '鲁C50158', '1039', '2016-07-04 10:19:21', '沈阳路');
INSERT INTO `peccancy` VALUES ('456', '鲁C50143', '1039', '2016-07-05 11:19:21', '沈阳路');
INSERT INTO `peccancy` VALUES ('457', '鲁C50144', '1039', '2016-07-06 12:19:21', '沈阳路');
INSERT INTO `peccancy` VALUES ('458', '鲁C50145', '1039', '2016-07-07 13:19:21', '沈阳路');
INSERT INTO `peccancy` VALUES ('459', '鲁C50146', '1039', '2016-07-08 14:19:21', '沈阳路');
INSERT INTO `peccancy` VALUES ('460', '鲁C50147', '1039', '2016-07-09 09:19:21', '沈阳路');
INSERT INTO `peccancy` VALUES ('461', '鲁C50148', '1039', '2016-07-10 10:19:21', '沈阳路');
INSERT INTO `peccancy` VALUES ('462', '鲁C50149', '1039', '2016-07-11 11:19:21', '沈阳路');
INSERT INTO `peccancy` VALUES ('463', '鲁C50150', '1039', '2016-07-12 12:19:21', '沈阳路');
INSERT INTO `peccancy` VALUES ('464', '鲁C50151', '1042', '2016-07-13 13:19:21', '沈阳路');
INSERT INTO `peccancy` VALUES ('465', '鲁C50152', '1042', '2016-07-14 14:19:21', '沈阳路');
INSERT INTO `peccancy` VALUES ('466', '鲁C50153', '1042', '2016-07-15 09:19:21', '沈阳路');
INSERT INTO `peccancy` VALUES ('467', '鲁C50154', '1042', '2016-07-16 10:19:21', '沈阳路');
INSERT INTO `peccancy` VALUES ('468', '鲁C50155', '1042', '2016-07-17 11:19:21', '沈阳路');
INSERT INTO `peccancy` VALUES ('469', '鲁C50156', '1042', '2016-07-18 12:19:21', '沈阳路');
INSERT INTO `peccancy` VALUES ('470', '鲁C50157', '1042', '2016-07-19 13:19:21', '沈阳路');
INSERT INTO `peccancy` VALUES ('471', '鲁C50158', '1042', '2016-07-20 14:19:21', '沈阳路');
INSERT INTO `peccancy` VALUES ('472', '鲁C50143', '1042', '2016-07-21 09:19:21', '沈阳路');
INSERT INTO `peccancy` VALUES ('473', '鲁C50144', '1042', '2016-07-22 10:19:21', '沈阳路');
INSERT INTO `peccancy` VALUES ('474', '鲁C50145', '1042', '2016-07-23 11:19:21', '沈阳路');
INSERT INTO `peccancy` VALUES ('475', '鲁C50146', '1042', '2016-07-24 12:19:21', '沈阳路');
INSERT INTO `peccancy` VALUES ('476', '鲁C50147', '1042', '2016-07-25 13:19:21', '沈阳路');
INSERT INTO `peccancy` VALUES ('477', '鲁C50148', '1042', '2016-07-26 14:19:21', '沈阳路');
INSERT INTO `peccancy` VALUES ('478', '鲁C50149', '1042', '2016-07-27 09:19:21', '沈阳路');
INSERT INTO `peccancy` VALUES ('479', '鲁C50150', '1042', '2016-07-28 10:19:21', '沈阳路');
INSERT INTO `peccancy` VALUES ('480', '鲁C50151', '1042', '2016-07-29 11:19:21', '沈阳路');
INSERT INTO `peccancy` VALUES ('481', '鲁C50152', '1042', '2016-07-30 12:19:21', '沈阳路');
INSERT INTO `peccancy` VALUES ('482', '鲁C50153', '1042', '2016-07-31 13:19:21', '沈阳路');
INSERT INTO `peccancy` VALUES ('483', '鲁C50154', '1042', '2016-08-01 14:19:21', '沈阳路');
INSERT INTO `peccancy` VALUES ('484', '鲁C50155', '1042', '2016-08-02 09:19:21', '沈阳路');
INSERT INTO `peccancy` VALUES ('485', '鲁C50156', '1042', '2016-08-03 10:19:21', '沈阳路');
INSERT INTO `peccancy` VALUES ('486', '鲁C50157', '1042', '2016-08-04 11:19:21', '沈阳路');
INSERT INTO `peccancy` VALUES ('487', '鲁C50158', '1042', '2016-08-05 12:19:21', '沈阳路');
INSERT INTO `peccancy` VALUES ('488', '鲁C50143', '1042', '2016-08-06 13:19:21', '沈阳路');
INSERT INTO `peccancy` VALUES ('489', '鲁C50144', '1042', '2016-08-07 14:19:21', '沈阳路');
INSERT INTO `peccancy` VALUES ('490', '鲁C50145', '1042', '2016-08-08 09:19:21', '沈阳路');
INSERT INTO `peccancy` VALUES ('491', '鲁C50146', '1042', '2016-08-09 10:19:21', '沈阳路');
INSERT INTO `peccancy` VALUES ('492', '鲁C50147', '1042', '2016-08-10 11:19:21', '沈阳路');
INSERT INTO `peccancy` VALUES ('493', '鲁C50148', '1042', '2016-08-11 12:19:21', '沈阳路');
INSERT INTO `peccancy` VALUES ('494', '鲁C50149', '1042', '2016-08-12 13:19:21', '沈阳路');
INSERT INTO `peccancy` VALUES ('495', '鲁C50150', '1042', '2016-08-13 14:19:21', '沈阳路');
INSERT INTO `peccancy` VALUES ('496', '鲁C50151', '1042', '2016-08-14 09:19:21', '沈阳路');
INSERT INTO `peccancy` VALUES ('497', '鲁C50152', '1042', '2016-08-15 10:19:21', '沈阳路');
INSERT INTO `peccancy` VALUES ('498', '鲁C50153', '1042', '2016-08-16 11:19:21', '沈阳路');
INSERT INTO `peccancy` VALUES ('499', '鲁C50154', '1042', '2016-08-17 12:19:21', '沈阳路');
INSERT INTO `peccancy` VALUES ('500', '鲁C50155', '1042', '2016-08-18 13:19:21', '沈阳路');
INSERT INTO `peccancy` VALUES ('501', '鲁C50156', '1042', '2016-08-19 14:19:21', '沈阳路');
INSERT INTO `peccancy` VALUES ('502', '鲁C50157', '1042', '2016-08-20 09:19:21', '沈阳路');
INSERT INTO `peccancy` VALUES ('503', '鲁C50158', '1042', '2016-08-21 10:19:21', '沈阳路');
INSERT INTO `peccancy` VALUES ('504', '鲁C50143', '1042', '2016-08-22 11:19:21', '沈阳路');
INSERT INTO `peccancy` VALUES ('505', '鲁C50144', '1042', '2016-08-23 12:19:21', '沈阳路');
INSERT INTO `peccancy` VALUES ('506', '鲁C50145', '1042', '2016-08-24 13:19:21', '沈阳路');
INSERT INTO `peccancy` VALUES ('507', '鲁C50146', '1042', '2016-08-25 14:19:21', '沈阳路');
INSERT INTO `peccancy` VALUES ('508', '鲁C50147', '1042', '2016-08-26 09:19:21', '沈阳路');
INSERT INTO `peccancy` VALUES ('509', '鲁C50148', '1042', '2016-08-27 10:19:21', '沈阳路');
INSERT INTO `peccancy` VALUES ('510', '鲁C50149', '1042', '2016-08-28 11:19:21', '沈阳路');
INSERT INTO `peccancy` VALUES ('511', '鲁C50150', '1042', '2016-08-29 12:19:21', '沈阳路');
INSERT INTO `peccancy` VALUES ('512', '鲁C50151', '1042', '2016-08-30 13:19:21', '沈阳路');
INSERT INTO `peccancy` VALUES ('513', '鲁C50152', '1042', '2016-08-31 14:19:21', '沈阳路');
INSERT INTO `peccancy` VALUES ('514', '鲁C50153', '1042', '2016-09-01 09:19:21', '沈阳路');
INSERT INTO `peccancy` VALUES ('515', '鲁C50154', '1042', '2016-09-02 10:19:21', '沈阳路');
INSERT INTO `peccancy` VALUES ('516', '鲁C50155', '1042', '2016-09-03 11:19:21', '沈阳路');
INSERT INTO `peccancy` VALUES ('517', '鲁C50156', '1042', '2016-09-04 12:19:21', '沈阳路');
INSERT INTO `peccancy` VALUES ('518', '鲁C50157', '1042', '2016-09-05 13:19:21', '沈阳路');
INSERT INTO `peccancy` VALUES ('519', '鲁C50158', '1042', '2016-09-06 14:19:21', '沈阳路');
INSERT INTO `peccancy` VALUES ('520', '鲁C50143', '1042', '2016-09-07 09:19:21', '沈阳路');
INSERT INTO `peccancy` VALUES ('521', '鲁C50144', '1042', '2016-09-08 10:19:21', '沈阳路');
INSERT INTO `peccancy` VALUES ('522', '鲁C50145', '1042', '2016-09-09 11:19:21', '沈阳路');
INSERT INTO `peccancy` VALUES ('523', '鲁C50146', '1042', '2016-09-10 12:19:21', '沈阳路');
INSERT INTO `peccancy` VALUES ('524', '鲁C50147', '1042', '2016-09-11 13:19:21', '沈阳路');
INSERT INTO `peccancy` VALUES ('525', '鲁C50148', '1042', '2016-09-12 14:19:21', '沈阳路');
INSERT INTO `peccancy` VALUES ('526', '鲁C50149', '1042', '2016-09-13 09:19:21', '沈阳路');
INSERT INTO `peccancy` VALUES ('527', '鲁C50150', '1042', '2016-09-14 10:19:21', '沈阳路');
INSERT INTO `peccancy` VALUES ('528', '鲁C50151', '1042', '2016-09-15 11:19:21', '沈阳路');
INSERT INTO `peccancy` VALUES ('529', '鲁C50152', '1042', '2016-09-16 12:19:21', '沈阳路');
INSERT INTO `peccancy` VALUES ('530', '鲁C50153', '1042', '2016-09-17 13:19:21', '沈阳路');
INSERT INTO `peccancy` VALUES ('531', '鲁C50154', '1042', '2016-09-18 14:19:21', '沈阳路');
INSERT INTO `peccancy` VALUES ('532', '鲁C50155', '1042', '2016-09-19 09:19:21', '沈阳路');
INSERT INTO `peccancy` VALUES ('533', '鲁C50156', '1042', '2016-09-20 10:19:21', '沈阳路');
INSERT INTO `peccancy` VALUES ('534', '鲁C50157', '1042', '2016-09-21 11:19:21', '沈阳路');
INSERT INTO `peccancy` VALUES ('535', '鲁C50158', '1042', '2016-09-22 12:19:21', '沈阳路');
INSERT INTO `peccancy` VALUES ('536', '鲁C50143', '1042', '2016-09-23 13:19:21', '沈阳路');
INSERT INTO `peccancy` VALUES ('537', '鲁C50144', '1042', '2016-09-24 14:19:21', '沈阳路');
INSERT INTO `peccancy` VALUES ('538', '鲁C50145', '1042', '2016-09-25 09:19:21', '沈阳路');
INSERT INTO `peccancy` VALUES ('539', '鲁C50146', '1042', '2016-09-26 10:19:21', '沈阳路');
INSERT INTO `peccancy` VALUES ('540', '鲁C50147', '1042', '2016-09-27 11:19:21', '沈阳路');
INSERT INTO `peccancy` VALUES ('541', '鲁C50148', '1042', '2016-09-28 12:19:21', '沈阳路');
INSERT INTO `peccancy` VALUES ('542', '鲁C50149', '1042', '2016-09-29 13:19:21', '沈阳路');
INSERT INTO `peccancy` VALUES ('543', '鲁C50150', '1042', '2016-09-30 14:19:21', '沈阳路');
INSERT INTO `peccancy` VALUES ('544', '鲁C50151', '1042', '2016-10-01 09:19:21', '沈阳路');
INSERT INTO `peccancy` VALUES ('545', '鲁C50152', '1042', '2016-10-02 10:19:21', '沈阳路');
INSERT INTO `peccancy` VALUES ('546', '鲁C50153', '1042', '2016-10-03 11:19:21', '沈阳路');
INSERT INTO `peccancy` VALUES ('547', '鲁C50154', '1042', '2016-10-04 12:19:21', '沈阳路');
INSERT INTO `peccancy` VALUES ('548', '鲁C50155', '1042', '2016-10-05 13:19:21', '沈阳路');
INSERT INTO `peccancy` VALUES ('549', '鲁C50156', '1042', '2016-10-06 14:19:21', '沈阳路');
INSERT INTO `peccancy` VALUES ('550', '鲁C50157', '1042', '2016-10-07 09:19:21', '沈阳路');
INSERT INTO `peccancy` VALUES ('551', '鲁C50158', '1042', '2016-10-08 10:19:21', '沈阳路');
INSERT INTO `peccancy` VALUES ('552', '鲁C50143', '1042', '2016-10-09 11:19:21', '沈阳路');
INSERT INTO `peccancy` VALUES ('553', '鲁C50144', '1042', '2016-10-10 12:19:21', '沈阳路');
INSERT INTO `peccancy` VALUES ('554', '鲁C50145', '1042', '2016-10-11 13:19:21', '北京路');
INSERT INTO `peccancy` VALUES ('555', '鲁C50146', '1042', '2016-10-12 14:19:21', '重庆路');
INSERT INTO `peccancy` VALUES ('556', '鲁C50147', '1042', '2016-10-13 09:19:21', '沈阳路');
INSERT INTO `peccancy` VALUES ('557', '鲁C50148', '1042', '2016-10-14 10:19:21', '南京路');
INSERT INTO `peccancy` VALUES ('558', '鲁C50149', '1042', '2016-10-15 11:19:21', '上海路');
INSERT INTO `peccancy` VALUES ('559', '鲁C50150', '1042', '2016-10-16 12:19:21', '广州路');
INSERT INTO `peccancy` VALUES ('560', '鲁C50151', '1042', '2016-10-17 13:19:21', '高速公路');
INSERT INTO `peccancy` VALUES ('561', '鲁C50152', '1042', '2016-10-18 14:19:21', '北京路');
INSERT INTO `peccancy` VALUES ('562', '鲁C50153', '1042', '2016-10-19 09:19:21', '重庆路');
INSERT INTO `peccancy` VALUES ('563', '鲁C50154', '1042', '2016-10-20 10:19:21', '沈阳路');
INSERT INTO `peccancy` VALUES ('564', '鲁C50155', '1042', '2016-10-21 11:19:21', '南京路');
INSERT INTO `peccancy` VALUES ('565', '鲁C50156', '1042', '2016-10-22 12:19:21', '上海路');
INSERT INTO `peccancy` VALUES ('566', '鲁C50157', '1042', '2016-10-23 13:19:21', '广州路');
INSERT INTO `peccancy` VALUES ('567', '鲁C50158', '1042', '2016-10-24 14:19:21', '高速公路');
INSERT INTO `peccancy` VALUES ('568', '鲁C50143', '1042', '2016-10-25 09:19:21', '北京路');
INSERT INTO `peccancy` VALUES ('569', '鲁C50144', '1042', '2016-10-26 10:19:21', '重庆路');
INSERT INTO `peccancy` VALUES ('570', '鲁C50145', '1042', '2016-10-27 11:19:21', '沈阳路');
INSERT INTO `peccancy` VALUES ('571', '鲁C50146', '1042', '2016-10-28 12:19:21', '南京路');
INSERT INTO `peccancy` VALUES ('572', '鲁C50147', '1042', '2016-10-29 13:19:21', '上海路');
INSERT INTO `peccancy` VALUES ('573', '鲁C50148', '1042', '2016-10-30 14:19:21', '广州路');
INSERT INTO `peccancy` VALUES ('574', '鲁C50149', '1042', '2016-10-31 09:19:21', '高速公路');
INSERT INTO `peccancy` VALUES ('575', '鲁C50150', '1042', '2016-11-01 10:19:21', '北京路');
INSERT INTO `peccancy` VALUES ('576', '鲁C50151', '1042', '2016-11-02 11:19:21', '重庆路');
INSERT INTO `peccancy` VALUES ('577', '鲁C50152', '1042', '2016-11-03 12:19:21', '沈阳路');
INSERT INTO `peccancy` VALUES ('578', '鲁C50153', '1042', '2016-11-04 13:19:21', '南京路');
INSERT INTO `peccancy` VALUES ('579', '鲁C50154', '1042', '2016-11-05 14:19:21', '上海路');
INSERT INTO `peccancy` VALUES ('580', '鲁C50155', '1042', '2016-11-06 09:19:21', '广州路');
INSERT INTO `peccancy` VALUES ('581', '鲁C50156', '1042', '2016-11-07 10:19:21', '高速公路');
INSERT INTO `peccancy` VALUES ('582', '鲁C50157', '1042', '2016-11-08 11:19:21', '北京路');
INSERT INTO `peccancy` VALUES ('583', '鲁C50158', '1042', '2016-11-09 12:19:21', '重庆路');
INSERT INTO `peccancy` VALUES ('584', '鲁C50143', '1042', '2016-11-10 13:19:21', '沈阳路');
INSERT INTO `peccancy` VALUES ('585', '鲁C50144', '1042', '2016-11-11 14:19:21', '南京路');
INSERT INTO `peccancy` VALUES ('586', '鲁C50145', '1042', '2016-11-12 09:19:21', '上海路');
INSERT INTO `peccancy` VALUES ('587', '鲁C50146', '1042', '2016-11-13 10:19:21', '广州路');
INSERT INTO `peccancy` VALUES ('588', '鲁C50147', '1042', '2016-11-14 11:19:21', '高速公路');
INSERT INTO `peccancy` VALUES ('589', '鲁C50148', '1042', '2016-11-15 12:19:21', '北京路');
INSERT INTO `peccancy` VALUES ('590', '鲁C50149', '1042', '2016-11-16 13:19:21', '重庆路');
INSERT INTO `peccancy` VALUES ('591', '鲁C50150', '1042', '2016-11-17 14:19:21', '沈阳路');
INSERT INTO `peccancy` VALUES ('592', '鲁C50151', '1042', '2016-11-18 09:19:21', '南京路');
INSERT INTO `peccancy` VALUES ('593', '鲁C50152', '1042', '2016-11-19 10:19:21', '上海路');
INSERT INTO `peccancy` VALUES ('594', '鲁C50153', '1042', '2016-11-20 11:19:21', '广州路');
INSERT INTO `peccancy` VALUES ('595', '鲁C50154', '1042', '2016-11-21 12:19:21', '高速公路');
INSERT INTO `peccancy` VALUES ('596', '鲁C50155', '1042', '2016-11-22 13:19:21', '北京路');
INSERT INTO `peccancy` VALUES ('597', '鲁C50156', '1042', '2016-11-23 14:19:21', '重庆路');
INSERT INTO `peccancy` VALUES ('598', '鲁C50157', '1042', '2016-11-24 09:19:21', '重庆路');
INSERT INTO `peccancy` VALUES ('599', '鲁C50158', '1042', '2016-11-25 10:19:21', '重庆路');
INSERT INTO `peccancy` VALUES ('600', '鲁C50143', '1042', '2016-11-26 11:19:21', '重庆路');
INSERT INTO `peccancy` VALUES ('601', '鲁C50144', '1042', '2016-11-27 12:19:21', '重庆路');
INSERT INTO `peccancy` VALUES ('602', '鲁C50145', '1042', '2016-11-28 13:19:21', '重庆路');
INSERT INTO `peccancy` VALUES ('603', '鲁C50146', '1042', '2016-11-29 14:19:21', '重庆路');
INSERT INTO `peccancy` VALUES ('604', '鲁C50147', '1042', '2016-11-30 09:19:21', '重庆路');
INSERT INTO `peccancy` VALUES ('605', '鲁C50148', '1042', '2016-12-01 10:19:21', '重庆路');
INSERT INTO `peccancy` VALUES ('606', '鲁C50149', '1042', '2016-12-02 11:19:21', '重庆路');
INSERT INTO `peccancy` VALUES ('607', '鲁C50150', '1042', '2016-12-03 12:19:21', '重庆路');
INSERT INTO `peccancy` VALUES ('608', '鲁C50151', '1042', '2016-12-04 13:19:21', '重庆路');
INSERT INTO `peccancy` VALUES ('609', '鲁C50152', '1042', '2016-12-05 14:19:21', '重庆路');
INSERT INTO `peccancy` VALUES ('610', '鲁C50153', '1042', '2016-12-06 09:19:21', '重庆路');
INSERT INTO `peccancy` VALUES ('611', '鲁C50154', '1042', '2016-12-07 10:19:21', '重庆路');
INSERT INTO `peccancy` VALUES ('612', '鲁C50155', '1042', '2016-12-08 11:19:21', '重庆路');
INSERT INTO `peccancy` VALUES ('613', '鲁C50156', '1042', '2016-12-09 12:19:21', '重庆路');
INSERT INTO `peccancy` VALUES ('614', '鲁C50157', '1042', '2016-12-10 13:19:21', '重庆路');
INSERT INTO `peccancy` VALUES ('615', '鲁C50158', '1042', '2016-12-11 14:19:21', '重庆路');
INSERT INTO `peccancy` VALUES ('616', '鲁C50143', '1042', '2016-05-21 09:19:21', '重庆路');
INSERT INTO `peccancy` VALUES ('617', '鲁C50144', '1042', '2016-05-22 10:19:21', '重庆路');
INSERT INTO `peccancy` VALUES ('618', '鲁C50145', '1042', '2016-05-23 11:19:21', '重庆路');
INSERT INTO `peccancy` VALUES ('619', '鲁C50146', '1042', '2016-05-24 12:19:21', '重庆路');
INSERT INTO `peccancy` VALUES ('620', '鲁C50147', '1042', '2016-05-25 13:19:21', '重庆路');
INSERT INTO `peccancy` VALUES ('621', '鲁C50148', '1042', '2016-05-26 14:19:21', '重庆路');
INSERT INTO `peccancy` VALUES ('622', '鲁C50149', '1042', '2016-05-27 09:19:21', '重庆路');
INSERT INTO `peccancy` VALUES ('623', '鲁C50150', '1042', '2016-05-28 10:19:21', '重庆路');
INSERT INTO `peccancy` VALUES ('624', '鲁C50151', '1042', '2016-05-29 11:19:21', '重庆路');
INSERT INTO `peccancy` VALUES ('625', '鲁C50152', '1042', '2016-05-30 12:19:21', '重庆路');
INSERT INTO `peccancy` VALUES ('626', '鲁C50153', '1042', '2016-05-31 13:19:21', '重庆路');
INSERT INTO `peccancy` VALUES ('627', '鲁C50154', '1042', '2016-06-01 14:19:21', '重庆路');
INSERT INTO `peccancy` VALUES ('628', '鲁C50155', '1042', '2016-06-02 09:19:21', '重庆路');
INSERT INTO `peccancy` VALUES ('629', '鲁C50156', '1042', '2016-06-03 10:19:21', '重庆路');
INSERT INTO `peccancy` VALUES ('630', '鲁C50157', '1042', '2016-06-04 11:19:21', '重庆路');
INSERT INTO `peccancy` VALUES ('631', '鲁C50158', '1042', '2016-06-05 12:19:21', '重庆路');
INSERT INTO `peccancy` VALUES ('632', '鲁C50143', '1042', '2016-06-06 13:19:21', '重庆路');
INSERT INTO `peccancy` VALUES ('633', '鲁C50144', '1042', '2016-06-07 14:19:21', '重庆路');
INSERT INTO `peccancy` VALUES ('634', '鲁C50145', '1042', '2016-06-08 09:19:21', '重庆路');
INSERT INTO `peccancy` VALUES ('635', '鲁C50146', '1042', '2016-06-09 10:19:21', '重庆路');
INSERT INTO `peccancy` VALUES ('636', '鲁C50147', '1042', '2016-06-10 11:19:21', '重庆路');
INSERT INTO `peccancy` VALUES ('637', '鲁C50148', '1042', '2016-06-11 12:19:21', '重庆路');
INSERT INTO `peccancy` VALUES ('638', '鲁C50149', '1042', '2016-06-12 13:19:21', '重庆路');
INSERT INTO `peccancy` VALUES ('639', '鲁C50150', '1042', '2016-06-13 14:19:21', '重庆路');
INSERT INTO `peccancy` VALUES ('640', '鲁C50151', '1042', '2016-06-14 09:19:21', '重庆路');
INSERT INTO `peccancy` VALUES ('641', '鲁C50152', '1042', '2016-06-15 10:19:21', '重庆路');
INSERT INTO `peccancy` VALUES ('642', '鲁C50153', '1042', '2016-06-16 11:19:21', '重庆路');
INSERT INTO `peccancy` VALUES ('643', '鲁C50154', '1042', '2016-06-17 12:19:21', '重庆路');
INSERT INTO `peccancy` VALUES ('644', '鲁C50155', '1042', '2016-06-18 13:19:21', '重庆路');
INSERT INTO `peccancy` VALUES ('645', '鲁C50156', '1042', '2016-06-19 14:19:21', '重庆路');
INSERT INTO `peccancy` VALUES ('646', '鲁C50157', '1042', '2016-06-20 09:19:21', '重庆路');
INSERT INTO `peccancy` VALUES ('647', '鲁C50158', '1042', '2016-06-21 10:19:21', '重庆路');
INSERT INTO `peccancy` VALUES ('648', '鲁C50143', '1042', '2016-06-22 11:19:21', '重庆路');
INSERT INTO `peccancy` VALUES ('649', '鲁C50144', '1042', '2016-06-23 12:19:21', '重庆路');
INSERT INTO `peccancy` VALUES ('650', '鲁C50145', '1042', '2016-06-24 13:19:21', '重庆路');
INSERT INTO `peccancy` VALUES ('651', '鲁C50146', '1042', '2016-06-25 14:19:21', '重庆路');
INSERT INTO `peccancy` VALUES ('652', '鲁C50147', '1042', '2016-06-26 09:19:21', '重庆路');
INSERT INTO `peccancy` VALUES ('653', '鲁C50148', '1042', '2016-06-27 10:19:21', '重庆路');
INSERT INTO `peccancy` VALUES ('654', '鲁C50149', '1042', '2016-06-28 11:19:21', '重庆路');
INSERT INTO `peccancy` VALUES ('655', '鲁C50150', '1042', '2016-06-29 12:19:21', '重庆路');
INSERT INTO `peccancy` VALUES ('656', '鲁C50151', '1042', '2016-06-30 13:19:21', '重庆路');
INSERT INTO `peccancy` VALUES ('657', '鲁C50152', '1042', '2016-07-01 14:19:21', '重庆路');
INSERT INTO `peccancy` VALUES ('658', '鲁C50153', '1042', '2016-07-02 09:19:21', '重庆路');
INSERT INTO `peccancy` VALUES ('659', '鲁C50154', '1042', '2016-07-03 10:19:21', '重庆路');
INSERT INTO `peccancy` VALUES ('660', '鲁C50155', '1042', '2016-07-04 11:19:21', '重庆路');
INSERT INTO `peccancy` VALUES ('661', '鲁C50156', '1042', '2016-07-05 12:19:21', '重庆路');
INSERT INTO `peccancy` VALUES ('662', '鲁C50157', '1042', '2016-07-06 13:19:21', '重庆路');
INSERT INTO `peccancy` VALUES ('663', '鲁C50158', '1042', '2016-07-07 14:19:21', '重庆路');
INSERT INTO `peccancy` VALUES ('664', '鲁C50143', '1042', '2016-07-08 09:19:21', '重庆路');
INSERT INTO `peccancy` VALUES ('665', '鲁C50144', '1042', '2016-07-09 10:19:21', '重庆路');
INSERT INTO `peccancy` VALUES ('666', '鲁C50145', '1042', '2016-07-10 11:19:21', '重庆路');
INSERT INTO `peccancy` VALUES ('667', '鲁C50146', '1042', '2016-07-11 12:19:21', '重庆路');
INSERT INTO `peccancy` VALUES ('668', '鲁C50147', '1042', '2016-07-12 13:19:21', '重庆路');
INSERT INTO `peccancy` VALUES ('669', '鲁C50148', '1042', '2016-07-13 14:19:21', '重庆路');
INSERT INTO `peccancy` VALUES ('670', '鲁C50149', '1042', '2016-07-14 09:19:21', '重庆路');
INSERT INTO `peccancy` VALUES ('671', '鲁C50150', '1042', '2016-07-15 10:19:21', '重庆路');
INSERT INTO `peccancy` VALUES ('672', '鲁C50151', '1042', '2016-07-16 11:19:21', '重庆路');
INSERT INTO `peccancy` VALUES ('673', '鲁C50152', '1042', '2016-07-17 12:19:21', '重庆路');
INSERT INTO `peccancy` VALUES ('674', '鲁C50153', '1042', '2016-07-18 13:19:21', '重庆路');
INSERT INTO `peccancy` VALUES ('675', '鲁C50154', '1042', '2016-07-19 14:19:21', '重庆路');
INSERT INTO `peccancy` VALUES ('676', '鲁C50155', '1042', '2016-07-20 09:19:21', '重庆路');
INSERT INTO `peccancy` VALUES ('677', '鲁C50156', '1042', '2016-07-21 10:19:21', '重庆路');
INSERT INTO `peccancy` VALUES ('678', '鲁C50157', '1042', '2016-07-22 11:19:21', '重庆路');
INSERT INTO `peccancy` VALUES ('679', '鲁C50158', '1042', '2016-07-23 12:19:21', '重庆路');
INSERT INTO `peccancy` VALUES ('680', '鲁C50143', '1042', '2016-07-24 13:19:21', '重庆路');
INSERT INTO `peccancy` VALUES ('681', '鲁C50144', '1042', '2016-07-25 14:19:21', '重庆路');
INSERT INTO `peccancy` VALUES ('682', '鲁C50145', '1042', '2016-07-26 09:19:21', '重庆路');
INSERT INTO `peccancy` VALUES ('683', '鲁C50146', '1042', '2016-07-27 10:19:21', '重庆路');
INSERT INTO `peccancy` VALUES ('684', '鲁C50147', '1042', '2016-07-28 11:19:21', '重庆路');
INSERT INTO `peccancy` VALUES ('685', '鲁C50148', '1042', '2016-07-29 12:19:21', '重庆路');
INSERT INTO `peccancy` VALUES ('686', '鲁C50149', '1042', '2016-07-30 13:19:21', '重庆路');
INSERT INTO `peccancy` VALUES ('687', '鲁C50150', '1042', '2016-07-31 14:19:21', '重庆路');
INSERT INTO `peccancy` VALUES ('688', '鲁C50151', '1042', '2016-08-01 09:19:21', '重庆路');
INSERT INTO `peccancy` VALUES ('689', '鲁C50152', '1042', '2016-08-02 10:19:21', '重庆路');
INSERT INTO `peccancy` VALUES ('690', '鲁C50153', '1042', '2016-08-03 11:19:21', '重庆路');
INSERT INTO `peccancy` VALUES ('691', '鲁C50154', '1042', '2016-08-04 12:19:21', '重庆路');
INSERT INTO `peccancy` VALUES ('692', '鲁C50155', '1042', '2016-08-05 13:19:21', '重庆路');
INSERT INTO `peccancy` VALUES ('693', '鲁C50156', '1042', '2016-08-06 14:19:21', '重庆路');
INSERT INTO `peccancy` VALUES ('694', '鲁C50157', '1042', '2016-08-07 09:19:21', '重庆路');
INSERT INTO `peccancy` VALUES ('695', '鲁C50158', '1042', '2016-08-08 10:19:21', '重庆路');
INSERT INTO `peccancy` VALUES ('696', '鲁C50143', '1042', '2016-08-09 11:19:21', '重庆路');
INSERT INTO `peccancy` VALUES ('697', '鲁C50144', '1042', '2016-08-10 12:19:21', '重庆路');
INSERT INTO `peccancy` VALUES ('698', '鲁C50145', '1042', '2016-08-11 13:19:21', '重庆路');
INSERT INTO `peccancy` VALUES ('699', '鲁C50146', '1042', '2016-08-12 14:19:21', '重庆路');
INSERT INTO `peccancy` VALUES ('700', '鲁C50147', '1042', '2016-08-13 09:19:21', '重庆路');
INSERT INTO `peccancy` VALUES ('701', '鲁C50148', '1042', '2016-08-14 10:19:21', '重庆路');
INSERT INTO `peccancy` VALUES ('702', '鲁C50149', '1042', '2016-08-15 11:19:21', '重庆路');
INSERT INTO `peccancy` VALUES ('703', '鲁C50150', '1043', '2016-08-16 12:19:21', '重庆路');
INSERT INTO `peccancy` VALUES ('704', '鲁C50151', '1044', '2016-08-17 13:19:21', '重庆路');
INSERT INTO `peccancy` VALUES ('705', '鲁C50152', '1045', '2016-08-18 14:19:21', '重庆路');
INSERT INTO `peccancy` VALUES ('706', '鲁C50153', '1046', '2016-08-19 09:19:21', '重庆路');
INSERT INTO `peccancy` VALUES ('707', '鲁C50154', '1047', '2016-08-20 10:19:21', '重庆路');
INSERT INTO `peccancy` VALUES ('708', '鲁C50155', '1042', '2016-08-21 11:19:21', '重庆路');
INSERT INTO `peccancy` VALUES ('709', '鲁C50156', '1043', '2016-08-22 12:19:21', '重庆路');
INSERT INTO `peccancy` VALUES ('710', '鲁C50157', '1044', '2016-08-23 13:19:21', '重庆路');
INSERT INTO `peccancy` VALUES ('711', '鲁C50158', '1045', '2016-08-24 14:19:21', '重庆路');
INSERT INTO `peccancy` VALUES ('712', '鲁C50143', '1046', '2016-08-25 09:19:21', '重庆路');
INSERT INTO `peccancy` VALUES ('713', '鲁C50144', '1047', '2016-08-26 10:19:21', '重庆路');
INSERT INTO `peccancy` VALUES ('714', '鲁C50145', '1042', '2016-08-27 11:19:21', '重庆路');
INSERT INTO `peccancy` VALUES ('715', '鲁C50146', '1043', '2016-08-28 12:19:21', '重庆路');
INSERT INTO `peccancy` VALUES ('716', '鲁C50147', '1044', '2016-08-29 13:19:21', '重庆路');
INSERT INTO `peccancy` VALUES ('717', '鲁C50148', '1045', '2016-08-30 14:19:21', '重庆路');
INSERT INTO `peccancy` VALUES ('718', '鲁C50149', '1046', '2016-08-31 09:19:21', '重庆路');
INSERT INTO `peccancy` VALUES ('719', '鲁C50150', '1047', '2016-09-01 10:19:21', '重庆路');
INSERT INTO `peccancy` VALUES ('720', '鲁C50151', '1042', '2016-09-02 11:19:21', '重庆路');
INSERT INTO `peccancy` VALUES ('721', '鲁C50152', '1043', '2016-09-03 12:19:21', '重庆路');
INSERT INTO `peccancy` VALUES ('722', '鲁C50153', '1044', '2016-09-04 13:19:21', '重庆路');
INSERT INTO `peccancy` VALUES ('723', '鲁C50154', '1045', '2016-09-05 14:19:21', '重庆路');
INSERT INTO `peccancy` VALUES ('724', '鲁C50155', '1046', '2016-09-06 09:19:21', '重庆路');
INSERT INTO `peccancy` VALUES ('725', '鲁C50156', '1047', '2016-09-07 10:19:21', '重庆路');
INSERT INTO `peccancy` VALUES ('726', '鲁C50157', '1042', '2016-09-08 11:19:21', '重庆路');
INSERT INTO `peccancy` VALUES ('727', '鲁C50158', '1043', '2016-09-09 12:19:21', '重庆路');
INSERT INTO `peccancy` VALUES ('728', '鲁C50143', '1044', '2016-09-10 13:19:21', '重庆路');
INSERT INTO `peccancy` VALUES ('729', '鲁C50144', '1045', '2016-09-11 14:19:21', '重庆路');
INSERT INTO `peccancy` VALUES ('730', '鲁C50145', '1046', '2016-09-12 09:19:21', '重庆路');
INSERT INTO `peccancy` VALUES ('731', '鲁C50146', '1047', '2016-09-13 10:19:21', '重庆路');
INSERT INTO `peccancy` VALUES ('732', '鲁C50147', '1042', '2016-09-14 11:19:21', '重庆路');
INSERT INTO `peccancy` VALUES ('733', '鲁C50148', '1043', '2016-09-15 12:19:21', '重庆路');
INSERT INTO `peccancy` VALUES ('734', '鲁C50129', '1044', '2016-09-16 13:19:21', '重庆路');
INSERT INTO `peccancy` VALUES ('735', '鲁C50130', '1045', '2016-09-17 14:19:21', '重庆路');
INSERT INTO `peccancy` VALUES ('736', '鲁C50131', '1046', '2016-09-18 09:19:21', '重庆路');
INSERT INTO `peccancy` VALUES ('737', '鲁C50132', '1047', '2016-09-19 10:19:21', '重庆路');
INSERT INTO `peccancy` VALUES ('738', '鲁C50133', '1042', '2016-09-20 11:19:21', '重庆路');
INSERT INTO `peccancy` VALUES ('739', '鲁C50151', '1043', '2016-09-21 12:19:21', '重庆路');
INSERT INTO `peccancy` VALUES ('740', '鲁C50152', '1044', '2016-09-22 13:19:21', '重庆路');
INSERT INTO `peccancy` VALUES ('741', '鲁C50153', '1045', '2016-09-23 14:19:21', '重庆路');
INSERT INTO `peccancy` VALUES ('742', '鲁C50154', '1046', '2016-09-24 09:19:21', '重庆路');
INSERT INTO `peccancy` VALUES ('743', '鲁C50155', '1047', '2016-09-25 10:19:21', '重庆路');
INSERT INTO `peccancy` VALUES ('744', '鲁C50156', '1042', '2016-09-26 11:19:21', '重庆路');
INSERT INTO `peccancy` VALUES ('745', '鲁C50157', '1043', '2016-09-27 12:19:21', '重庆路');
INSERT INTO `peccancy` VALUES ('746', '鲁C50158', '1044', '2016-09-28 13:19:21', '重庆路');
INSERT INTO `peccancy` VALUES ('747', '鲁C50143', '1045', '2016-09-29 14:19:21', '重庆路');
INSERT INTO `peccancy` VALUES ('748', '鲁C50144', '1046', '2016-09-30 09:19:21', '重庆路');
INSERT INTO `peccancy` VALUES ('749', '鲁C50145', '1047', '2016-10-01 10:19:21', '重庆路');
INSERT INTO `peccancy` VALUES ('750', '鲁C50146', '1042', '2016-10-02 11:19:21', '重庆路');
INSERT INTO `peccancy` VALUES ('751', '鲁C50147', '1043', '2016-10-03 12:19:21', '重庆路');
INSERT INTO `peccancy` VALUES ('752', '鲁C50148', '1044', '2016-10-04 13:19:21', '重庆路');
INSERT INTO `peccancy` VALUES ('753', '鲁C50149', '1045', '2016-10-05 14:19:21', '重庆路');
INSERT INTO `peccancy` VALUES ('754', '鲁C50150', '1046', '2016-10-06 09:19:21', '重庆路');
INSERT INTO `peccancy` VALUES ('755', '鲁C50151', '1047', '2016-10-07 10:19:21', '重庆路');
INSERT INTO `peccancy` VALUES ('756', '鲁C50152', '1042', '2016-10-08 11:19:21', '重庆路');
INSERT INTO `peccancy` VALUES ('757', '鲁C50153', '1043', '2016-10-09 12:19:21', '重庆路');
INSERT INTO `peccancy` VALUES ('758', '鲁C50154', '1044', '2016-10-10 13:19:21', '重庆路');
INSERT INTO `peccancy` VALUES ('759', '鲁C50155', '1045', '2016-10-11 14:19:21', '重庆路');
INSERT INTO `peccancy` VALUES ('760', '鲁C50156', '1046', '2016-10-12 09:19:21', '重庆路');
INSERT INTO `peccancy` VALUES ('761', '鲁C50157', '1047', '2016-10-13 10:19:21', '重庆路');
INSERT INTO `peccancy` VALUES ('762', '鲁C50158', '1042', '2016-10-14 11:19:21', '重庆路');
INSERT INTO `peccancy` VALUES ('763', '鲁C50143', '1043', '2016-10-15 12:19:21', '重庆路');
INSERT INTO `peccancy` VALUES ('764', '鲁C50144', '1044', '2016-10-16 13:19:21', '重庆路');
INSERT INTO `peccancy` VALUES ('765', '鲁C50145', '1045', '2016-10-17 14:19:21', '重庆路');
INSERT INTO `peccancy` VALUES ('766', '鲁C50146', '1046', '2016-10-18 09:19:21', '重庆路');
INSERT INTO `peccancy` VALUES ('767', '鲁C50147', '1047', '2016-10-19 10:19:21', '重庆路');
INSERT INTO `peccancy` VALUES ('768', '鲁C50148', '1042', '2016-10-20 11:19:21', '重庆路');
INSERT INTO `peccancy` VALUES ('769', '鲁C50149', '1043', '2016-10-21 12:19:21', '重庆路');
INSERT INTO `peccancy` VALUES ('770', '鲁C50150', '1044', '2016-10-22 13:19:21', '重庆路');
INSERT INTO `peccancy` VALUES ('771', '鲁C50151', '1045', '2016-10-23 14:19:21', '重庆路');
INSERT INTO `peccancy` VALUES ('772', '鲁C50152', '1046', '2016-10-24 09:19:21', '重庆路');
INSERT INTO `peccancy` VALUES ('773', '鲁C50153', '1047', '2016-10-25 10:19:21', '重庆路');
INSERT INTO `peccancy` VALUES ('774', '鲁C50154', '1042', '2016-10-26 11:19:21', '重庆路');
INSERT INTO `peccancy` VALUES ('775', '鲁C50155', '1043', '2016-10-27 12:19:21', '重庆路');
INSERT INTO `peccancy` VALUES ('776', '鲁C50156', '1044', '2016-10-28 13:19:21', '重庆路');
INSERT INTO `peccancy` VALUES ('777', '鲁C50157', '1045', '2016-10-29 14:19:21', '重庆路');
INSERT INTO `peccancy` VALUES ('778', '鲁C50158', '1046', '2016-10-30 09:19:21', '重庆路');
INSERT INTO `peccancy` VALUES ('779', '鲁C50143', '1047', '2016-10-31 10:19:21', '重庆路');
INSERT INTO `peccancy` VALUES ('780', '鲁C50144', '1042', '2016-11-01 11:19:21', '重庆路');
INSERT INTO `peccancy` VALUES ('781', '鲁C50145', '1043', '2016-11-02 12:19:21', '重庆路');
INSERT INTO `peccancy` VALUES ('782', '鲁C50146', '1044', '2016-11-03 13:19:21', '重庆路');
INSERT INTO `peccancy` VALUES ('783', '鲁C50147', '1045', '2016-11-04 14:19:21', '重庆路');
INSERT INTO `peccancy` VALUES ('784', '鲁C50148', '1046', '2016-11-05 09:19:21', '重庆路');
INSERT INTO `peccancy` VALUES ('785', '鲁C50149', '1047', '2016-11-06 10:19:21', '重庆路');
INSERT INTO `peccancy` VALUES ('786', '鲁C50150', '1042', '2016-11-07 11:19:21', '重庆路');
INSERT INTO `peccancy` VALUES ('787', '鲁C50151', '1043', '2016-11-08 12:19:21', '重庆路');
INSERT INTO `peccancy` VALUES ('788', '鲁C50152', '1044', '2016-11-09 13:19:21', '重庆路');
INSERT INTO `peccancy` VALUES ('789', '鲁C50153', '1045', '2016-11-10 14:19:21', '重庆路');
INSERT INTO `peccancy` VALUES ('790', '鲁C50154', '1046', '2016-11-11 09:19:21', '重庆路');
INSERT INTO `peccancy` VALUES ('791', '鲁C50155', '1047', '2016-11-12 10:19:21', '重庆路');
INSERT INTO `peccancy` VALUES ('792', '鲁C50156', '1042', '2016-11-13 11:19:21', '重庆路');
INSERT INTO `peccancy` VALUES ('793', '鲁C50157', '1043', '2016-11-14 12:19:21', '重庆路');
INSERT INTO `peccancy` VALUES ('794', '鲁C50158', '1044', '2016-11-15 13:19:21', '重庆路');
INSERT INTO `peccancy` VALUES ('795', '鲁C50143', '1045', '2016-11-16 14:19:21', '重庆路');
INSERT INTO `peccancy` VALUES ('796', '鲁C50144', '1046', '2016-11-17 09:19:21', '重庆路');
INSERT INTO `peccancy` VALUES ('797', '鲁C50145', '1047', '2016-11-18 10:19:21', '重庆路');
INSERT INTO `peccancy` VALUES ('798', '鲁C50146', '1042', '2016-11-19 11:19:21', '重庆路');
INSERT INTO `peccancy` VALUES ('799', '鲁C50147', '1043', '2016-11-20 12:19:21', '重庆路');
INSERT INTO `peccancy` VALUES ('800', '鲁C50148', '1044', '2016-11-21 13:19:21', '重庆路');
INSERT INTO `peccancy` VALUES ('801', '鲁C50149', '1045', '2016-11-22 14:19:21', '重庆路');
INSERT INTO `peccancy` VALUES ('802', '鲁C50150', '1046', '2016-11-23 09:19:21', '重庆路');
INSERT INTO `peccancy` VALUES ('803', '鲁C50151', '1047', '2016-11-24 10:19:21', '重庆路');
INSERT INTO `peccancy` VALUES ('804', '鲁C50152', '1042', '2016-11-25 11:19:21', '重庆路');
INSERT INTO `peccancy` VALUES ('805', '鲁C50153', '1043', '2016-11-26 12:19:21', '重庆路');
INSERT INTO `peccancy` VALUES ('806', '鲁C50154', '1044', '2016-11-27 13:19:21', '重庆路');
INSERT INTO `peccancy` VALUES ('807', '鲁C50155', '1045', '2016-11-28 14:19:21', '重庆路');
INSERT INTO `peccancy` VALUES ('808', '鲁C50156', '1046', '2016-11-29 09:19:21', '重庆路');
INSERT INTO `peccancy` VALUES ('809', '鲁C50157', '1047', '2016-11-30 10:19:21', '重庆路');
INSERT INTO `peccancy` VALUES ('810', '鲁C50158', '1042', '2016-12-01 11:19:21', '重庆路');
INSERT INTO `peccancy` VALUES ('811', '鲁C50143', '1043', '2016-12-02 12:19:21', '重庆路');
INSERT INTO `peccancy` VALUES ('812', '鲁C50144', '1044', '2016-12-03 13:19:21', '重庆路');
INSERT INTO `peccancy` VALUES ('813', '鲁C50145', '1045', '2016-12-04 14:19:21', '重庆路');
INSERT INTO `peccancy` VALUES ('814', '鲁C50146', '1046', '2016-12-05 09:19:21', '重庆路');
INSERT INTO `peccancy` VALUES ('815', '鲁C50147', '1047', '2016-12-06 10:19:21', '重庆路');
INSERT INTO `peccancy` VALUES ('816', '鲁C50148', '1042', '2016-12-07 11:19:21', '重庆路');
INSERT INTO `peccancy` VALUES ('817', '鲁C50129', '1043', '2016-12-08 12:19:21', '重庆路');
INSERT INTO `peccancy` VALUES ('818', '鲁C50130', '1110', '2016-12-09 13:19:21', '重庆路');
INSERT INTO `peccancy` VALUES ('819', '鲁C50131', '1201', '2016-12-10 14:19:21', '重庆路');
INSERT INTO `peccancy` VALUES ('820', '鲁C50132', '1202', '2016-12-11 09:19:21', '重庆路');
INSERT INTO `peccancy` VALUES ('821', '鲁C50133', '1203', '2016-05-21 10:19:21', '重庆路');
INSERT INTO `peccancy` VALUES ('822', '鲁C50151', '1204', '2016-05-22 11:19:21', '重庆路');
INSERT INTO `peccancy` VALUES ('823', '鲁C50152', '1205', '2016-05-23 12:19:21', '重庆路');
INSERT INTO `peccancy` VALUES ('824', '鲁C50153', '1206', '2016-05-24 13:19:21', '重庆路');
INSERT INTO `peccancy` VALUES ('825', '鲁C50154', '1207', '2016-05-25 14:19:21', '重庆路');
INSERT INTO `peccancy` VALUES ('826', '鲁C50155', '1208', '2016-05-26 09:19:21', '重庆路');
INSERT INTO `peccancy` VALUES ('827', '鲁C50156', '1209', '2016-05-27 10:19:21', '重庆路');
INSERT INTO `peccancy` VALUES ('828', '鲁C50157', '1210', '2016-05-28 11:19:21', '重庆路');
INSERT INTO `peccancy` VALUES ('829', '鲁C50158', '1212', '2016-05-29 12:19:21', '重庆路');
INSERT INTO `peccancy` VALUES ('830', '鲁C50143', '1213', '2016-05-30 13:19:21', '重庆路');
INSERT INTO `peccancy` VALUES ('831', '鲁C50144', '1214', '2016-05-31 14:19:21', '重庆路');
INSERT INTO `peccancy` VALUES ('832', '鲁C50145', '1215', '2016-06-01 09:19:21', '重庆路');
INSERT INTO `peccancy` VALUES ('833', '鲁C50146', '1110', '2016-06-02 10:19:21', '重庆路');
INSERT INTO `peccancy` VALUES ('834', '鲁C50147', '1201', '2016-06-03 11:19:21', '重庆路');
INSERT INTO `peccancy` VALUES ('835', '鲁C50148', '1202', '2016-06-04 12:19:21', '重庆路');
INSERT INTO `peccancy` VALUES ('836', '鲁C50149', '1203', '2016-06-05 13:19:21', '重庆路');
INSERT INTO `peccancy` VALUES ('837', '鲁C50150', '1204', '2016-06-06 14:19:21', '重庆路');
INSERT INTO `peccancy` VALUES ('838', '鲁C50151', '1205', '2016-06-07 09:19:21', '重庆路');
INSERT INTO `peccancy` VALUES ('839', '鲁C50152', '1206', '2016-06-08 10:19:21', '重庆路');
INSERT INTO `peccancy` VALUES ('840', '鲁C50153', '1207', '2016-06-09 11:19:21', '重庆路');
INSERT INTO `peccancy` VALUES ('841', '鲁C50154', '1208', '2016-06-10 12:19:21', '重庆路');
INSERT INTO `peccancy` VALUES ('842', '鲁C50155', '1209', '2016-06-11 13:19:21', '重庆路');
INSERT INTO `peccancy` VALUES ('843', '鲁C50156', '1210', '2016-06-12 14:19:21', '重庆路');
INSERT INTO `peccancy` VALUES ('844', '鲁C50157', '1212', '2016-06-13 09:19:21', '重庆路');
INSERT INTO `peccancy` VALUES ('845', '鲁C50158', '1213', '2016-06-14 10:19:21', '重庆路');
INSERT INTO `peccancy` VALUES ('846', '鲁C50143', '1214', '2016-06-15 11:19:21', '重庆路');
INSERT INTO `peccancy` VALUES ('847', '鲁C50144', '1215', '2016-06-16 12:19:21', '重庆路');
INSERT INTO `peccancy` VALUES ('848', '鲁C50145', '1110', '2016-06-17 13:19:21', '重庆路');
INSERT INTO `peccancy` VALUES ('849', '鲁C50146', '1201', '2016-06-18 14:19:21', '重庆路');
INSERT INTO `peccancy` VALUES ('850', '鲁C50147', '1202', '2016-06-19 09:19:21', '重庆路');
INSERT INTO `peccancy` VALUES ('851', '鲁C50148', '1203', '2016-06-20 10:19:21', '重庆路');
INSERT INTO `peccancy` VALUES ('852', '鲁C50149', '1204', '2016-06-21 11:19:21', '重庆路');
INSERT INTO `peccancy` VALUES ('853', '鲁C50150', '1205', '2016-06-22 12:19:21', '重庆路');
INSERT INTO `peccancy` VALUES ('854', '鲁C50151', '1206', '2016-06-23 13:19:21', '重庆路');
INSERT INTO `peccancy` VALUES ('855', '鲁C50152', '1207', '2016-06-24 14:19:21', '重庆路');
INSERT INTO `peccancy` VALUES ('856', '鲁C50153', '1208', '2016-06-25 09:19:21', '重庆路');
INSERT INTO `peccancy` VALUES ('857', '鲁C50154', '1209', '2016-06-26 10:19:21', '重庆路');
INSERT INTO `peccancy` VALUES ('858', '鲁C50155', '1210', '2016-06-27 11:19:21', '重庆路');
INSERT INTO `peccancy` VALUES ('859', '鲁C50156', '1212', '2016-06-28 12:19:21', '重庆路');
INSERT INTO `peccancy` VALUES ('860', '鲁C50157', '1213', '2016-06-29 13:19:21', '重庆路');
INSERT INTO `peccancy` VALUES ('861', '鲁C50158', '1214', '2016-06-30 14:19:21', '重庆路');
INSERT INTO `peccancy` VALUES ('862', '鲁C50143', '1215', '2016-07-01 09:19:21', '重庆路');
INSERT INTO `peccancy` VALUES ('863', '鲁C50144', '1001A　　', '2016-07-02 10:19:21', '重庆路');
INSERT INTO `peccancy` VALUES ('864', '鲁C50145', '1001B　　', '2016-07-03 11:19:21', '重庆路');
INSERT INTO `peccancy` VALUES ('865', '鲁C50146', '1002A　　', '2016-07-04 12:19:21', '重庆路');
INSERT INTO `peccancy` VALUES ('866', '鲁C50147', '1002B　　', '2016-07-05 13:19:21', '重庆路');
INSERT INTO `peccancy` VALUES ('867', '鲁C50148', '1005A　　', '2016-07-06 14:19:21', '重庆路');
INSERT INTO `peccancy` VALUES ('868', '鲁C50149', '1005B　　', '2016-07-07 09:19:21', '重庆路');
INSERT INTO `peccancy` VALUES ('869', '鲁C50150', '1006A　　', '2016-07-08 10:19:21', '重庆路');
INSERT INTO `peccancy` VALUES ('870', '鲁C50151', '1006B　　', '2016-07-09 11:19:21', '重庆路');
INSERT INTO `peccancy` VALUES ('871', '鲁C50152', '1007', '2016-07-10 12:19:21', '重庆路');
INSERT INTO `peccancy` VALUES ('872', '鲁C50153', '1008', '2016-07-11 13:19:21', '重庆路');
INSERT INTO `peccancy` VALUES ('873', '鲁C50154', '1009', '2016-07-12 14:19:21', '重庆路');
INSERT INTO `peccancy` VALUES ('874', '鲁C50155', '1010A　　', '2016-07-13 09:19:21', '重庆路');
INSERT INTO `peccancy` VALUES ('875', '鲁C50156', '1010B 　', '2016-07-14 10:19:21', '重庆路');
INSERT INTO `peccancy` VALUES ('876', '鲁C50157', '1011', '2016-07-15 11:19:21', '重庆路');
INSERT INTO `peccancy` VALUES ('877', '鲁C50158', '1012', '2016-07-16 12:19:21', '重庆路');
INSERT INTO `peccancy` VALUES ('878', '鲁C50143', '1013', '2016-07-17 13:19:21', '重庆路');
INSERT INTO `peccancy` VALUES ('879', '鲁C50144', '1014', '2016-07-18 14:19:21', '重庆路');
INSERT INTO `peccancy` VALUES ('880', '鲁C50145', '1015', '2016-07-19 09:19:21', '重庆路');
INSERT INTO `peccancy` VALUES ('881', '鲁C50146', '1016', '2016-07-20 10:19:21', '重庆路');
INSERT INTO `peccancy` VALUES ('882', '鲁C50147', '1017', '2016-07-21 11:19:21', '重庆路');
INSERT INTO `peccancy` VALUES ('883', '鲁C50148', '1018', '2016-07-22 12:19:21', '重庆路');
INSERT INTO `peccancy` VALUES ('884', '鲁C50149', '1019', '2016-07-23 13:19:21', '重庆路');
INSERT INTO `peccancy` VALUES ('885', '鲁C50150', '1020', '2016-07-24 14:19:21', '重庆路');
INSERT INTO `peccancy` VALUES ('886', '鲁C50151', '1021', '2016-07-25 09:19:21', '重庆路');
INSERT INTO `peccancy` VALUES ('887', '鲁C50152', '1022', '2016-07-26 10:19:21', '重庆路');
INSERT INTO `peccancy` VALUES ('888', '鲁C50153', '1023', '2016-07-27 11:19:21', '重庆路');
INSERT INTO `peccancy` VALUES ('889', '鲁C50154', '1024', '2016-07-28 12:19:21', '重庆路');
INSERT INTO `peccancy` VALUES ('890', '鲁C50155', '1025', '2016-07-29 13:19:21', '重庆路');
INSERT INTO `peccancy` VALUES ('891', '鲁C50156', '1026', '2016-07-30 14:19:21', '重庆路');
INSERT INTO `peccancy` VALUES ('892', '鲁C50157', '1027', '2016-07-31 09:19:21', '重庆路');
INSERT INTO `peccancy` VALUES ('893', '鲁C50158', '1028', '2016-08-01 10:19:21', '重庆路');
INSERT INTO `peccancy` VALUES ('894', '鲁C50143', '1029', '2016-08-02 11:19:21', '重庆路');
INSERT INTO `peccancy` VALUES ('895', '鲁C50144', '1030', '2016-08-03 12:19:21', '重庆路');
INSERT INTO `peccancy` VALUES ('896', '鲁C50145', '1031', '2016-08-04 13:19:21', '重庆路');
INSERT INTO `peccancy` VALUES ('897', '鲁C50146', '1032', '2016-08-05 14:19:21', '重庆路');
INSERT INTO `peccancy` VALUES ('898', '鲁C50147', '1033', '2016-08-06 09:19:21', '重庆路');
INSERT INTO `peccancy` VALUES ('899', '鲁C50148', '1034', '2016-08-07 10:19:21', '重庆路');
INSERT INTO `peccancy` VALUES ('900', '鲁C50129', '1035', '2016-08-08 11:19:21', '重庆路');
INSERT INTO `peccancy` VALUES ('901', '鲁C50130', '1036', '2016-08-09 12:19:21', '重庆路');
INSERT INTO `peccancy` VALUES ('902', '鲁C50131', '1037', '2016-08-10 13:19:21', '重庆路');
INSERT INTO `peccancy` VALUES ('903', '鲁C50132', '1001A　　', '2016-08-11 14:19:21', '重庆路');
INSERT INTO `peccancy` VALUES ('904', '鲁C50133', '1001B　　', '2016-08-12 09:19:21', '重庆路');
INSERT INTO `peccancy` VALUES ('905', '鲁C50151', '1002A　　', '2016-08-13 10:19:21', '重庆路');
INSERT INTO `peccancy` VALUES ('906', '鲁C50152', '1002B　　', '2016-08-14 11:19:21', '重庆路');
INSERT INTO `peccancy` VALUES ('907', '鲁C50153', '1005A　　', '2016-08-15 12:19:21', '重庆路');
INSERT INTO `peccancy` VALUES ('908', '鲁C50154', '1005B　　', '2016-08-16 13:19:21', '重庆路');
INSERT INTO `peccancy` VALUES ('909', '鲁C50155', '1006A　　', '2016-08-17 14:19:21', '重庆路');
INSERT INTO `peccancy` VALUES ('910', '鲁C50156', '1006B　　', '2016-08-18 09:19:21', '重庆路');
INSERT INTO `peccancy` VALUES ('911', '鲁C50157', '1007', '2016-08-19 10:19:21', '重庆路');
INSERT INTO `peccancy` VALUES ('912', '鲁C50158', '1008', '2016-08-20 11:19:21', '重庆路');
INSERT INTO `peccancy` VALUES ('913', '鲁C50143', '1009', '2016-08-21 12:19:21', '重庆路');
INSERT INTO `peccancy` VALUES ('914', '鲁C50144', '1010A　　', '2016-08-22 13:19:21', '重庆路');
INSERT INTO `peccancy` VALUES ('915', '鲁C50145', '1010B 　', '2016-08-23 14:19:21', '重庆路');
INSERT INTO `peccancy` VALUES ('916', '鲁C50146', '1011', '2016-08-24 09:19:21', '重庆路');
INSERT INTO `peccancy` VALUES ('917', '鲁C50147', '1012', '2016-08-25 10:19:21', '重庆路');
INSERT INTO `peccancy` VALUES ('918', '鲁C50148', '1013', '2016-08-26 11:19:21', '重庆路');
INSERT INTO `peccancy` VALUES ('919', '鲁C50149', '1014', '2016-08-27 12:19:21', '重庆路');
INSERT INTO `peccancy` VALUES ('920', '鲁C50150', '1015', '2016-08-28 13:19:21', '重庆路');
INSERT INTO `peccancy` VALUES ('921', '鲁C50151', '1016', '2016-08-29 14:19:21', '重庆路');
INSERT INTO `peccancy` VALUES ('922', '鲁C50152', '1017', '2016-08-30 09:19:21', '重庆路');
INSERT INTO `peccancy` VALUES ('923', '鲁C50153', '1018', '2016-08-31 10:19:21', '重庆路');
INSERT INTO `peccancy` VALUES ('924', '鲁C50154', '1019', '2016-09-01 11:19:21', '重庆路');
INSERT INTO `peccancy` VALUES ('925', '鲁C50155', '1020', '2016-09-02 12:19:21', '重庆路');
INSERT INTO `peccancy` VALUES ('926', '鲁C50156', '1021', '2016-09-03 13:19:21', '重庆路');
INSERT INTO `peccancy` VALUES ('927', '鲁C50157', '1022', '2016-09-04 14:19:21', '重庆路');
INSERT INTO `peccancy` VALUES ('928', '鲁C50158', '1023', '2016-09-05 09:19:21', '重庆路');
INSERT INTO `peccancy` VALUES ('929', '鲁C50143', '1024', '2016-09-06 10:19:21', '重庆路');
INSERT INTO `peccancy` VALUES ('930', '鲁C50144', '1025', '2016-09-07 11:19:21', '重庆路');
INSERT INTO `peccancy` VALUES ('931', '鲁C50145', '1026', '2016-09-08 12:19:21', '重庆路');
INSERT INTO `peccancy` VALUES ('932', '鲁C50146', '1027', '2016-09-09 13:19:21', '重庆路');
INSERT INTO `peccancy` VALUES ('933', '鲁C50147', '1028', '2016-09-10 14:19:21', '重庆路');
INSERT INTO `peccancy` VALUES ('934', '鲁C50148', '1029', '2016-09-11 09:19:21', '重庆路');
INSERT INTO `peccancy` VALUES ('935', '鲁C50149', '1030', '2016-09-12 10:19:21', '重庆路');
INSERT INTO `peccancy` VALUES ('936', '鲁C50150', '1031', '2016-09-13 11:19:21', '重庆路');
INSERT INTO `peccancy` VALUES ('937', '鲁C50151', '1032', '2016-09-14 12:19:21', '重庆路');
INSERT INTO `peccancy` VALUES ('938', '鲁C50152', '1033', '2016-09-15 13:19:21', '重庆路');
INSERT INTO `peccancy` VALUES ('939', '鲁C50153', '1034', '2016-09-16 14:19:21', '重庆路');
INSERT INTO `peccancy` VALUES ('940', '鲁C50154', '1035', '2016-09-17 09:19:21', '重庆路');
INSERT INTO `peccancy` VALUES ('941', '鲁C50155', '1036', '2016-09-18 10:19:21', '重庆路');
INSERT INTO `peccancy` VALUES ('942', '鲁C50156', '1037', '2016-09-19 11:19:21', '重庆路');
INSERT INTO `peccancy` VALUES ('943', '鲁C50157', '1001A　　', '2016-09-20 12:19:21', '重庆路');
INSERT INTO `peccancy` VALUES ('944', '鲁C50158', '1001B　　', '2016-09-21 13:19:21', '重庆路');
INSERT INTO `peccancy` VALUES ('945', '鲁C50143', '1002A　　', '2016-09-22 14:19:21', '重庆路');
INSERT INTO `peccancy` VALUES ('946', '鲁C50144', '1002B　　', '2016-09-23 09:19:21', '重庆路');
INSERT INTO `peccancy` VALUES ('947', '鲁C50145', '1005A　　', '2016-09-24 10:19:21', '重庆路');
INSERT INTO `peccancy` VALUES ('948', '鲁C50146', '1005B　　', '2016-09-25 11:19:21', '重庆路');
INSERT INTO `peccancy` VALUES ('949', '鲁C50147', '1006A　　', '2016-09-26 12:19:21', '重庆路');
INSERT INTO `peccancy` VALUES ('950', '鲁C50148', '1006B　　', '2016-09-27 13:19:21', '重庆路');
INSERT INTO `peccancy` VALUES ('951', '鲁C50149', '1007', '2016-09-28 14:19:21', '重庆路');
INSERT INTO `peccancy` VALUES ('952', '鲁C50150', '1008', '2016-09-29 09:19:21', '重庆路');
INSERT INTO `peccancy` VALUES ('953', '鲁C50151', '1009', '2016-09-30 10:19:21', '重庆路');
INSERT INTO `peccancy` VALUES ('954', '鲁C50152', '1010A　　', '2016-10-01 11:19:21', '重庆路');
INSERT INTO `peccancy` VALUES ('955', '鲁C50153', '1010B 　', '2016-10-02 12:19:21', '重庆路');
INSERT INTO `peccancy` VALUES ('956', '鲁C50154', '1011', '2016-10-03 13:19:21', '重庆路');
INSERT INTO `peccancy` VALUES ('957', '鲁C50155', '1012', '2016-10-04 14:19:21', '重庆路');
INSERT INTO `peccancy` VALUES ('958', '鲁C50156', '1013', '2016-10-05 09:19:21', '重庆路');
INSERT INTO `peccancy` VALUES ('959', '鲁C50157', '1014', '2016-10-06 10:19:21', '重庆路');
INSERT INTO `peccancy` VALUES ('960', '鲁C50158', '1015', '2016-10-07 11:19:21', '重庆路');
INSERT INTO `peccancy` VALUES ('961', '鲁C50143', '1016', '2016-10-08 12:19:21', '重庆路');
INSERT INTO `peccancy` VALUES ('962', '鲁C50144', '1017', '2016-10-09 13:19:21', '重庆路');
INSERT INTO `peccancy` VALUES ('963', '鲁C50145', '1018', '2016-10-10 14:19:21', '重庆路');
INSERT INTO `peccancy` VALUES ('964', '鲁C50146', '1019', '2016-10-11 09:19:21', '重庆路');
INSERT INTO `peccancy` VALUES ('965', '鲁C50147', '1020', '2016-10-12 10:19:21', '重庆路');
INSERT INTO `peccancy` VALUES ('966', '鲁C50148', '1021', '2016-10-13 11:19:21', '重庆路');
INSERT INTO `peccancy` VALUES ('967', '鲁C50149', '1022', '2016-10-14 12:19:21', '重庆路');
INSERT INTO `peccancy` VALUES ('968', '鲁C50150', '1023', '2016-10-15 13:19:21', '重庆路');
INSERT INTO `peccancy` VALUES ('969', '鲁C50151', '1024', '2016-10-16 14:19:21', '重庆路');
INSERT INTO `peccancy` VALUES ('970', '鲁C50152', '1025', '2016-10-17 09:19:21', '重庆路');
INSERT INTO `peccancy` VALUES ('971', '鲁C50153', '1026', '2016-10-18 10:19:21', '重庆路');
INSERT INTO `peccancy` VALUES ('972', '鲁C50154', '1027', '2016-10-19 11:19:21', '重庆路');
INSERT INTO `peccancy` VALUES ('973', '鲁C50155', '1028', '2016-10-20 12:19:21', '重庆路');
INSERT INTO `peccancy` VALUES ('974', '鲁C50156', '1029', '2016-10-21 13:19:21', '重庆路');
INSERT INTO `peccancy` VALUES ('975', '鲁C50157', '1030', '2016-10-22 14:19:21', '重庆路');
INSERT INTO `peccancy` VALUES ('976', '鲁C50158', '1031', '2016-10-23 09:19:21', '重庆路');
INSERT INTO `peccancy` VALUES ('977', '鲁C50143', '1032', '2016-10-24 10:19:21', '重庆路');
INSERT INTO `peccancy` VALUES ('978', '鲁C50144', '1033', '2016-10-25 11:19:21', '重庆路');
INSERT INTO `peccancy` VALUES ('979', '鲁C50145', '1034', '2016-10-26 12:19:21', '重庆路');
INSERT INTO `peccancy` VALUES ('980', '鲁C50146', '1035', '2016-10-27 13:19:21', '重庆路');
INSERT INTO `peccancy` VALUES ('981', '鲁C50147', '1036', '2016-10-28 14:19:21', '重庆路');
INSERT INTO `peccancy` VALUES ('982', '鲁C50148', '1037', '2016-10-29 09:19:21', '重庆路');
INSERT INTO `peccancy` VALUES ('983', '鲁C50129', '1025', '2016-10-30 10:19:21', '重庆路');
INSERT INTO `peccancy` VALUES ('984', '鲁C50130', '1026', '2016-10-31 11:19:21', '重庆路');
INSERT INTO `peccancy` VALUES ('985', '鲁C50131', '1027', '2016-11-01 12:19:21', '重庆路');
INSERT INTO `peccancy` VALUES ('986', '鲁C50132', '1028', '2016-11-02 13:19:21', '重庆路');
INSERT INTO `peccancy` VALUES ('987', '鲁C50133', '1029', '2016-11-03 14:19:21', '重庆路');
INSERT INTO `peccancy` VALUES ('988', '鲁C50151', '1030', '2016-11-04 09:19:21', '重庆路');
INSERT INTO `peccancy` VALUES ('989', '鲁C50152', '1031', '2016-11-05 10:19:21', '重庆路');
INSERT INTO `peccancy` VALUES ('990', '鲁C50153', '1032', '2016-11-06 11:19:21', '重庆路');
INSERT INTO `peccancy` VALUES ('991', '鲁C50154', '1033', '2016-11-07 12:19:21', '重庆路');
INSERT INTO `peccancy` VALUES ('992', '鲁C50155', '1034', '2016-11-08 13:19:21', '重庆路');
INSERT INTO `peccancy` VALUES ('993', '鲁C50156', '1035', '2016-11-09 14:19:21', '重庆路');
INSERT INTO `peccancy` VALUES ('994', '鲁C50157', '1036', '2016-11-10 09:19:21', '重庆路');
INSERT INTO `peccancy` VALUES ('995', '鲁C50158', '1037', '2016-11-11 10:19:21', '重庆路');
INSERT INTO `peccancy` VALUES ('996', '鲁C50143', '1025', '2016-11-12 11:19:21', '重庆路');
INSERT INTO `peccancy` VALUES ('997', '鲁C50144', '1026', '2016-11-13 12:19:21', '重庆路');
INSERT INTO `peccancy` VALUES ('998', '鲁C50145', '1027', '2016-11-14 13:19:21', '重庆路');
INSERT INTO `peccancy` VALUES ('999', '鲁C50146', '1028', '2016-11-15 14:19:21', '上海路');
INSERT INTO `peccancy` VALUES ('1000', '鲁C50147', '1029', '2016-11-16 09:19:21', '广州路');
INSERT INTO `peccancy` VALUES ('1001', '鲁C50148', '1030', '2016-11-17 10:19:21', '高速公路');
INSERT INTO `peccancy` VALUES ('1002', '鲁C50149', '1031', '2016-11-18 11:19:21', '北京路');
INSERT INTO `peccancy` VALUES ('1003', '鲁C50150', '1032', '2016-11-19 12:19:21', '重庆路');
INSERT INTO `peccancy` VALUES ('1004', '鲁C50151', '1033', '2016-11-20 13:19:21', '沈阳路');
INSERT INTO `peccancy` VALUES ('1005', '鲁C50152', '1034', '2016-11-21 14:19:21', '南京路');
INSERT INTO `peccancy` VALUES ('1006', '鲁C50153', '1035', '2016-11-22 09:19:21', '上海路');
INSERT INTO `peccancy` VALUES ('1007', '鲁C50154', '1036', '2016-11-23 10:19:21', '广州路');
INSERT INTO `peccancy` VALUES ('1008', '鲁C50155', '1037', '2016-11-24 11:19:21', '高速公路');
INSERT INTO `peccancy` VALUES ('1009', '鲁C50156', '1025', '2016-11-25 12:19:21', '北京路');
INSERT INTO `peccancy` VALUES ('1010', '鲁C50157', '1026', '2016-11-26 13:19:21', '重庆路');
INSERT INTO `peccancy` VALUES ('1011', '鲁C50158', '1027', '2016-11-27 14:19:21', '沈阳路');
INSERT INTO `peccancy` VALUES ('1012', '鲁C50143', '1028', '2016-11-28 09:19:21', '南京路');
INSERT INTO `peccancy` VALUES ('1013', '鲁C50144', '1029', '2016-11-29 10:19:21', '上海路');
INSERT INTO `peccancy` VALUES ('1014', '鲁C50145', '1030', '2016-11-30 11:19:21', '广州路');
INSERT INTO `peccancy` VALUES ('1015', '鲁C50146', '1031', '2016-12-01 12:19:21', '高速公路');
INSERT INTO `peccancy` VALUES ('1016', '鲁C50147', '1032', '2016-12-02 13:19:21', '北京路');
INSERT INTO `peccancy` VALUES ('1017', '鲁C50148', '1033', '2016-12-03 14:19:21', '重庆路');
INSERT INTO `peccancy` VALUES ('1018', '鲁C50149', '1034', '2016-12-04 09:19:21', '沈阳路');
INSERT INTO `peccancy` VALUES ('1019', '鲁C50150', '1035', '2016-12-05 10:19:21', '南京路');
INSERT INTO `peccancy` VALUES ('1020', '鲁C50151', '1036', '2016-12-06 11:19:21', '上海路');
INSERT INTO `peccancy` VALUES ('1021', '鲁C50152', '1037', '2016-12-07 12:19:21', '广州路');
INSERT INTO `peccancy` VALUES ('1022', '鲁C50153', '1025', '2016-12-08 13:19:21', '高速公路');
INSERT INTO `peccancy` VALUES ('1023', '鲁C50154', '1026', '2016-12-09 14:19:21', '北京路');
INSERT INTO `peccancy` VALUES ('1024', '鲁C50155', '1027', '2016-12-10 09:19:21', '重庆路');
INSERT INTO `peccancy` VALUES ('1025', '鲁C50156', '1028', '2016-12-11 10:19:21', '沈阳路');
INSERT INTO `peccancy` VALUES ('1026', '鲁C50157', '1029', '2016-05-21 11:19:21', '南京路');
INSERT INTO `peccancy` VALUES ('1027', '鲁C50158', '1030', '2016-05-22 12:19:21', '上海路');
INSERT INTO `peccancy` VALUES ('1028', '鲁C50143', '1031', '2016-05-23 13:19:21', '广州路');
INSERT INTO `peccancy` VALUES ('1029', '鲁C50144', '1032', '2016-05-24 14:19:21', '高速公路');
INSERT INTO `peccancy` VALUES ('1030', '鲁C50145', '1033', '2016-05-25 09:19:21', '北京路');
INSERT INTO `peccancy` VALUES ('1031', '鲁C50146', '1034', '2016-05-26 10:19:21', '重庆路');
INSERT INTO `peccancy` VALUES ('1032', '鲁C50147', '1035', '2016-05-27 11:19:21', '沈阳路');
INSERT INTO `peccancy` VALUES ('1033', '鲁C50148', '1036', '2016-05-28 12:19:21', '南京路');
INSERT INTO `peccancy` VALUES ('1034', '鲁C50149', '1037', '2016-05-29 13:19:21', '上海路');
INSERT INTO `peccancy` VALUES ('1035', '鲁C50150', '1025', '2016-05-30 14:19:21', '广州路');
INSERT INTO `peccancy` VALUES ('1036', '鲁C50151', '1026', '2016-05-31 09:19:21', '高速公路');
INSERT INTO `peccancy` VALUES ('1037', '鲁C50152', '1027', '2016-06-01 10:19:21', '北京路');
INSERT INTO `peccancy` VALUES ('1038', '鲁C50153', '1028', '2016-06-02 11:19:21', '重庆路');
INSERT INTO `peccancy` VALUES ('1039', '鲁C50154', '1029', '2016-06-03 12:19:21', '沈阳路');
INSERT INTO `peccancy` VALUES ('1040', '鲁C50155', '1030', '2016-06-04 13:19:21', '南京路');
INSERT INTO `peccancy` VALUES ('1041', '鲁C50156', '1031', '2016-06-05 14:19:21', '上海路');
INSERT INTO `peccancy` VALUES ('1042', '鲁C50157', '1032', '2016-06-06 09:19:21', '广州路');
INSERT INTO `peccancy` VALUES ('1043', '鲁C50158', '1033', '2016-06-07 10:19:21', '高速公路');
INSERT INTO `peccancy` VALUES ('1044', '鲁C50143', '1034', '2016-06-08 11:19:21', '北京路');
INSERT INTO `peccancy` VALUES ('1045', '鲁C50144', '1035', '2016-06-09 12:19:21', '重庆路');
INSERT INTO `peccancy` VALUES ('1046', '鲁C50145', '1036', '2016-06-10 13:19:21', '沈阳路');
INSERT INTO `peccancy` VALUES ('1047', '鲁C50146', '1037', '2016-06-11 14:19:21', '南京路');
INSERT INTO `peccancy` VALUES ('1048', '鲁C50147', '1025', '2016-06-12 09:19:21', '上海路');
INSERT INTO `peccancy` VALUES ('1049', '鲁C50148', '1026', '2016-06-13 10:19:21', '广州路');
INSERT INTO `peccancy` VALUES ('1050', '鲁C50149', '1027', '2016-06-14 11:19:21', '高速公路');
INSERT INTO `peccancy` VALUES ('1051', '鲁C50150', '1028', '2016-06-15 12:19:21', '北京路');
INSERT INTO `peccancy` VALUES ('1052', '鲁C50151', '1029', '2016-06-16 13:19:21', '重庆路');
INSERT INTO `peccancy` VALUES ('1053', '鲁C50152', '1030', '2016-06-17 14:19:21', '沈阳路');
INSERT INTO `peccancy` VALUES ('1054', '鲁C50153', '1031', '2016-06-18 09:19:21', '南京路');
INSERT INTO `peccancy` VALUES ('1055', '鲁C50154', '1032', '2016-06-19 10:19:21', '上海路');
INSERT INTO `peccancy` VALUES ('1056', '鲁C50155', '1033', '2016-06-20 11:19:21', '广州路');
INSERT INTO `peccancy` VALUES ('1057', '鲁C50156', '1034', '2016-06-21 12:19:21', '高速公路');
INSERT INTO `peccancy` VALUES ('1058', '鲁C50157', '1035', '2016-06-22 13:19:21', '北京路');
INSERT INTO `peccancy` VALUES ('1059', '鲁C50158', '1036', '2016-06-23 14:19:21', '重庆路');
INSERT INTO `peccancy` VALUES ('1060', '鲁C50143', '1037', '2016-06-24 09:19:21', '沈阳路');
INSERT INTO `peccancy` VALUES ('1061', '鲁C50144', '1001A　　', '2016-06-25 10:19:21', '南京路');
INSERT INTO `peccancy` VALUES ('1062', '鲁C50145', '1001B　　', '2016-06-26 11:19:21', '上海路');
INSERT INTO `peccancy` VALUES ('1063', '鲁C50146', '1002A　　', '2016-06-27 12:19:21', '广州路');
INSERT INTO `peccancy` VALUES ('1064', '鲁C50147', '1002B　　', '2016-06-28 13:19:21', '高速公路');
INSERT INTO `peccancy` VALUES ('1065', '鲁C50148', '1005A　　', '2016-06-29 14:19:21', '北京路');
INSERT INTO `peccancy` VALUES ('1066', '鲁C50129', '1005B　　', '2016-06-30 09:19:21', '重庆路');
INSERT INTO `peccancy` VALUES ('1067', '鲁C50130', '1006A　　', '2016-07-01 10:19:21', '沈阳路');
INSERT INTO `peccancy` VALUES ('1068', '鲁C50131', '1006B　　', '2016-07-02 11:19:21', '南京路');
INSERT INTO `peccancy` VALUES ('1069', '鲁C50132', '1007', '2016-07-03 12:19:21', '上海路');
INSERT INTO `peccancy` VALUES ('1070', '鲁C50133', '1008', '2016-07-04 13:19:21', '广州路');
INSERT INTO `peccancy` VALUES ('1071', '鲁C50151', '1009', '2016-07-05 14:19:21', '高速公路');
INSERT INTO `peccancy` VALUES ('1072', '鲁C50152', '1010A　　', '2016-07-06 09:19:21', '北京路');
INSERT INTO `peccancy` VALUES ('1073', '鲁C50153', '1010B 　', '2016-07-07 10:19:21', '重庆路');
INSERT INTO `peccancy` VALUES ('1074', '鲁C50154', '1011', '2016-07-08 11:19:21', '沈阳路');
INSERT INTO `peccancy` VALUES ('1075', '鲁C50155', '1012', '2016-07-09 12:19:21', '南京路');
INSERT INTO `peccancy` VALUES ('1076', '鲁C50156', '1013', '2016-07-10 13:19:21', '上海路');
INSERT INTO `peccancy` VALUES ('1077', '鲁C50157', '1014', '2016-07-11 14:19:21', '广州路');
INSERT INTO `peccancy` VALUES ('1078', '鲁C50158', '1015', '2016-07-12 09:19:21', '高速公路');
INSERT INTO `peccancy` VALUES ('1079', '鲁C50143', '1016', '2016-07-13 10:19:21', '北京路');
INSERT INTO `peccancy` VALUES ('1080', '鲁C50144', '1017', '2016-07-14 11:19:21', '重庆路');
INSERT INTO `peccancy` VALUES ('1081', '鲁C50145', '1018', '2016-07-15 12:19:21', '沈阳路');
INSERT INTO `peccancy` VALUES ('1082', '鲁C50146', '1019', '2016-07-16 13:19:21', '南京路');
INSERT INTO `peccancy` VALUES ('1083', '鲁C50147', '1020', '2016-07-17 14:19:21', '上海路');
INSERT INTO `peccancy` VALUES ('1084', '鲁C50148', '1021', '2016-07-18 09:19:21', '广州路');
INSERT INTO `peccancy` VALUES ('1085', '鲁C50149', '1022', '2016-07-19 10:19:21', '高速公路');
INSERT INTO `peccancy` VALUES ('1086', '鲁C50150', '1023', '2016-07-20 11:19:21', '北京路');
INSERT INTO `peccancy` VALUES ('1087', '鲁C50151', '1024', '2016-07-21 12:19:21', '重庆路');
INSERT INTO `peccancy` VALUES ('1088', '鲁C50152', '1025', '2016-07-22 13:19:21', '沈阳路');
INSERT INTO `peccancy` VALUES ('1089', '鲁C50153', '1026', '2016-07-23 14:19:21', '南京路');
INSERT INTO `peccancy` VALUES ('1090', '鲁C50154', '1027', '2016-07-24 09:19:21', '上海路');
INSERT INTO `peccancy` VALUES ('1091', '鲁C50155', '1028', '2016-07-25 10:19:21', '广州路');
INSERT INTO `peccancy` VALUES ('1092', '鲁C50156', '1029', '2016-07-26 11:19:21', '高速公路');
INSERT INTO `peccancy` VALUES ('1093', '鲁C50157', '1030', '2016-07-27 12:19:21', '北京路');
INSERT INTO `peccancy` VALUES ('1094', '鲁C50158', '1031', '2016-07-28 13:19:21', '重庆路');
INSERT INTO `peccancy` VALUES ('1095', '鲁C50143', '1032', '2016-07-29 14:19:21', '沈阳路');
INSERT INTO `peccancy` VALUES ('1096', '鲁C50144', '1033', '2016-07-30 09:19:21', '南京路');
INSERT INTO `peccancy` VALUES ('1097', '鲁C50145', '1034', '2016-07-31 10:19:21', '上海路');
INSERT INTO `peccancy` VALUES ('1098', '鲁C50146', '1035', '2016-08-01 11:19:21', '广州路');
INSERT INTO `peccancy` VALUES ('1099', '鲁C50147', '1036', '2016-08-02 12:19:21', '高速公路');
INSERT INTO `peccancy` VALUES ('1100', '鲁C50148', '1037', '2016-08-03 13:19:21', '北京路');
INSERT INTO `peccancy` VALUES ('1101', '鲁C50149', '1038', '2016-08-04 14:19:21', '重庆路');
INSERT INTO `peccancy` VALUES ('1102', '鲁C50150', '1039', '2016-08-05 09:19:21', '沈阳路');
INSERT INTO `peccancy` VALUES ('1103', '鲁C50151', '1040', '2016-08-06 10:19:21', '南京路');
INSERT INTO `peccancy` VALUES ('1104', '鲁C50152', '1041', '2016-08-07 11:19:21', '上海路');
INSERT INTO `peccancy` VALUES ('1105', '鲁C50153', '1042', '2016-08-08 12:19:21', '广州路');
INSERT INTO `peccancy` VALUES ('1106', '鲁C50154', '1043', '2016-08-09 13:19:21', '高速公路');
INSERT INTO `peccancy` VALUES ('1107', '鲁C50155', '1044', '2016-08-10 14:19:21', '北京路');
INSERT INTO `peccancy` VALUES ('1108', '鲁C50156', '1045', '2016-08-11 09:19:21', '重庆路');
INSERT INTO `peccancy` VALUES ('1109', '鲁C50157', '1046', '2016-08-12 10:19:21', '沈阳路');
INSERT INTO `peccancy` VALUES ('1110', '鲁C50158', '1047', '2016-08-13 11:19:21', '南京路');
INSERT INTO `peccancy` VALUES ('1111', '鲁C50143', '1048', '2016-08-14 12:19:21', '上海路');
INSERT INTO `peccancy` VALUES ('1112', '鲁C50144', '1049', '2016-08-15 13:19:21', '广州路');
INSERT INTO `peccancy` VALUES ('1113', '鲁C50145', '1050', '2016-08-16 14:19:21', '高速公路');
INSERT INTO `peccancy` VALUES ('1114', '鲁C50146', '1051', '2016-08-17 09:19:21', '北京路');
INSERT INTO `peccancy` VALUES ('1115', '鲁C50147', '1052', '2016-08-18 10:19:21', '重庆路');
INSERT INTO `peccancy` VALUES ('1116', '鲁C50148', '1053', '2016-08-19 11:19:21', '沈阳路');
INSERT INTO `peccancy` VALUES ('1117', '鲁C50149', '1054', '2016-08-20 12:19:21', '南京路');
INSERT INTO `peccancy` VALUES ('1118', '鲁C50150', '1055', '2016-08-21 13:19:21', '上海路');
INSERT INTO `peccancy` VALUES ('1119', '鲁C50151', '1056', '2016-08-22 14:19:21', '广州路');
INSERT INTO `peccancy` VALUES ('1120', '鲁C50152', '1057', '2016-08-23 09:19:21', '高速公路');
INSERT INTO `peccancy` VALUES ('1121', '鲁C50153', '1058', '2016-08-24 10:19:21', '北京路');
INSERT INTO `peccancy` VALUES ('1122', '鲁C50154', '1059', '2016-08-25 11:19:21', '重庆路');
INSERT INTO `peccancy` VALUES ('1123', '鲁C50155', '1060', '2016-08-26 12:19:21', '沈阳路');
INSERT INTO `peccancy` VALUES ('1124', '鲁C50156', '1061', '2016-08-27 13:19:21', '南京路');
INSERT INTO `peccancy` VALUES ('1125', '鲁C50157', '1062', '2016-08-28 14:19:21', '上海路');
INSERT INTO `peccancy` VALUES ('1126', '鲁C50158', '1063', '2016-08-29 09:19:21', '广州路');
INSERT INTO `peccancy` VALUES ('1127', '鲁C50143', '1064', '2016-08-30 10:19:21', '高速公路');
INSERT INTO `peccancy` VALUES ('1128', '鲁C50144', '1065', '2016-08-31 11:19:21', '北京路');
INSERT INTO `peccancy` VALUES ('1129', '鲁C50145', '1066', '2016-09-01 12:19:21', '重庆路');
INSERT INTO `peccancy` VALUES ('1130', '鲁C50146', '1067', '2016-09-02 13:19:21', '沈阳路');
INSERT INTO `peccancy` VALUES ('1131', '鲁C50147', '1068', '2016-09-03 14:19:21', '南京路');
INSERT INTO `peccancy` VALUES ('1132', '鲁C50148', '1069', '2016-09-04 09:19:21', '上海路');
INSERT INTO `peccancy` VALUES ('1133', '鲁C50149', '1070', '2016-09-05 10:19:21', '广州路');
INSERT INTO `peccancy` VALUES ('1134', '鲁C50150', '1071', '2016-09-06 11:19:21', '高速公路');
INSERT INTO `peccancy` VALUES ('1135', '鲁C50151', '1072', '2016-09-07 12:19:21', '北京路');
INSERT INTO `peccancy` VALUES ('1136', '鲁C50152', '1073', '2016-09-08 13:19:21', '重庆路');
INSERT INTO `peccancy` VALUES ('1137', '鲁C50153', '1101', '2016-09-09 14:19:21', '沈阳路');
INSERT INTO `peccancy` VALUES ('1138', '鲁C50154', '1102', '2016-09-10 09:19:21', '南京路');
INSERT INTO `peccancy` VALUES ('1139', '鲁C50155', '1103', '2016-09-11 10:19:21', '上海路');
INSERT INTO `peccancy` VALUES ('1140', '鲁C50156', '1104', '2016-09-12 11:19:21', '广州路');
INSERT INTO `peccancy` VALUES ('1141', '鲁C50157', '1105', '2016-09-13 12:19:21', '高速公路');
INSERT INTO `peccancy` VALUES ('1142', '鲁C50158', '1106', '2016-09-14 13:19:21', '北京路');
INSERT INTO `peccancy` VALUES ('1143', '鲁C50143', '1107', '2016-09-15 14:19:21', '重庆路');
INSERT INTO `peccancy` VALUES ('1144', '鲁C50144', '1108', '2016-09-16 09:19:21', '沈阳路');
INSERT INTO `peccancy` VALUES ('1145', '鲁C50145', '1109', '2016-09-17 10:19:21', '南京路');
INSERT INTO `peccancy` VALUES ('1146', '鲁C50146', '1110', '2016-09-18 11:19:21', '上海路');
INSERT INTO `peccancy` VALUES ('1147', '鲁C50147', '1201', '2016-09-19 12:19:21', '广州路');
INSERT INTO `peccancy` VALUES ('1148', '鲁C50148', '1202', '2016-09-20 13:19:21', '高速公路');
INSERT INTO `peccancy` VALUES ('1149', '鲁C50129', '1203', '2016-09-21 14:19:21', '北京路');
INSERT INTO `peccancy` VALUES ('1150', '鲁C50130', '1204', '2016-09-22 09:19:21', '重庆路');
INSERT INTO `peccancy` VALUES ('1151', '鲁C50131', '1205', '2016-09-23 10:19:21', '沈阳路');
INSERT INTO `peccancy` VALUES ('1152', '鲁C50132', '1206', '2016-09-24 11:19:21', '南京路');
INSERT INTO `peccancy` VALUES ('1153', '鲁C50133', '1207', '2016-09-25 12:19:21', '上海路');
INSERT INTO `peccancy` VALUES ('1154', '鲁C50151', '1208', '2016-09-26 13:19:21', '广州路');
INSERT INTO `peccancy` VALUES ('1155', '鲁C50152', '1209', '2016-09-27 14:19:21', '高速公路');
INSERT INTO `peccancy` VALUES ('1156', '鲁C50153', '1210', '2016-09-28 09:19:21', '北京路');
INSERT INTO `peccancy` VALUES ('1157', '鲁C50154', '1212', '2016-09-29 10:19:21', '重庆路');
INSERT INTO `peccancy` VALUES ('1158', '鲁C50155', '1213', '2016-09-30 11:19:21', '沈阳路');
INSERT INTO `peccancy` VALUES ('1159', '鲁C50156', '1214', '2016-10-01 12:19:21', '南京路');
INSERT INTO `peccancy` VALUES ('1160', '鲁C50157', '1215', '2016-10-02 13:19:21', '上海路');
INSERT INTO `peccancy` VALUES ('1161', '鲁C50158', '1216', '2016-10-03 14:19:21', '广州路');
INSERT INTO `peccancy` VALUES ('1162', '鲁C50143', '1217', '2016-10-04 09:19:21', '高速公路');
INSERT INTO `peccancy` VALUES ('1163', '鲁C50144', '1218', '2016-10-05 10:19:21', '北京路');
INSERT INTO `peccancy` VALUES ('1164', '鲁C50145', '1219', '2016-10-06 11:19:21', '重庆路');
INSERT INTO `peccancy` VALUES ('1165', '鲁C50146', '1220', '2016-10-07 12:19:21', '沈阳路');
INSERT INTO `peccancy` VALUES ('1166', '鲁C50147', '1221', '2016-10-08 13:19:21', '南京路');
INSERT INTO `peccancy` VALUES ('1167', '鲁C50148', '1222', '2016-10-09 14:19:21', '上海路');
INSERT INTO `peccancy` VALUES ('1168', '鲁C50149', '1223', '2016-10-10 09:19:21', '广州路');
INSERT INTO `peccancy` VALUES ('1169', '鲁C50150', '1224', '2016-10-11 10:19:21', '高速公路');
INSERT INTO `peccancy` VALUES ('1170', '鲁C50151', '1225', '2016-10-12 11:19:21', '北京路');
INSERT INTO `peccancy` VALUES ('1171', '鲁C50152', '1226', '2016-10-13 12:19:21', '重庆路');
INSERT INTO `peccancy` VALUES ('1172', '鲁C50153', '1227', '2016-10-14 13:19:21', '沈阳路');
INSERT INTO `peccancy` VALUES ('1173', '鲁C50154', '1228', '2016-10-15 14:19:21', '南京路');
INSERT INTO `peccancy` VALUES ('1174', '鲁C50155', '1229', '2016-10-16 09:19:21', '上海路');
INSERT INTO `peccancy` VALUES ('1175', '鲁C50156', '1230', '2016-10-17 10:19:21', '广州路');
INSERT INTO `peccancy` VALUES ('1176', '鲁C50157', '1231', '2016-10-18 11:19:21', '高速公路');
INSERT INTO `peccancy` VALUES ('1177', '鲁C50158', '1232', '2016-10-19 12:19:21', '北京路');
INSERT INTO `peccancy` VALUES ('1178', '鲁C50143', '1233', '2016-10-20 13:19:21', '重庆路');
INSERT INTO `peccancy` VALUES ('1179', '鲁C50144', '1234', '2016-10-21 14:19:21', '沈阳路');
INSERT INTO `peccancy` VALUES ('1180', '鲁C50145', '1235', '2016-10-22 09:19:21', '南京路');
INSERT INTO `peccancy` VALUES ('1181', '鲁C50146', '1236', '2016-10-23 10:19:21', '上海路');
INSERT INTO `peccancy` VALUES ('1182', '鲁C50147', '1237', '2016-10-24 11:19:21', '广州路');
INSERT INTO `peccancy` VALUES ('1183', '鲁C50148', '1238', '2016-10-25 12:19:21', '高速公路');
INSERT INTO `peccancy` VALUES ('1184', '鲁C50149', '1301', '2016-10-26 13:19:21', '北京路');
INSERT INTO `peccancy` VALUES ('1185', '鲁C50150', '1303', '2016-10-27 14:19:21', '重庆路');
INSERT INTO `peccancy` VALUES ('1186', '鲁C50151', '1304', '2016-10-28 09:19:21', '沈阳路');
INSERT INTO `peccancy` VALUES ('1187', '鲁C50152', '1305', '2016-10-29 10:19:21', '南京路');
INSERT INTO `peccancy` VALUES ('1188', '鲁C50153', '1306', '2016-10-30 11:19:21', '上海路');
INSERT INTO `peccancy` VALUES ('1189', '鲁C50154', '1307', '2016-10-31 12:19:21', '广州路');
INSERT INTO `peccancy` VALUES ('1190', '鲁C50155', '1308', '2016-11-01 13:19:21', '高速公路');
INSERT INTO `peccancy` VALUES ('1191', '鲁C50156', '1309', '2016-11-02 14:19:21', '北京路');
INSERT INTO `peccancy` VALUES ('1192', '鲁C50157', '1310', '2016-11-03 09:19:21', '重庆路');
INSERT INTO `peccancy` VALUES ('1193', '鲁C50158', '1311', '2016-11-04 10:19:21', '沈阳路');
INSERT INTO `peccancy` VALUES ('1194', '鲁C50143', '1312', '2016-11-05 11:19:21', '南京路');
INSERT INTO `peccancy` VALUES ('1195', '鲁C50144', '1313', '2016-11-06 12:19:21', '上海路');
INSERT INTO `peccancy` VALUES ('1196', '鲁C50145', '1314', '2016-11-07 13:19:21', '广州路');
INSERT INTO `peccancy` VALUES ('1197', '鲁C50146', '1315', '2016-11-08 14:19:21', '高速公路');
INSERT INTO `peccancy` VALUES ('1198', '鲁C50147', '1316', '2016-11-09 09:19:21', '北京路');
INSERT INTO `peccancy` VALUES ('1199', '鲁C50148', '1317', '2016-11-10 10:19:21', '重庆路');
INSERT INTO `peccancy` VALUES ('1200', '鲁C50149', '1318', '2016-11-11 11:19:21', '沈阳路');
INSERT INTO `peccancy` VALUES ('1201', '鲁C50150', '1319', '2016-11-12 12:19:21', '南京路');
INSERT INTO `peccancy` VALUES ('1202', '鲁C50151', '1320', '2016-11-13 13:19:21', '上海路');
INSERT INTO `peccancy` VALUES ('1203', '鲁C50152', '1321', '2016-11-14 14:19:21', '广州路');
INSERT INTO `peccancy` VALUES ('1204', '鲁C50153', '1322', '2016-11-15 09:19:21', '高速公路');
INSERT INTO `peccancy` VALUES ('1205', '鲁C50154', '1323', '2016-11-16 10:19:21', '北京路');
INSERT INTO `peccancy` VALUES ('1206', '鲁C50155', '1324', '2016-11-17 11:19:21', '重庆路');
INSERT INTO `peccancy` VALUES ('1207', '鲁C50156', '1325', '2016-11-18 12:19:21', '沈阳路');
INSERT INTO `peccancy` VALUES ('1208', '鲁C50157', '1326', '2016-11-19 13:19:21', '南京路');
INSERT INTO `peccancy` VALUES ('1209', '鲁C50158', '1327', '2016-11-20 14:19:21', '上海路');
INSERT INTO `peccancy` VALUES ('1210', '鲁C50143', '1328', '2016-11-21 09:19:21', '广州路');
INSERT INTO `peccancy` VALUES ('1211', '鲁C50144', '1329', '2016-11-22 10:19:21', '高速公路');
INSERT INTO `peccancy` VALUES ('1212', '鲁C50145', '1330', '2016-11-23 11:19:21', '北京路');
INSERT INTO `peccancy` VALUES ('1213', '鲁C50146', '1331', '2016-11-24 12:19:21', '重庆路');
INSERT INTO `peccancy` VALUES ('1214', '鲁C50147', '1332', '2016-11-25 13:19:21', '沈阳路');
INSERT INTO `peccancy` VALUES ('1215', '鲁C50148', '1333', '2016-11-26 14:19:21', '南京路');
INSERT INTO `peccancy` VALUES ('1216', '鲁C50149', '1334', '2016-11-27 09:19:21', '上海路');
INSERT INTO `peccancy` VALUES ('1217', '鲁C50150', '1339', '2016-11-28 10:19:21', '广州路');
INSERT INTO `peccancy` VALUES ('1218', '鲁C50151', '1601A 　', '2016-11-29 11:19:21', '高速公路');
INSERT INTO `peccancy` VALUES ('1219', '鲁C50152', '1601B　　', '2016-11-30 12:19:21', '北京路');
INSERT INTO `peccancy` VALUES ('1220', '鲁C50153', '1601C 　', '2016-12-01 13:19:21', '重庆路');
INSERT INTO `peccancy` VALUES ('1221', '鲁C50154', '1602A　　', '2016-12-02 14:19:21', '沈阳路');
INSERT INTO `peccancy` VALUES ('1222', '鲁C50155', '1602B 　', '2016-12-03 09:19:21', '南京路');
INSERT INTO `peccancy` VALUES ('1223', '鲁C50156', '1603A 　', '2016-12-04 10:19:21', '上海路');
INSERT INTO `peccancy` VALUES ('1224', '鲁C50157', '1603B 　', '2016-12-05 11:19:21', '广州路');
INSERT INTO `peccancy` VALUES ('1225', '鲁C50158', '1604', '2016-12-06 12:19:21', '高速公路');
INSERT INTO `peccancy` VALUES ('1226', '鲁C50143', '1605', '2016-12-07 13:19:21', '北京路');
INSERT INTO `peccancy` VALUES ('1227', '鲁C50144', '1606', '2016-12-08 14:19:21', '重庆路');
INSERT INTO `peccancy` VALUES ('1228', '鲁C50145', '1607A 　', '2016-12-09 09:19:21', '沈阳路');
INSERT INTO `peccancy` VALUES ('1229', '鲁C50146', '1607B　　', '2016-12-10 10:19:21', '南京路');
INSERT INTO `peccancy` VALUES ('1230', '鲁C50147', '1609', '2016-12-11 11:19:21', '上海路');
INSERT INTO `peccancy` VALUES ('1231', '鲁C50148', '1701', '2016-05-21 12:19:21', '广州路');
INSERT INTO `peccancy` VALUES ('1232', '鲁C50129', '1702', '2016-05-22 13:19:21', '高速公路');
INSERT INTO `peccancy` VALUES ('1233', '鲁C50130', '1703', '2016-05-23 14:19:21', '北京路');
INSERT INTO `peccancy` VALUES ('1234', '鲁C50131', '1704A　　', '2016-05-24 09:19:21', '重庆路');
INSERT INTO `peccancy` VALUES ('1235', '鲁C50132', '1704B　　', '2016-05-25 10:19:21', '沈阳路');
INSERT INTO `peccancy` VALUES ('1236', '鲁C50133', '1705', '2016-05-26 11:19:21', '南京路');
INSERT INTO `peccancy` VALUES ('1237', '鲁C50151', '1706', '2016-05-27 12:19:21', '上海路');
INSERT INTO `peccancy` VALUES ('1238', '鲁C50152', '1709A　　', '2016-05-28 13:19:21', '广州路');
INSERT INTO `peccancy` VALUES ('1239', '鲁C50153', '1709B　　', '2016-05-29 14:19:21', '高速公路');
INSERT INTO `peccancy` VALUES ('1240', '鲁C50154', '1039', '2016-05-30 09:19:21', '北京路');
INSERT INTO `peccancy` VALUES ('1241', '鲁C50155', '1039', '2016-05-31 10:19:21', '重庆路');
INSERT INTO `peccancy` VALUES ('1242', '鲁C50156', '1039', '2016-06-01 11:19:21', '沈阳路');
INSERT INTO `peccancy` VALUES ('1243', '鲁C50157', '1039', '2016-06-02 12:19:21', '南京路');
INSERT INTO `peccancy` VALUES ('1244', '鲁C50158', '1039', '2016-06-03 13:19:21', '上海路');
INSERT INTO `peccancy` VALUES ('1245', '鲁C50143', '1039', '2016-06-04 14:19:21', '广州路');
INSERT INTO `peccancy` VALUES ('1246', '鲁C50144', '1039', '2016-06-05 09:19:21', '高速公路');
INSERT INTO `peccancy` VALUES ('1247', '鲁C50145', '1039', '2016-06-06 10:19:21', '北京路');
INSERT INTO `peccancy` VALUES ('1248', '鲁C50146', '1039', '2016-06-07 11:19:21', '重庆路');
INSERT INTO `peccancy` VALUES ('1249', '鲁C50147', '1039', '2016-06-08 12:19:21', '沈阳路');
INSERT INTO `peccancy` VALUES ('1250', '鲁C50148', '1039', '2016-06-09 13:19:21', '南京路');
INSERT INTO `peccancy` VALUES ('1251', '鲁C50149', '1039', '2016-06-10 14:19:21', '上海路');
INSERT INTO `peccancy` VALUES ('1252', '鲁C50150', '1039', '2016-06-11 09:19:21', '广州路');
INSERT INTO `peccancy` VALUES ('1253', '鲁C50151', '1039', '2016-06-12 10:19:21', '高速公路');
INSERT INTO `peccancy` VALUES ('1254', '鲁C50152', '1039', '2016-06-13 11:19:21', '北京路');
INSERT INTO `peccancy` VALUES ('1255', '鲁C50153', '1039', '2016-06-14 12:19:21', '重庆路');
INSERT INTO `peccancy` VALUES ('1256', '鲁C50154', '1039', '2016-06-15 13:19:21', '沈阳路');
INSERT INTO `peccancy` VALUES ('1257', '鲁C50155', '1039', '2016-06-16 14:19:21', '南京路');
INSERT INTO `peccancy` VALUES ('1258', '鲁C50156', '1039', '2016-06-17 09:19:21', '上海路');
INSERT INTO `peccancy` VALUES ('1259', '鲁C50157', '1039', '2016-06-18 10:19:21', '广州路');
INSERT INTO `peccancy` VALUES ('1260', '鲁C50158', '1039', '2016-06-19 11:19:21', '高速公路');
INSERT INTO `peccancy` VALUES ('1261', '鲁C50143', '1039', '2016-06-20 12:19:21', '北京路');
INSERT INTO `peccancy` VALUES ('1262', '鲁C50144', '1039', '2016-06-21 13:19:21', '重庆路');
INSERT INTO `peccancy` VALUES ('1263', '鲁C50145', '1039', '2016-06-22 14:19:21', '沈阳路');
INSERT INTO `peccancy` VALUES ('1264', '鲁C50146', '1039', '2016-06-23 09:19:21', '南京路');
INSERT INTO `peccancy` VALUES ('1265', '鲁C50147', '1039', '2016-06-24 10:19:21', '上海路');
INSERT INTO `peccancy` VALUES ('1266', '鲁C50148', '1039', '2016-06-25 11:19:21', '广州路');
INSERT INTO `peccancy` VALUES ('1267', '鲁C50149', '1039', '2016-06-26 12:19:21', '高速公路');
INSERT INTO `peccancy` VALUES ('1268', '鲁C50150', '1039', '2016-06-27 13:19:21', '北京路');
INSERT INTO `peccancy` VALUES ('1269', '鲁C50151', '1039', '2016-06-28 14:19:21', '重庆路');
INSERT INTO `peccancy` VALUES ('1270', '鲁C50152', '1039', '2016-06-29 09:19:21', '沈阳路');
INSERT INTO `peccancy` VALUES ('1271', '鲁C50153', '1039', '2016-06-30 10:19:21', '南京路');
INSERT INTO `peccancy` VALUES ('1272', '鲁C50154', '1039', '2016-07-01 11:19:21', '上海路');
INSERT INTO `peccancy` VALUES ('1273', '鲁C50155', '1039', '2016-07-02 12:19:21', '广州路');
INSERT INTO `peccancy` VALUES ('1274', '鲁C50156', '1039', '2016-07-03 13:19:21', '高速公路');
INSERT INTO `peccancy` VALUES ('1275', '鲁C50157', '1039', '2016-07-04 14:19:21', '北京路');
INSERT INTO `peccancy` VALUES ('1276', '鲁C50158', '1039', '2016-07-05 09:19:21', '重庆路');
INSERT INTO `peccancy` VALUES ('1277', '鲁C50143', '1039', '2016-07-06 10:19:21', '沈阳路');
INSERT INTO `peccancy` VALUES ('1278', '鲁C50144', '1039', '2016-07-07 11:19:21', '南京路');
INSERT INTO `peccancy` VALUES ('1279', '鲁C50145', '1039', '2016-07-08 12:19:21', '上海路');
INSERT INTO `peccancy` VALUES ('1280', '鲁C50146', '1039', '2016-07-09 13:19:21', '广州路');
INSERT INTO `peccancy` VALUES ('1281', '鲁C50147', '1039', '2016-07-10 14:19:21', '高速公路');
INSERT INTO `peccancy` VALUES ('1282', '鲁C50148', '1039', '2016-07-11 09:19:21', '北京路');
INSERT INTO `peccancy` VALUES ('1283', '鲁C50149', '1039', '2016-07-12 10:19:21', '重庆路');
INSERT INTO `peccancy` VALUES ('1284', '鲁C50150', '1039', '2016-07-13 11:19:21', '沈阳路');
INSERT INTO `peccancy` VALUES ('1285', '鲁C50151', '1039', '2016-07-14 12:19:21', '南京路');
INSERT INTO `peccancy` VALUES ('1286', '鲁C50152', '1039', '2016-07-15 13:19:21', '上海路');
INSERT INTO `peccancy` VALUES ('1287', '鲁C50153', '1039', '2016-07-16 14:19:21', '广州路');
INSERT INTO `peccancy` VALUES ('1288', '鲁C50154', '1039', '2016-07-17 09:19:21', '高速公路');
INSERT INTO `peccancy` VALUES ('1289', '鲁C50155', '1039', '2016-07-18 10:19:21', '北京路');
INSERT INTO `peccancy` VALUES ('1290', '鲁C50156', '1039', '2016-07-19 11:19:21', '重庆路');
INSERT INTO `peccancy` VALUES ('1291', '鲁C50157', '1039', '2016-07-20 12:19:21', '沈阳路');
INSERT INTO `peccancy` VALUES ('1292', '鲁C50158', '1039', '2016-07-21 13:19:21', '南京路');
INSERT INTO `peccancy` VALUES ('1293', '鲁C50143', '1039', '2016-07-22 14:19:21', '上海路');
INSERT INTO `peccancy` VALUES ('1294', '鲁C50144', '1039', '2016-07-23 09:19:21', '广州路');
INSERT INTO `peccancy` VALUES ('1295', '鲁C50145', '1039', '2016-07-24 10:19:21', '高速公路');
INSERT INTO `peccancy` VALUES ('1296', '鲁C50146', '1039', '2016-07-25 11:19:21', '北京路');
INSERT INTO `peccancy` VALUES ('1297', '鲁C50147', '1039', '2016-07-26 12:19:21', '重庆路');
INSERT INTO `peccancy` VALUES ('1298', '鲁C50148', '1039', '2016-07-27 13:19:21', '沈阳路');
INSERT INTO `peccancy` VALUES ('1299', '鲁C50149', '1039', '2016-07-28 14:19:21', '南京路');
INSERT INTO `peccancy` VALUES ('1300', '鲁C50150', '1039', '2016-07-29 09:19:21', '上海路');
INSERT INTO `peccancy` VALUES ('1301', '鲁C50151', '1039', '2016-07-30 10:19:21', '广州路');
INSERT INTO `peccancy` VALUES ('1302', '鲁C50152', '1039', '2016-07-31 11:19:21', '高速公路');
INSERT INTO `peccancy` VALUES ('1303', '鲁C50153', '1039', '2016-08-01 12:19:21', '北京路');
INSERT INTO `peccancy` VALUES ('1304', '鲁C50154', '1039', '2016-08-02 13:19:21', '重庆路');
INSERT INTO `peccancy` VALUES ('1305', '鲁C50155', '1039', '2016-08-03 14:19:21', '沈阳路');
INSERT INTO `peccancy` VALUES ('1306', '鲁C50156', '1039', '2016-08-04 09:19:21', '南京路');
INSERT INTO `peccancy` VALUES ('1307', '鲁C50157', '1039', '2016-08-05 10:19:21', '上海路');
INSERT INTO `peccancy` VALUES ('1308', '鲁C50158', '1039', '2016-08-06 11:19:21', '广州路');
INSERT INTO `peccancy` VALUES ('1309', '鲁C50143', '1039', '2016-08-07 12:19:21', '高速公路');
INSERT INTO `peccancy` VALUES ('1310', '鲁C50144', '1039', '2016-08-08 13:19:21', '北京路');
INSERT INTO `peccancy` VALUES ('1311', '鲁C50145', '1039', '2016-08-09 14:19:21', '重庆路');
INSERT INTO `peccancy` VALUES ('1312', '鲁C50146', '1039', '2016-08-10 09:19:21', '沈阳路');
INSERT INTO `peccancy` VALUES ('1313', '鲁C50147', '1039', '2016-08-11 10:19:21', '南京路');
INSERT INTO `peccancy` VALUES ('1314', '鲁C50148', '1039', '2016-08-12 11:19:21', '上海路');
INSERT INTO `peccancy` VALUES ('1315', '鲁C50129', '1039', '2016-08-13 12:19:21', '广州路');
INSERT INTO `peccancy` VALUES ('1316', '鲁C50130', '1039', '2016-08-14 13:19:21', '高速公路');
INSERT INTO `peccancy` VALUES ('1317', '鲁C50131', '1039', '2016-08-15 14:19:21', '北京路');
INSERT INTO `peccancy` VALUES ('1318', '鲁C50132', '1039', '2016-08-16 09:19:21', '重庆路');
INSERT INTO `peccancy` VALUES ('1319', '鲁C50133', '1039', '2016-08-17 10:19:21', '沈阳路');
INSERT INTO `peccancy` VALUES ('1320', '鲁C50151', '1039', '2016-08-18 11:19:21', '南京路');
INSERT INTO `peccancy` VALUES ('1321', '鲁C50152', '1039', '2016-08-19 12:19:21', '上海路');
INSERT INTO `peccancy` VALUES ('1322', '鲁C50153', '1039', '2016-08-20 13:19:21', '广州路');
INSERT INTO `peccancy` VALUES ('1323', '鲁C50154', '1039', '2016-08-21 14:19:21', '高速公路');
INSERT INTO `peccancy` VALUES ('1324', '鲁C50155', '1039', '2016-08-22 09:19:21', '北京路');
INSERT INTO `peccancy` VALUES ('1325', '鲁C50156', '1039', '2016-08-23 10:19:21', '重庆路');
INSERT INTO `peccancy` VALUES ('1326', '鲁C50157', '1039', '2016-08-24 11:19:21', '沈阳路');
INSERT INTO `peccancy` VALUES ('1327', '鲁C50158', '1039', '2016-08-25 12:19:21', '南京路');
INSERT INTO `peccancy` VALUES ('1328', '鲁C50143', '1039', '2016-08-26 13:19:21', '上海路');
INSERT INTO `peccancy` VALUES ('1329', '鲁C50144', '1039', '2016-08-27 14:19:21', '广州路');
INSERT INTO `peccancy` VALUES ('1330', '鲁C50145', '1039', '2016-08-28 09:19:21', '高速公路');
INSERT INTO `peccancy` VALUES ('1331', '鲁C50146', '1039', '2016-08-29 10:19:21', '北京路');
INSERT INTO `peccancy` VALUES ('1332', '鲁C50147', '1039', '2016-08-30 11:19:21', '重庆路');
INSERT INTO `peccancy` VALUES ('1333', '鲁C50148', '1039', '2016-08-31 12:19:21', '沈阳路');
INSERT INTO `peccancy` VALUES ('1334', '鲁C50149', '1039', '2016-09-01 13:19:21', '南京路');
INSERT INTO `peccancy` VALUES ('1335', '鲁C50150', '1039', '2016-09-02 14:19:21', '上海路');
INSERT INTO `peccancy` VALUES ('1336', '鲁C50151', '1039', '2016-09-03 09:19:21', '广州路');
INSERT INTO `peccancy` VALUES ('1337', '鲁C50152', '1039', '2016-09-04 10:19:21', '高速公路');
INSERT INTO `peccancy` VALUES ('1338', '鲁C50153', '1039', '2016-09-05 11:19:21', '北京路');
INSERT INTO `peccancy` VALUES ('1339', '鲁C50154', '1039', '2016-09-06 12:19:21', '重庆路');
INSERT INTO `peccancy` VALUES ('1340', '鲁C50155', '1039', '2016-09-07 13:19:21', '沈阳路');
INSERT INTO `peccancy` VALUES ('1341', '鲁C50156', '1039', '2016-09-08 14:19:21', '南京路');
INSERT INTO `peccancy` VALUES ('1342', '鲁C50157', '1039', '2016-09-09 09:19:21', '上海路');
INSERT INTO `peccancy` VALUES ('1343', '鲁C50158', '1039', '2016-09-10 10:19:21', '广州路');
INSERT INTO `peccancy` VALUES ('1344', '鲁C50143', '1039', '2016-09-11 11:19:21', '高速公路');
INSERT INTO `peccancy` VALUES ('1345', '鲁C50144', '1039', '2016-09-12 12:19:21', '北京路');
INSERT INTO `peccancy` VALUES ('1346', '鲁C50145', '1039', '2016-09-13 13:19:21', '重庆路');
INSERT INTO `peccancy` VALUES ('1347', '鲁C50146', '1039', '2016-09-14 14:19:21', '沈阳路');
INSERT INTO `peccancy` VALUES ('1348', '鲁C50147', '1039', '2016-09-15 09:19:21', '南京路');
INSERT INTO `peccancy` VALUES ('1349', '鲁C50148', '1039', '2016-09-16 10:19:21', '上海路');
INSERT INTO `peccancy` VALUES ('1350', '鲁C50149', '1039', '2016-09-17 11:19:21', '广州路');
INSERT INTO `peccancy` VALUES ('1351', '鲁C50150', '1039', '2016-09-18 12:19:21', '高速公路');
INSERT INTO `peccancy` VALUES ('1352', '鲁C50151', '1039', '2016-09-19 13:19:21', '北京路');
INSERT INTO `peccancy` VALUES ('1353', '鲁C50152', '1039', '2016-09-20 14:19:21', '重庆路');
INSERT INTO `peccancy` VALUES ('1354', '鲁C50153', '1039', '2016-09-21 09:19:21', '沈阳路');
INSERT INTO `peccancy` VALUES ('1355', '鲁C50154', '1039', '2016-09-22 10:19:21', '南京路');
INSERT INTO `peccancy` VALUES ('1356', '鲁C50155', '1039', '2016-09-23 11:19:21', '上海路');
INSERT INTO `peccancy` VALUES ('1357', '鲁C50156', '1039', '2016-09-24 12:19:21', '广州路');
INSERT INTO `peccancy` VALUES ('1358', '鲁C50157', '1039', '2016-09-25 13:19:21', '高速公路');
INSERT INTO `peccancy` VALUES ('1359', '鲁C50158', '1039', '2016-09-26 14:19:21', '北京路');
INSERT INTO `peccancy` VALUES ('1360', '鲁C50143', '1039', '2016-09-27 09:19:21', '重庆路');
INSERT INTO `peccancy` VALUES ('1361', '鲁C50144', '1039', '2016-09-28 10:19:21', '沈阳路');
INSERT INTO `peccancy` VALUES ('1362', '鲁C50145', '1039', '2016-09-29 11:19:21', '南京路');
INSERT INTO `peccancy` VALUES ('1363', '鲁C50146', '1039', '2016-09-30 12:19:21', '上海路');
INSERT INTO `peccancy` VALUES ('1364', '鲁C50147', '1039', '2016-10-01 13:19:21', '广州路');
INSERT INTO `peccancy` VALUES ('1365', '鲁C50148', '1039', '2016-10-02 14:19:21', '高速公路');
INSERT INTO `peccancy` VALUES ('1366', '鲁C50149', '1039', '2016-10-03 09:19:21', '北京路');
INSERT INTO `peccancy` VALUES ('1367', '鲁C50150', '1039', '2016-10-04 10:19:21', '重庆路');
INSERT INTO `peccancy` VALUES ('1368', '鲁C50151', '1039', '2016-10-05 11:19:21', '沈阳路');
INSERT INTO `peccancy` VALUES ('1369', '鲁C50152', '1039', '2016-10-06 12:19:21', '南京路');
INSERT INTO `peccancy` VALUES ('1370', '鲁C50153', '1039', '2016-10-07 13:19:21', '上海路');
INSERT INTO `peccancy` VALUES ('1371', '鲁C50154', '1039', '2016-10-08 14:19:21', '广州路');
INSERT INTO `peccancy` VALUES ('1372', '鲁C50155', '1039', '2016-10-09 09:19:21', '高速公路');
INSERT INTO `peccancy` VALUES ('1373', '鲁C50156', '1039', '2016-10-10 10:19:21', '北京路');
INSERT INTO `peccancy` VALUES ('1374', '鲁C50157', '1039', '2016-10-11 11:19:21', '重庆路');
INSERT INTO `peccancy` VALUES ('1375', '鲁C50158', '1039', '2016-10-12 12:19:21', '沈阳路');
INSERT INTO `peccancy` VALUES ('1376', '鲁C50143', '1039', '2016-10-13 13:19:21', '南京路');
INSERT INTO `peccancy` VALUES ('1377', '鲁C50144', '1039', '2016-10-14 14:19:21', '上海路');
INSERT INTO `peccancy` VALUES ('1378', '鲁C50145', '1039', '2016-10-15 09:19:21', '广州路');
INSERT INTO `peccancy` VALUES ('1379', '鲁C50146', '1039', '2016-10-16 10:19:21', '高速公路');
INSERT INTO `peccancy` VALUES ('1380', '鲁C50147', '1039', '2016-10-17 11:19:21', '北京路');
INSERT INTO `peccancy` VALUES ('1381', '鲁C50148', '1039', '2016-10-18 12:19:21', '重庆路');
INSERT INTO `peccancy` VALUES ('1382', '鲁C50149', '1039', '2016-10-19 13:19:21', '沈阳路');
INSERT INTO `peccancy` VALUES ('1383', '鲁C50150', '1039', '2016-10-20 14:19:21', '南京路');
INSERT INTO `peccancy` VALUES ('1384', '鲁C50151', '1039', '2016-10-21 09:19:21', '上海路');
INSERT INTO `peccancy` VALUES ('1385', '鲁C50152', '1039', '2016-10-22 10:19:21', '广州路');
INSERT INTO `peccancy` VALUES ('1386', '鲁C50153', '1039', '2016-10-23 11:19:21', '高速公路');
INSERT INTO `peccancy` VALUES ('1387', '鲁C50154', '1039', '2016-10-24 12:19:21', '北京路');
INSERT INTO `peccancy` VALUES ('1388', '鲁C50155', '1039', '2016-10-25 13:19:21', '重庆路');
INSERT INTO `peccancy` VALUES ('1389', '鲁C50156', '1039', '2016-10-26 14:19:21', '沈阳路');
INSERT INTO `peccancy` VALUES ('1390', '鲁C50157', '1039', '2016-10-27 09:19:21', '南京路');
INSERT INTO `peccancy` VALUES ('1391', '鲁C50158', '1039', '2016-10-28 10:19:21', '上海路');
INSERT INTO `peccancy` VALUES ('1392', '鲁C50143', '1039', '2016-10-29 11:19:21', '广州路');
INSERT INTO `peccancy` VALUES ('1393', '鲁C50144', '1039', '2016-10-30 12:19:21', '高速公路');
INSERT INTO `peccancy` VALUES ('1394', '鲁C50145', '1039', '2016-10-31 13:19:21', '北京路');
INSERT INTO `peccancy` VALUES ('1395', '鲁C50146', '1039', '2016-11-01 14:19:21', '重庆路');
INSERT INTO `peccancy` VALUES ('1396', '鲁C50147', '1039', '2016-11-02 09:19:21', '沈阳路');
INSERT INTO `peccancy` VALUES ('1397', '鲁C50148', '1039', '2016-11-03 10:19:21', '南京路');
INSERT INTO `peccancy` VALUES ('1398', '鲁C50129', '1039', '2016-11-04 11:19:21', '上海路');
INSERT INTO `peccancy` VALUES ('1399', '鲁C50130', '1039', '2016-11-05 12:19:21', '广州路');
INSERT INTO `peccancy` VALUES ('1400', '鲁C50131', '1039', '2016-11-06 13:19:21', '高速公路');
INSERT INTO `peccancy` VALUES ('1401', '鲁C50132', '1039', '2016-11-07 14:19:21', '北京路');
INSERT INTO `peccancy` VALUES ('1402', '鲁C50133', '1039', '2016-11-08 09:19:21', '重庆路');
INSERT INTO `peccancy` VALUES ('1403', '鲁C50151', '1039', '2016-11-09 10:19:21', '沈阳路');
INSERT INTO `peccancy` VALUES ('1404', '鲁C50152', '1039', '2016-11-10 11:19:21', '南京路');
INSERT INTO `peccancy` VALUES ('1405', '鲁C50153', '1039', '2016-11-11 12:19:21', '上海路');
INSERT INTO `peccancy` VALUES ('1406', '鲁C50154', '1039', '2016-11-12 13:19:21', '广州路');
INSERT INTO `peccancy` VALUES ('1407', '鲁C50155', '1039', '2016-11-13 14:19:21', '高速公路');
INSERT INTO `peccancy` VALUES ('1408', '鲁C50156', '1039', '2016-11-14 09:19:21', '北京路');
INSERT INTO `peccancy` VALUES ('1409', '鲁C50157', '1039', '2016-11-15 10:19:21', '重庆路');
INSERT INTO `peccancy` VALUES ('1410', '鲁C50158', '1039', '2016-11-16 11:19:21', '沈阳路');
INSERT INTO `peccancy` VALUES ('1411', '鲁C50143', '1039', '2016-11-17 12:19:21', '南京路');
INSERT INTO `peccancy` VALUES ('1412', '鲁C50144', '1039', '2016-11-18 13:19:21', '上海路');
INSERT INTO `peccancy` VALUES ('1413', '鲁C50145', '1039', '2016-11-19 14:19:21', '广州路');
INSERT INTO `peccancy` VALUES ('1414', '鲁C50146', '1039', '2016-11-20 09:19:21', '高速公路');
INSERT INTO `peccancy` VALUES ('1415', '鲁C50147', '1039', '2016-11-21 10:19:21', '北京路');
INSERT INTO `peccancy` VALUES ('1416', '鲁C50148', '1039', '2016-11-22 11:19:21', '重庆路');
INSERT INTO `peccancy` VALUES ('1417', '鲁C50149', '1039', '2016-11-23 12:19:21', '沈阳路');
INSERT INTO `peccancy` VALUES ('1418', '鲁C50150', '1039', '2016-11-24 13:19:21', '南京路');
INSERT INTO `peccancy` VALUES ('1419', '鲁C50151', '1039', '2016-11-25 14:19:21', '上海路');
INSERT INTO `peccancy` VALUES ('1420', '鲁C50152', '1039', '2016-11-26 09:19:21', '广州路');
INSERT INTO `peccancy` VALUES ('1421', '鲁C50153', '1039', '2016-11-27 10:19:21', '高速公路');
INSERT INTO `peccancy` VALUES ('1422', '鲁C50154', '1039', '2016-11-28 11:19:21', '北京路');
INSERT INTO `peccancy` VALUES ('1423', '鲁C50155', '1039', '2016-11-29 12:19:21', '重庆路');
INSERT INTO `peccancy` VALUES ('1424', '鲁C50156', '1039', '2016-11-30 13:19:21', '沈阳路');
INSERT INTO `peccancy` VALUES ('1425', '鲁C50157', '1039', '2016-12-01 14:19:21', '南京路');
INSERT INTO `peccancy` VALUES ('1426', '鲁C50158', '1039', '2016-12-02 09:19:21', '上海路');
INSERT INTO `peccancy` VALUES ('1427', '鲁C50143', '1039', '2016-12-03 10:19:21', '广州路');
INSERT INTO `peccancy` VALUES ('1428', '鲁C50144', '1039', '2016-12-04 11:19:21', '高速公路');
INSERT INTO `peccancy` VALUES ('1429', '鲁C50145', '1039', '2016-12-05 12:19:21', '北京路');
INSERT INTO `peccancy` VALUES ('1430', '鲁C50146', '1039', '2016-12-06 13:19:21', '重庆路');
INSERT INTO `peccancy` VALUES ('1431', '鲁C50147', '1039', '2016-12-07 14:19:21', '沈阳路');
INSERT INTO `peccancy` VALUES ('1432', '鲁C50148', '1039', '2016-12-08 09:19:21', '南京路');
INSERT INTO `peccancy` VALUES ('1433', '鲁C50149', '1039', '2016-12-09 10:19:21', '上海路');
INSERT INTO `peccancy` VALUES ('1434', '鲁C50150', '1039', '2016-12-10 11:19:21', '广州路');
INSERT INTO `peccancy` VALUES ('1435', '鲁C50151', '1039', '2016-12-11 12:19:21', '高速公路');
INSERT INTO `peccancy` VALUES ('1436', '鲁C50152', '1039', '2016-05-21 13:19:21', '北京路');
INSERT INTO `peccancy` VALUES ('1437', '鲁C50153', '1039', '2016-05-22 14:19:21', '重庆路');
INSERT INTO `peccancy` VALUES ('1438', '鲁C50154', '1039', '2016-05-23 09:19:21', '沈阳路');
INSERT INTO `peccancy` VALUES ('1439', '鲁C50155', '1039', '2016-05-24 10:19:21', '南京路');
INSERT INTO `peccancy` VALUES ('1440', '鲁C50156', '1039', '2016-05-25 11:19:21', '上海路');
INSERT INTO `peccancy` VALUES ('1441', '鲁C50157', '1039', '2016-05-26 12:19:21', '广州路');
INSERT INTO `peccancy` VALUES ('1442', '鲁C50158', '1039', '2016-05-27 13:19:21', '高速公路');
INSERT INTO `peccancy` VALUES ('1443', '鲁C50143', '1039', '2016-05-28 14:19:21', '北京路');
INSERT INTO `peccancy` VALUES ('1444', '鲁C50144', '1039', '2016-05-29 09:19:21', '重庆路');
INSERT INTO `peccancy` VALUES ('1445', '鲁C50145', '1039', '2016-05-30 10:19:21', '沈阳路');
INSERT INTO `peccancy` VALUES ('1446', '鲁C50146', '1039', '2016-05-31 11:19:21', '南京路');
INSERT INTO `peccancy` VALUES ('1447', '鲁C50147', '1039', '2016-06-01 12:19:21', '上海路');
INSERT INTO `peccancy` VALUES ('1448', '鲁C50148', '1039', '2016-06-02 13:19:21', '广州路');
INSERT INTO `peccancy` VALUES ('1449', '鲁C50149', '1039', '2016-06-03 14:19:21', '高速公路');
INSERT INTO `peccancy` VALUES ('1450', '鲁C50150', '1039', '2016-06-04 09:19:21', '北京路');
INSERT INTO `peccancy` VALUES ('1451', '鲁C50151', '1039', '2016-06-05 10:19:21', '重庆路');
INSERT INTO `peccancy` VALUES ('1452', '鲁C50152', '1039', '2016-06-06 11:19:21', '沈阳路');
INSERT INTO `peccancy` VALUES ('1453', '鲁C50153', '1039', '2016-06-07 12:19:21', '南京路');
INSERT INTO `peccancy` VALUES ('1454', '鲁C50154', '1039', '2016-06-08 13:19:21', '上海路');
INSERT INTO `peccancy` VALUES ('1455', '鲁C50155', '1039', '2016-06-09 14:19:21', '广州路');
INSERT INTO `peccancy` VALUES ('1456', '鲁C50156', '1039', '2016-06-10 09:19:21', '高速公路');
INSERT INTO `peccancy` VALUES ('1457', '鲁C50157', '1039', '2016-06-11 10:19:21', '北京路');
INSERT INTO `peccancy` VALUES ('1458', '鲁C50158', '1039', '2016-06-12 11:19:21', '重庆路');
INSERT INTO `peccancy` VALUES ('1459', '鲁C50143', '1039', '2016-06-13 12:19:21', '沈阳路');
INSERT INTO `peccancy` VALUES ('1460', '鲁C50144', '1039', '2016-06-14 13:19:21', '南京路');
INSERT INTO `peccancy` VALUES ('1461', '鲁C50145', '1039', '2016-06-15 14:19:21', '上海路');
INSERT INTO `peccancy` VALUES ('1462', '鲁C50146', '1039', '2016-06-16 09:19:21', '广州路');
INSERT INTO `peccancy` VALUES ('1463', '鲁C50147', '1039', '2016-06-17 10:19:21', '高速公路');
INSERT INTO `peccancy` VALUES ('1464', '鲁C50148', '1039', '2016-06-18 11:19:21', '北京路');
INSERT INTO `peccancy` VALUES ('1465', '鲁C50149', '1039', '2016-06-19 12:19:21', '重庆路');
INSERT INTO `peccancy` VALUES ('1466', '鲁C50150', '1039', '2016-06-20 13:19:21', '沈阳路');
INSERT INTO `peccancy` VALUES ('1467', '鲁C50151', '1039', '2016-06-21 14:19:21', '南京路');
INSERT INTO `peccancy` VALUES ('1468', '鲁C50152', '1039', '2016-06-22 09:19:21', '上海路');
INSERT INTO `peccancy` VALUES ('1469', '鲁C50153', '1039', '2016-06-23 10:19:21', '广州路');
INSERT INTO `peccancy` VALUES ('1470', '鲁C50154', '1039', '2016-06-24 11:19:21', '高速公路');
INSERT INTO `peccancy` VALUES ('1471', '鲁C50155', '1039', '2016-06-25 12:19:21', '北京路');
INSERT INTO `peccancy` VALUES ('1472', '鲁C50156', '1039', '2016-06-26 13:19:21', '重庆路');
INSERT INTO `peccancy` VALUES ('1473', '鲁C50157', '1039', '2016-06-27 14:19:21', '沈阳路');
INSERT INTO `peccancy` VALUES ('1474', '鲁C50158', '1039', '2016-06-28 09:19:21', '南京路');
INSERT INTO `peccancy` VALUES ('1475', '鲁C50143', '1039', '2016-06-29 10:19:21', '上海路');
INSERT INTO `peccancy` VALUES ('1476', '鲁C50144', '1039', '2016-06-30 11:19:21', '广州路');
INSERT INTO `peccancy` VALUES ('1477', '鲁C50145', '1039', '2016-07-01 12:19:21', '高速公路');
INSERT INTO `peccancy` VALUES ('1478', '鲁C50146', '1039', '2016-07-02 13:19:21', '北京路');
INSERT INTO `peccancy` VALUES ('1479', '鲁C50147', '1039', '2016-07-03 14:19:21', '重庆路');
INSERT INTO `peccancy` VALUES ('1480', '鲁C50148', '1039', '2016-07-04 09:19:21', '沈阳路');
INSERT INTO `peccancy` VALUES ('1481', '鲁C50129', '1039', '2016-07-05 10:19:21', '南京路');
INSERT INTO `peccancy` VALUES ('1482', '鲁C50130', '1039', '2016-07-06 11:19:21', '上海路');
INSERT INTO `peccancy` VALUES ('1483', '鲁C50131', '1039', '2016-07-07 12:19:21', '广州路');
INSERT INTO `peccancy` VALUES ('1484', '鲁C50132', '1039', '2016-07-08 13:19:21', '高速公路');
INSERT INTO `peccancy` VALUES ('1485', '鲁C50133', '1039', '2016-07-09 14:19:21', '北京路');
INSERT INTO `peccancy` VALUES ('1486', '鲁C50151', '1039', '2016-07-10 09:19:21', '重庆路');
INSERT INTO `peccancy` VALUES ('1487', '鲁C50152', '1039', '2016-07-11 10:19:21', '沈阳路');
INSERT INTO `peccancy` VALUES ('1488', '鲁C50153', '1039', '2016-07-12 11:19:21', '南京路');
INSERT INTO `peccancy` VALUES ('1489', '鲁C50154', '1039', '2016-07-13 12:19:21', '上海路');
INSERT INTO `peccancy` VALUES ('1490', '鲁C50155', '1039', '2016-07-14 13:19:21', '广州路');
INSERT INTO `peccancy` VALUES ('1491', '鲁C50156', '1039', '2016-07-15 14:19:21', '高速公路');
INSERT INTO `peccancy` VALUES ('1492', '鲁C50157', '1039', '2016-07-16 09:19:21', '北京路');
INSERT INTO `peccancy` VALUES ('1493', '鲁C50158', '1039', '2016-07-17 10:19:21', '重庆路');
INSERT INTO `peccancy` VALUES ('1494', '鲁C50143', '1039', '2016-07-18 11:19:21', '沈阳路');
INSERT INTO `peccancy` VALUES ('1495', '鲁C50144', '1039', '2016-07-19 12:19:21', '南京路');
INSERT INTO `peccancy` VALUES ('1496', '鲁C50145', '1039', '2016-07-20 13:19:21', '上海路');
INSERT INTO `peccancy` VALUES ('1497', '鲁C50146', '1039', '2016-07-21 14:19:21', '广州路');
INSERT INTO `peccancy` VALUES ('1498', '鲁C50147', '1039', '2016-07-22 09:19:21', '高速公路');
INSERT INTO `peccancy` VALUES ('1499', '鲁C50148', '1039', '2016-07-23 10:19:21', '北京路');
INSERT INTO `peccancy` VALUES ('1500', '鲁C50149', '1039', '2016-07-24 11:19:21', '重庆路');
INSERT INTO `peccancy` VALUES ('1501', '鲁C50150', '1039', '2016-07-25 12:19:21', '沈阳路');
INSERT INTO `peccancy` VALUES ('1502', '鲁C50151', '1039', '2016-07-26 13:19:21', '南京路');
INSERT INTO `peccancy` VALUES ('1503', '鲁C50152', '1039', '2016-07-27 14:19:21', '上海路');
INSERT INTO `peccancy` VALUES ('1504', '鲁C50153', '1039', '2016-07-28 09:19:21', '广州路');
INSERT INTO `peccancy` VALUES ('1505', '鲁C50154', '1039', '2016-07-29 10:19:21', '高速公路');
INSERT INTO `peccancy` VALUES ('1506', '鲁C50155', '1039', '2016-07-30 11:19:21', '北京路');
INSERT INTO `peccancy` VALUES ('1507', '鲁C50156', '1039', '2016-07-31 12:19:21', '重庆路');
INSERT INTO `peccancy` VALUES ('1508', '鲁C50157', '1039', '2016-08-01 13:19:21', '沈阳路');
INSERT INTO `peccancy` VALUES ('1509', '鲁C50158', '1039', '2016-08-02 14:19:21', '南京路');
INSERT INTO `peccancy` VALUES ('1510', '鲁C50143', '1039', '2016-08-03 09:19:21', '上海路');
INSERT INTO `peccancy` VALUES ('1511', '鲁C50144', '1039', '2016-08-04 10:19:21', '广州路');
INSERT INTO `peccancy` VALUES ('1512', '鲁C50145', '1039', '2016-08-05 11:19:21', '高速公路');
INSERT INTO `peccancy` VALUES ('1513', '鲁C50146', '1039', '2016-08-06 12:19:21', '北京路');
INSERT INTO `peccancy` VALUES ('1514', '鲁C50147', '1039', '2016-08-07 13:19:21', '重庆路');
INSERT INTO `peccancy` VALUES ('1515', '鲁C50148', '1039', '2016-08-08 14:19:21', '沈阳路');
INSERT INTO `peccancy` VALUES ('1516', '鲁C50149', '1039', '2016-08-09 09:19:21', '南京路');
INSERT INTO `peccancy` VALUES ('1517', '鲁C50150', '1039', '2016-08-10 10:19:21', '上海路');
INSERT INTO `peccancy` VALUES ('1518', '鲁C50151', '1039', '2016-08-11 11:19:21', '广州路');
INSERT INTO `peccancy` VALUES ('1519', '鲁C50152', '1039', '2016-08-12 12:19:21', '高速公路');
INSERT INTO `peccancy` VALUES ('1520', '鲁C50153', '1039', '2016-08-13 13:19:21', '北京路');
INSERT INTO `peccancy` VALUES ('1521', '鲁C50154', '1039', '2016-08-14 14:19:21', '重庆路');
INSERT INTO `peccancy` VALUES ('1522', '鲁C50155', '1039', '2016-08-15 09:19:21', '沈阳路');
INSERT INTO `peccancy` VALUES ('1523', '鲁C50156', '1039', '2016-08-16 10:19:21', '南京路');
INSERT INTO `peccancy` VALUES ('1524', '鲁C50157', '1042', '2016-08-17 11:19:21', '上海路');
INSERT INTO `peccancy` VALUES ('1525', '鲁C50158', '1042', '2016-08-18 12:19:21', '广州路');
INSERT INTO `peccancy` VALUES ('1526', '鲁C50143', '1042', '2016-08-19 13:19:21', '高速公路');
INSERT INTO `peccancy` VALUES ('1527', '鲁C50144', '1042', '2016-08-20 14:19:21', '北京路');
INSERT INTO `peccancy` VALUES ('1528', '鲁C50145', '1042', '2016-08-21 09:19:21', '重庆路');
INSERT INTO `peccancy` VALUES ('1529', '鲁C50146', '1042', '2016-08-22 10:19:21', '沈阳路');
INSERT INTO `peccancy` VALUES ('1530', '鲁C50147', '1042', '2016-08-23 11:19:21', '南京路');
INSERT INTO `peccancy` VALUES ('1531', '鲁C50148', '1042', '2016-08-24 12:19:21', '上海路');
INSERT INTO `peccancy` VALUES ('1532', '鲁C50149', '1042', '2016-08-25 13:19:21', '广州路');
INSERT INTO `peccancy` VALUES ('1533', '鲁C50150', '1042', '2016-08-26 14:19:21', '高速公路');
INSERT INTO `peccancy` VALUES ('1534', '鲁C50151', '1042', '2016-08-27 09:19:21', '北京路');
INSERT INTO `peccancy` VALUES ('1535', '鲁C50152', '1042', '2016-08-28 10:19:21', '重庆路');
INSERT INTO `peccancy` VALUES ('1536', '鲁C50153', '1042', '2016-08-29 11:19:21', '沈阳路');
INSERT INTO `peccancy` VALUES ('1537', '鲁C50154', '1042', '2016-08-30 12:19:21', '南京路');
INSERT INTO `peccancy` VALUES ('1538', '鲁C50155', '1042', '2016-08-31 13:19:21', '上海路');
INSERT INTO `peccancy` VALUES ('1539', '鲁C50156', '1042', '2016-09-01 14:19:21', '广州路');
INSERT INTO `peccancy` VALUES ('1540', '鲁C50157', '1042', '2016-09-02 09:19:21', '高速公路');
INSERT INTO `peccancy` VALUES ('1541', '鲁C50158', '1042', '2016-09-03 10:19:21', '北京路');
INSERT INTO `peccancy` VALUES ('1542', '鲁C50143', '1042', '2016-09-04 11:19:21', '重庆路');
INSERT INTO `peccancy` VALUES ('1543', '鲁C50144', '1042', '2016-09-05 12:19:21', '沈阳路');
INSERT INTO `peccancy` VALUES ('1544', '鲁C50145', '1042', '2016-09-06 13:19:21', '南京路');
INSERT INTO `peccancy` VALUES ('1545', '鲁C50146', '1042', '2016-09-07 14:19:21', '上海路');
INSERT INTO `peccancy` VALUES ('1546', '鲁C50147', '1042', '2016-09-08 09:19:21', '广州路');
INSERT INTO `peccancy` VALUES ('1547', '鲁C50148', '1042', '2016-09-09 10:19:21', '高速公路');
INSERT INTO `peccancy` VALUES ('1548', '鲁C50149', '1042', '2016-09-10 11:19:21', '北京路');
INSERT INTO `peccancy` VALUES ('1549', '鲁C50150', '1042', '2016-09-11 12:19:21', '重庆路');
INSERT INTO `peccancy` VALUES ('1550', '鲁C50151', '1042', '2016-09-12 13:19:21', '沈阳路');
INSERT INTO `peccancy` VALUES ('1551', '鲁C50152', '1042', '2016-09-13 14:19:21', '南京路');
INSERT INTO `peccancy` VALUES ('1552', '鲁C50153', '1042', '2016-09-14 09:19:21', '上海路');
INSERT INTO `peccancy` VALUES ('1553', '鲁C50154', '1042', '2016-09-15 10:19:21', '广州路');
INSERT INTO `peccancy` VALUES ('1554', '鲁C50155', '1042', '2016-09-16 11:19:21', '高速公路');
INSERT INTO `peccancy` VALUES ('1555', '鲁C50156', '1042', '2016-09-17 12:19:21', '北京路');
INSERT INTO `peccancy` VALUES ('1556', '鲁C50157', '1042', '2016-09-18 13:19:21', '重庆路');
INSERT INTO `peccancy` VALUES ('1557', '鲁C50158', '1042', '2016-09-19 14:19:21', '沈阳路');
INSERT INTO `peccancy` VALUES ('1558', '鲁C50143', '1042', '2016-09-20 09:19:21', '南京路');
INSERT INTO `peccancy` VALUES ('1559', '鲁C50144', '1042', '2016-09-21 10:19:21', '上海路');
INSERT INTO `peccancy` VALUES ('1560', '鲁C50145', '1042', '2016-09-22 11:19:21', '广州路');
INSERT INTO `peccancy` VALUES ('1561', '鲁C50146', '1042', '2016-09-23 12:19:21', '高速公路');
INSERT INTO `peccancy` VALUES ('1562', '鲁C50147', '1042', '2016-09-24 13:19:21', '北京路');
INSERT INTO `peccancy` VALUES ('1563', '鲁C50148', '1042', '2016-09-25 14:19:21', '重庆路');
INSERT INTO `peccancy` VALUES ('1564', '鲁C50129', '1042', '2016-09-26 09:19:21', '沈阳路');
INSERT INTO `peccancy` VALUES ('1565', '鲁C50130', '1042', '2016-09-27 10:19:21', '南京路');
INSERT INTO `peccancy` VALUES ('1566', '鲁C50131', '1042', '2016-09-28 11:19:21', '上海路');
INSERT INTO `peccancy` VALUES ('1567', '鲁C50132', '1042', '2016-09-29 12:19:21', '广州路');
INSERT INTO `peccancy` VALUES ('1568', '鲁C50133', '1042', '2016-09-30 13:19:21', '高速公路');
INSERT INTO `peccancy` VALUES ('1569', '鲁C50151', '1042', '2016-10-01 14:19:21', '北京路');
INSERT INTO `peccancy` VALUES ('1570', '鲁C50152', '1042', '2016-10-02 09:19:21', '重庆路');
INSERT INTO `peccancy` VALUES ('1571', '鲁C50153', '1042', '2016-10-03 10:19:21', '沈阳路');
INSERT INTO `peccancy` VALUES ('1572', '鲁C50154', '1042', '2016-10-04 11:19:21', '南京路');
INSERT INTO `peccancy` VALUES ('1573', '鲁C50155', '1042', '2016-10-05 12:19:21', '上海路');
INSERT INTO `peccancy` VALUES ('1574', '鲁C50156', '1042', '2016-10-06 13:19:21', '广州路');
INSERT INTO `peccancy` VALUES ('1575', '鲁C50157', '1042', '2016-10-07 14:19:21', '高速公路');
INSERT INTO `peccancy` VALUES ('1576', '鲁C50158', '1042', '2016-10-08 09:19:21', '北京路');
INSERT INTO `peccancy` VALUES ('1577', '鲁C50143', '1042', '2016-10-09 10:19:21', '重庆路');
INSERT INTO `peccancy` VALUES ('1578', '鲁C50144', '1042', '2016-10-10 11:19:21', '沈阳路');
INSERT INTO `peccancy` VALUES ('1579', '鲁C50145', '1042', '2016-10-11 12:19:21', '南京路');
INSERT INTO `peccancy` VALUES ('1580', '鲁C50146', '1042', '2016-10-12 13:19:21', '上海路');
INSERT INTO `peccancy` VALUES ('1581', '鲁C50147', '1042', '2016-10-13 14:19:21', '广州路');
INSERT INTO `peccancy` VALUES ('1582', '鲁C50148', '1042', '2016-10-14 09:19:21', '高速公路');
INSERT INTO `peccancy` VALUES ('1583', '鲁C50149', '1042', '2016-10-15 10:19:21', '北京路');
INSERT INTO `peccancy` VALUES ('1584', '鲁C50150', '1042', '2016-10-16 11:19:21', '重庆路');
INSERT INTO `peccancy` VALUES ('1585', '鲁C50151', '1042', '2016-10-17 12:19:21', '沈阳路');
INSERT INTO `peccancy` VALUES ('1586', '鲁C50152', '1042', '2016-10-18 13:19:21', '南京路');
INSERT INTO `peccancy` VALUES ('1587', '鲁C50153', '1042', '2016-10-19 14:19:21', '上海路');
INSERT INTO `peccancy` VALUES ('1588', '鲁C50154', '1042', '2016-10-20 09:19:21', '广州路');
INSERT INTO `peccancy` VALUES ('1589', '鲁C50155', '1042', '2016-10-21 10:19:21', '高速公路');
INSERT INTO `peccancy` VALUES ('1590', '鲁C50156', '1042', '2016-10-22 11:19:21', '北京路');
INSERT INTO `peccancy` VALUES ('1591', '鲁C50157', '1042', '2016-10-23 12:19:21', '重庆路');
INSERT INTO `peccancy` VALUES ('1592', '鲁C50158', '1042', '2016-10-24 13:19:21', '沈阳路');
INSERT INTO `peccancy` VALUES ('1593', '鲁C50143', '1042', '2016-10-25 14:19:21', '南京路');
INSERT INTO `peccancy` VALUES ('1594', '鲁C50144', '1042', '2016-10-26 09:19:21', '上海路');
INSERT INTO `peccancy` VALUES ('1595', '鲁C50145', '1042', '2016-10-27 10:19:21', '广州路');
INSERT INTO `peccancy` VALUES ('1596', '鲁C50146', '1042', '2016-10-28 11:19:21', '高速公路');
INSERT INTO `peccancy` VALUES ('1597', '鲁C50147', '1042', '2016-10-29 12:19:21', '北京路');
INSERT INTO `peccancy` VALUES ('1598', '鲁C50148', '1042', '2016-10-30 13:19:21', '重庆路');
INSERT INTO `peccancy` VALUES ('1599', '鲁C50149', '1042', '2016-10-31 14:19:21', '沈阳路');
INSERT INTO `peccancy` VALUES ('1600', '鲁C50150', '1042', '2016-11-01 09:19:21', '南京路');
INSERT INTO `peccancy` VALUES ('1601', '鲁C50151', '1042', '2016-11-02 10:19:21', '上海路');
INSERT INTO `peccancy` VALUES ('1602', '鲁C50152', '1042', '2016-11-03 11:19:21', '广州路');
INSERT INTO `peccancy` VALUES ('1603', '鲁C50153', '1042', '2016-11-04 12:19:21', '高速公路');
INSERT INTO `peccancy` VALUES ('1604', '鲁C50154', '1042', '2016-11-05 13:19:21', '北京路');
INSERT INTO `peccancy` VALUES ('1605', '鲁C50155', '1042', '2016-11-06 14:19:21', '重庆路');
INSERT INTO `peccancy` VALUES ('1606', '鲁C50156', '1042', '2016-11-07 09:19:21', '沈阳路');
INSERT INTO `peccancy` VALUES ('1607', '鲁C50157', '1042', '2016-11-08 10:19:21', '南京路');
INSERT INTO `peccancy` VALUES ('1608', '鲁C50158', '1042', '2016-11-09 11:19:21', '上海路');
INSERT INTO `peccancy` VALUES ('1609', '鲁C50143', '1042', '2016-11-10 12:19:21', '广州路');
INSERT INTO `peccancy` VALUES ('1610', '鲁C50144', '1042', '2016-11-11 13:19:21', '高速公路');
INSERT INTO `peccancy` VALUES ('1611', '鲁C50145', '1042', '2016-11-12 21:19:21', '北京路');
INSERT INTO `peccancy` VALUES ('1612', '鲁C50146', '1042', '2016-11-13 22:19:21', '重庆路');
INSERT INTO `peccancy` VALUES ('1613', '鲁C50147', '1042', '2016-11-14 23:19:21', '沈阳路');
INSERT INTO `peccancy` VALUES ('1614', '鲁C50148', '1042', '2016-11-15 00:19:21', '南京路');
INSERT INTO `peccancy` VALUES ('1615', '鲁C50149', '1042', '2016-11-16 01:19:21', '上海路');
INSERT INTO `peccancy` VALUES ('1616', '鲁C50150', '1042', '2016-11-17 02:19:21', '广州路');
INSERT INTO `peccancy` VALUES ('1617', '鲁C50151', '1042', '2016-11-18 03:19:21', '高速公路');
INSERT INTO `peccancy` VALUES ('1618', '鲁C50152', '1042', '2016-11-19 04:19:21', '北京路');
INSERT INTO `peccancy` VALUES ('1619', '鲁C50153', '1042', '2016-11-20 05:19:21', '重庆路');
INSERT INTO `peccancy` VALUES ('1620', '鲁C50154', '1042', '2016-11-21 06:19:21', '沈阳路');
INSERT INTO `peccancy` VALUES ('1621', '鲁C50155', '1042', '2016-11-22 07:19:21', '南京路');
INSERT INTO `peccancy` VALUES ('1622', '鲁C50156', '1042', '2016-11-23 08:19:21', '上海路');
INSERT INTO `peccancy` VALUES ('1623', '鲁C50157', '1042', '2016-11-24 09:19:21', '广州路');
INSERT INTO `peccancy` VALUES ('1624', '鲁C50158', '1042', '2016-11-25 10:19:21', '高速公路');
INSERT INTO `peccancy` VALUES ('1625', '鲁C50143', '1042', '2016-11-26 11:19:21', '北京路');
INSERT INTO `peccancy` VALUES ('1626', '鲁C50144', '1042', '2016-11-27 12:19:21', '重庆路');
INSERT INTO `peccancy` VALUES ('1627', '鲁C50145', '1042', '2016-11-28 13:19:21', '沈阳路');
INSERT INTO `peccancy` VALUES ('1628', '鲁C50146', '1042', '2016-11-29 14:19:21', '南京路');
INSERT INTO `peccancy` VALUES ('1629', '鲁C50147', '1042', '2016-11-30 15:19:21', '上海路');
INSERT INTO `peccancy` VALUES ('1630', '鲁C50148', '1042', '2016-12-01 16:19:21', '广州路');
INSERT INTO `peccancy` VALUES ('1631', '鲁C50149', '1042', '2016-12-02 17:19:21', '高速公路');
INSERT INTO `peccancy` VALUES ('1632', '鲁C50150', '1042', '2016-12-03 18:19:21', '北京路');
INSERT INTO `peccancy` VALUES ('1633', '鲁C50151', '1042', '2016-12-04 19:19:21', '重庆路');
INSERT INTO `peccancy` VALUES ('1634', '鲁C50152', '1042', '2016-12-05 20:19:21', '沈阳路');
INSERT INTO `peccancy` VALUES ('1635', '鲁C50153', '1042', '2016-12-06 21:19:21', '南京路');
INSERT INTO `peccancy` VALUES ('1636', '鲁C50154', '1042', '2016-12-07 22:19:21', '上海路');
INSERT INTO `peccancy` VALUES ('1637', '鲁C50155', '1042', '2016-12-08 23:19:21', '广州路');
INSERT INTO `peccancy` VALUES ('1638', '鲁C50156', '1042', '2016-12-09 00:19:21', '高速公路');
INSERT INTO `peccancy` VALUES ('1639', '鲁C50157', '1042', '2016-12-10 01:19:21', '北京路');
INSERT INTO `peccancy` VALUES ('1640', '鲁C50158', '1042', '2016-12-11 02:19:21', '重庆路');
INSERT INTO `peccancy` VALUES ('1641', '鲁C50143', '1042', '2016-05-21 03:19:21', '沈阳路');
INSERT INTO `peccancy` VALUES ('1642', '鲁C50144', '1042', '2016-05-22 04:19:21', '南京路');
INSERT INTO `peccancy` VALUES ('1643', '鲁C50145', '1042', '2016-05-23 05:19:21', '上海路');
INSERT INTO `peccancy` VALUES ('1644', '鲁C50146', '1042', '2016-05-24 06:19:21', '广州路');
INSERT INTO `peccancy` VALUES ('1645', '鲁C50147', '1042', '2016-05-25 07:19:21', '高速公路');
INSERT INTO `peccancy` VALUES ('1646', '鲁C50148', '1042', '2016-05-26 08:19:21', '北京路');
INSERT INTO `peccancy` VALUES ('1647', '鲁C50129', '1042', '2016-05-27 09:19:21', '重庆路');
INSERT INTO `peccancy` VALUES ('1648', '鲁C50130', '1042', '2016-05-28 10:19:21', '沈阳路');
INSERT INTO `peccancy` VALUES ('1649', '鲁C50131', '1042', '2016-05-29 11:19:21', '南京路');
INSERT INTO `peccancy` VALUES ('1650', '鲁C50132', '1042', '2016-05-30 12:19:21', '上海路');
INSERT INTO `peccancy` VALUES ('1651', '鲁C50133', '1042', '2016-05-31 13:19:21', '广州路');
INSERT INTO `peccancy` VALUES ('1652', '鲁C50151', '1042', '2016-06-01 14:19:21', '高速公路');
INSERT INTO `peccancy` VALUES ('1653', '鲁C50152', '1042', '2016-06-02 15:19:21', '北京路');
INSERT INTO `peccancy` VALUES ('1654', '鲁C50153', '1042', '2016-06-03 16:19:21', '重庆路');
INSERT INTO `peccancy` VALUES ('1655', '鲁C50154', '1042', '2016-06-04 17:19:21', '沈阳路');
INSERT INTO `peccancy` VALUES ('1656', '鲁C50155', '1042', '2016-06-05 18:19:21', '南京路');
INSERT INTO `peccancy` VALUES ('1657', '鲁C50156', '1042', '2016-06-06 19:19:21', '上海路');
INSERT INTO `peccancy` VALUES ('1658', '鲁C50157', '1042', '2016-06-07 20:19:21', '广州路');
INSERT INTO `peccancy` VALUES ('1659', '鲁C50158', '1042', '2016-06-08 21:19:21', '高速公路');
INSERT INTO `peccancy` VALUES ('1660', '鲁C50143', '1042', '2016-06-09 22:19:21', '北京路');
INSERT INTO `peccancy` VALUES ('1661', '鲁C50144', '1042', '2016-06-10 23:19:21', '重庆路');
INSERT INTO `peccancy` VALUES ('1662', '鲁C50145', '1042', '2016-06-11 00:19:21', '沈阳路');
INSERT INTO `peccancy` VALUES ('1663', '鲁C50146', '1042', '2016-06-12 01:19:21', '南京路');
INSERT INTO `peccancy` VALUES ('1664', '鲁C50147', '1042', '2016-06-13 02:19:21', '上海路');
INSERT INTO `peccancy` VALUES ('1665', '鲁C50148', '1042', '2016-06-14 03:19:21', '广州路');
INSERT INTO `peccancy` VALUES ('1666', '鲁C50149', '1042', '2016-06-15 04:19:21', '高速公路');
INSERT INTO `peccancy` VALUES ('1667', '鲁C50150', '1042', '2016-06-16 05:19:21', '北京路');
INSERT INTO `peccancy` VALUES ('1668', '鲁C50151', '1042', '2016-06-17 06:19:21', '重庆路');
INSERT INTO `peccancy` VALUES ('1669', '鲁C50152', '1042', '2016-06-18 07:19:21', '沈阳路');
INSERT INTO `peccancy` VALUES ('1670', '鲁C50153', '1042', '2016-06-19 08:19:21', '南京路');
INSERT INTO `peccancy` VALUES ('1671', '鲁C50154', '1042', '2016-06-20 09:19:21', '上海路');
INSERT INTO `peccancy` VALUES ('1672', '鲁C50155', '1042', '2016-06-21 10:19:21', '广州路');
INSERT INTO `peccancy` VALUES ('1673', '鲁C50156', '1042', '2016-06-22 11:19:21', '高速公路');
INSERT INTO `peccancy` VALUES ('1674', '鲁C50157', '1042', '2016-06-23 12:19:21', '北京路');
INSERT INTO `peccancy` VALUES ('1675', '鲁C50158', '1042', '2016-06-24 13:19:21', '重庆路');
INSERT INTO `peccancy` VALUES ('1676', '鲁C50143', '1042', '2016-06-25 14:19:21', '沈阳路');
INSERT INTO `peccancy` VALUES ('1677', '鲁C50144', '1042', '2016-06-26 15:19:21', '南京路');
INSERT INTO `peccancy` VALUES ('1678', '鲁C50145', '1042', '2016-06-27 16:19:21', '上海路');
INSERT INTO `peccancy` VALUES ('1679', '鲁C50146', '1042', '2016-06-28 17:19:21', '广州路');
INSERT INTO `peccancy` VALUES ('1680', '鲁C50147', '1042', '2016-06-29 18:19:21', '高速公路');
INSERT INTO `peccancy` VALUES ('1681', '鲁C50148', '1042', '2016-06-30 19:19:21', '北京路');
INSERT INTO `peccancy` VALUES ('1682', '鲁C50149', '1042', '2016-07-01 20:19:21', '重庆路');
INSERT INTO `peccancy` VALUES ('1683', '鲁C50150', '1042', '2016-07-02 21:19:21', '沈阳路');
INSERT INTO `peccancy` VALUES ('1684', '鲁C50151', '1042', '2016-07-03 22:19:21', '南京路');
INSERT INTO `peccancy` VALUES ('1685', '鲁C50152', '1042', '2016-07-04 23:19:21', '上海路');
INSERT INTO `peccancy` VALUES ('1686', '鲁C50153', '1042', '2016-07-05 00:19:21', '广州路');
INSERT INTO `peccancy` VALUES ('1687', '鲁C50154', '1042', '2016-07-06 01:19:21', '高速公路');
INSERT INTO `peccancy` VALUES ('1688', '鲁C50155', '1042', '2016-07-07 02:19:21', '北京路');
INSERT INTO `peccancy` VALUES ('1689', '鲁C50156', '1042', '2016-07-08 03:19:21', '重庆路');
INSERT INTO `peccancy` VALUES ('1690', '鲁C50157', '1042', '2016-07-09 04:19:21', '沈阳路');
INSERT INTO `peccancy` VALUES ('1691', '鲁C50158', '1042', '2016-07-10 05:19:21', '南京路');
INSERT INTO `peccancy` VALUES ('1692', '鲁C50143', '1042', '2016-07-11 06:19:21', '上海路');
INSERT INTO `peccancy` VALUES ('1693', '鲁C50144', '1042', '2016-07-12 07:19:21', '广州路');
INSERT INTO `peccancy` VALUES ('1694', '鲁C50145', '1042', '2016-07-13 08:19:21', '高速公路');
INSERT INTO `peccancy` VALUES ('1695', '鲁C50146', '1042', '2016-07-14 09:19:21', '北京路');
INSERT INTO `peccancy` VALUES ('1696', '鲁C50147', '1042', '2016-07-15 10:19:21', '重庆路');
INSERT INTO `peccancy` VALUES ('1697', '鲁C50148', '1042', '2016-07-16 11:19:21', '沈阳路');
INSERT INTO `peccancy` VALUES ('1698', '鲁C50149', '1042', '2016-07-17 12:19:21', '南京路');
INSERT INTO `peccancy` VALUES ('1699', '鲁C50150', '1042', '2016-07-18 13:19:21', '上海路');
INSERT INTO `peccancy` VALUES ('1700', '鲁C50151', '1042', '2016-07-19 14:19:21', '广州路');
INSERT INTO `peccancy` VALUES ('1701', '鲁C50152', '1042', '2016-07-20 15:19:21', '高速公路');
INSERT INTO `peccancy` VALUES ('1702', '鲁C50153', '1042', '2016-07-21 16:19:21', '北京路');
INSERT INTO `peccancy` VALUES ('1703', '鲁C50154', '1042', '2016-07-22 17:19:21', '重庆路');
INSERT INTO `peccancy` VALUES ('1704', '鲁C50155', '1042', '2016-07-23 18:19:21', '沈阳路');
INSERT INTO `peccancy` VALUES ('1705', '鲁C50156', '1042', '2016-07-24 19:19:21', '南京路');
INSERT INTO `peccancy` VALUES ('1706', '鲁C50157', '1042', '2016-07-25 20:19:21', '上海路');
INSERT INTO `peccancy` VALUES ('1707', '鲁C50158', '1042', '2016-07-26 21:19:21', '广州路');
INSERT INTO `peccancy` VALUES ('1708', '鲁C50143', '1042', '2016-07-27 22:19:21', '高速公路');
INSERT INTO `peccancy` VALUES ('1709', '鲁C50144', '1042', '2016-07-28 23:19:21', '北京路');
INSERT INTO `peccancy` VALUES ('1710', '鲁C50145', '1042', '2016-07-29 00:19:21', '重庆路');
INSERT INTO `peccancy` VALUES ('1711', '鲁C50146', '1042', '2016-07-30 01:19:21', '沈阳路');
INSERT INTO `peccancy` VALUES ('1712', '鲁C50147', '1042', '2016-07-31 02:19:21', '南京路');
INSERT INTO `peccancy` VALUES ('1713', '鲁C50148', '1042', '2016-08-01 03:19:21', '上海路');
INSERT INTO `peccancy` VALUES ('1714', '鲁C50149', '1042', '2016-08-02 04:19:21', '广州路');
INSERT INTO `peccancy` VALUES ('1715', '鲁C50150', '1042', '2016-08-03 05:19:21', '高速公路');
INSERT INTO `peccancy` VALUES ('1716', '鲁C50151', '1042', '2016-08-04 06:19:21', '北京路');
INSERT INTO `peccancy` VALUES ('1717', '鲁C50152', '1042', '2016-08-05 07:19:21', '重庆路');
INSERT INTO `peccancy` VALUES ('1718', '鲁C50153', '1042', '2016-08-06 08:19:21', '沈阳路');
INSERT INTO `peccancy` VALUES ('1719', '鲁C50154', '1042', '2016-08-07 09:19:21', '南京路');
INSERT INTO `peccancy` VALUES ('1720', '鲁C50155', '1042', '2016-08-08 10:19:21', '上海路');
INSERT INTO `peccancy` VALUES ('1721', '鲁C50156', '1042', '2016-08-09 11:19:21', '广州路');
INSERT INTO `peccancy` VALUES ('1722', '鲁C50157', '1042', '2016-08-10 12:19:21', '高速公路');
INSERT INTO `peccancy` VALUES ('1723', '鲁C50158', '1042', '2016-08-11 13:19:21', '北京路');
INSERT INTO `peccancy` VALUES ('1724', '鲁C50143', '1042', '2016-08-12 14:19:21', '重庆路');
INSERT INTO `peccancy` VALUES ('1725', '鲁C50144', '1042', '2016-08-13 15:19:21', '沈阳路');
INSERT INTO `peccancy` VALUES ('1726', '鲁C50145', '1042', '2016-08-14 16:19:21', '南京路');
INSERT INTO `peccancy` VALUES ('1727', '鲁C50146', '1042', '2016-08-15 17:19:21', '上海路');
INSERT INTO `peccancy` VALUES ('1728', '鲁C50147', '1042', '2016-08-16 18:19:21', '广州路');
INSERT INTO `peccancy` VALUES ('1729', '鲁C50148', '1042', '2016-08-17 19:19:21', '高速公路');
INSERT INTO `peccancy` VALUES ('1730', '鲁C50129', '1042', '2016-08-18 20:19:21', '北京路');
INSERT INTO `peccancy` VALUES ('1731', '鲁C50130', '1042', '2016-08-19 21:19:21', '重庆路');
INSERT INTO `peccancy` VALUES ('1732', '鲁C50131', '1042', '2016-08-20 22:19:21', '沈阳路');
INSERT INTO `peccancy` VALUES ('1733', '鲁C50132', '1042', '2016-08-21 23:19:21', '南京路');
INSERT INTO `peccancy` VALUES ('1734', '鲁C50133', '1042', '2016-08-22 00:19:21', '上海路');
INSERT INTO `peccancy` VALUES ('1735', '鲁C50151', '1042', '2016-08-23 01:19:21', '广州路');
INSERT INTO `peccancy` VALUES ('1736', '鲁C50152', '1042', '2016-08-24 02:19:21', '高速公路');
INSERT INTO `peccancy` VALUES ('1737', '鲁C50153', '1042', '2016-08-25 03:19:21', '北京路');
INSERT INTO `peccancy` VALUES ('1738', '鲁C50154', '1042', '2016-08-26 04:19:21', '重庆路');
INSERT INTO `peccancy` VALUES ('1739', '鲁C50155', '1042', '2016-08-27 05:19:21', '沈阳路');
INSERT INTO `peccancy` VALUES ('1740', '鲁C50156', '1042', '2016-08-28 06:19:21', '南京路');
INSERT INTO `peccancy` VALUES ('1741', '鲁C50157', '1042', '2016-08-29 07:19:21', '上海路');
INSERT INTO `peccancy` VALUES ('1742', '鲁C50158', '1042', '2016-08-30 08:19:21', '广州路');
INSERT INTO `peccancy` VALUES ('1743', '鲁C50143', '1042', '2016-08-31 09:19:21', '高速公路');
INSERT INTO `peccancy` VALUES ('1744', '鲁C50144', '1042', '2016-09-01 10:19:21', '北京路');
INSERT INTO `peccancy` VALUES ('1745', '鲁C50145', '1042', '2016-09-02 11:19:21', '重庆路');
INSERT INTO `peccancy` VALUES ('1746', '鲁C50146', '1042', '2016-09-03 12:19:21', '沈阳路');
INSERT INTO `peccancy` VALUES ('1747', '鲁C50147', '1042', '2016-09-04 13:19:21', '南京路');
INSERT INTO `peccancy` VALUES ('1748', '鲁C50148', '1042', '2016-09-05 14:19:21', '南京路');
INSERT INTO `peccancy` VALUES ('1749', '鲁C50149', '1042', '2016-09-06 15:19:21', '南京路');
INSERT INTO `peccancy` VALUES ('1750', '鲁C50150', '1042', '2016-09-07 16:19:21', '南京路');
INSERT INTO `peccancy` VALUES ('1751', '鲁C50151', '1042', '2016-09-08 17:19:21', '南京路');
INSERT INTO `peccancy` VALUES ('1752', '鲁C50152', '1042', '2016-09-09 18:19:21', '南京路');
INSERT INTO `peccancy` VALUES ('1753', '鲁C50153', '1042', '2016-09-10 19:19:21', '南京路');
INSERT INTO `peccancy` VALUES ('1754', '鲁C50154', '1042', '2016-09-11 20:19:21', '南京路');
INSERT INTO `peccancy` VALUES ('1755', '鲁C50155', '1042', '2016-09-12 21:19:21', '南京路');
INSERT INTO `peccancy` VALUES ('1756', '鲁C50156', '1042', '2016-09-13 22:19:21', '南京路');
INSERT INTO `peccancy` VALUES ('1757', '鲁C50157', '1042', '2016-09-14 23:19:21', '南京路');
INSERT INTO `peccancy` VALUES ('1758', '鲁C50158', '1042', '2016-09-15 00:19:21', '南京路');
INSERT INTO `peccancy` VALUES ('1759', '鲁C50143', '1042', '2016-09-16 01:19:21', '南京路');
INSERT INTO `peccancy` VALUES ('1760', '鲁C50144', '1042', '2016-09-17 02:19:21', '南京路');
INSERT INTO `peccancy` VALUES ('1761', '鲁C50145', '1042', '2016-09-18 03:19:21', '南京路');
INSERT INTO `peccancy` VALUES ('1762', '鲁C50146', '1042', '2016-09-19 04:19:21', '南京路');
INSERT INTO `peccancy` VALUES ('1763', '鲁C50147', '1043', '2016-09-20 05:19:21', '南京路');
INSERT INTO `peccancy` VALUES ('1764', '鲁C50148', '1044', '2016-09-21 06:19:21', '南京路');
INSERT INTO `peccancy` VALUES ('1765', '鲁C50149', '1045', '2016-09-22 07:19:21', '南京路');
INSERT INTO `peccancy` VALUES ('1766', '鲁C50150', '1046', '2016-09-23 08:19:21', '南京路');
INSERT INTO `peccancy` VALUES ('1767', '鲁C50151', '1047', '2016-09-24 09:19:21', '南京路');
INSERT INTO `peccancy` VALUES ('1768', '鲁C50152', '1042', '2016-09-25 10:19:21', '南京路');
INSERT INTO `peccancy` VALUES ('1769', '鲁C50153', '1043', '2016-09-26 11:19:21', '南京路');
INSERT INTO `peccancy` VALUES ('1770', '鲁C50154', '1044', '2016-09-27 12:19:21', '南京路');
INSERT INTO `peccancy` VALUES ('1771', '鲁C50155', '1045', '2016-09-28 13:19:21', '南京路');
INSERT INTO `peccancy` VALUES ('1772', '鲁C50156', '1046', '2016-09-29 14:19:21', '南京路');
INSERT INTO `peccancy` VALUES ('1773', '鲁C50157', '1047', '2016-09-30 15:19:21', '南京路');
INSERT INTO `peccancy` VALUES ('1774', '鲁C50158', '1042', '2016-10-01 16:19:21', '南京路');
INSERT INTO `peccancy` VALUES ('1775', '鲁C50143', '1043', '2016-10-02 17:19:21', '南京路');
INSERT INTO `peccancy` VALUES ('1776', '鲁C50144', '1044', '2016-10-03 18:19:21', '南京路');
INSERT INTO `peccancy` VALUES ('1777', '鲁C50145', '1045', '2016-10-04 19:19:21', '南京路');
INSERT INTO `peccancy` VALUES ('1778', '鲁C50146', '1046', '2016-10-05 20:19:21', '南京路');
INSERT INTO `peccancy` VALUES ('1779', '鲁C50147', '1047', '2016-10-06 21:19:21', '南京路');
INSERT INTO `peccancy` VALUES ('1780', '鲁C50148', '1042', '2016-10-07 22:19:21', '南京路');
INSERT INTO `peccancy` VALUES ('1781', '鲁C50149', '1043', '2016-10-08 23:19:21', '南京路');
INSERT INTO `peccancy` VALUES ('1782', '鲁C50150', '1044', '2016-10-09 00:19:21', '南京路');
INSERT INTO `peccancy` VALUES ('1783', '鲁C50151', '1045', '2016-10-10 01:19:21', '南京路');
INSERT INTO `peccancy` VALUES ('1784', '鲁C50152', '1046', '2016-10-11 02:19:21', '南京路');
INSERT INTO `peccancy` VALUES ('1785', '鲁C50153', '1047', '2016-10-12 03:19:21', '南京路');
INSERT INTO `peccancy` VALUES ('1786', '鲁C50154', '1042', '2016-10-13 04:19:21', '南京路');
INSERT INTO `peccancy` VALUES ('1787', '鲁C50155', '1043', '2016-10-14 05:19:21', '南京路');
INSERT INTO `peccancy` VALUES ('1788', '鲁C50156', '1044', '2016-10-15 06:19:21', '南京路');
INSERT INTO `peccancy` VALUES ('1789', '鲁C50157', '1045', '2016-10-16 07:19:21', '南京路');
INSERT INTO `peccancy` VALUES ('1790', '鲁C50158', '1046', '2016-10-17 08:19:21', '南京路');
INSERT INTO `peccancy` VALUES ('1791', '鲁C50143', '1047', '2016-10-18 09:19:21', '南京路');
INSERT INTO `peccancy` VALUES ('1792', '鲁C50144', '1042', '2016-10-19 10:19:21', '南京路');
INSERT INTO `peccancy` VALUES ('1793', '鲁C50145', '1043', '2016-10-20 11:19:21', '南京路');
INSERT INTO `peccancy` VALUES ('1794', '鲁C50146', '1044', '2016-10-21 12:19:21', '南京路');
INSERT INTO `peccancy` VALUES ('1795', '鲁C50147', '1045', '2016-10-22 13:19:21', '南京路');
INSERT INTO `peccancy` VALUES ('1796', '鲁C50148', '1046', '2016-10-23 14:19:21', '南京路');
INSERT INTO `peccancy` VALUES ('1797', '鲁C50149', '1047', '2016-10-24 15:19:21', '南京路');
INSERT INTO `peccancy` VALUES ('1798', '鲁C50150', '1042', '2016-10-25 16:19:21', '南京路');
INSERT INTO `peccancy` VALUES ('1799', '鲁C50151', '1043', '2016-10-26 17:19:21', '南京路');
INSERT INTO `peccancy` VALUES ('1800', '鲁C50152', '1044', '2016-10-27 18:19:21', '南京路');
INSERT INTO `peccancy` VALUES ('1801', '鲁C50153', '1045', '2016-10-28 19:19:21', '南京路');
INSERT INTO `peccancy` VALUES ('1802', '鲁C50154', '1046', '2016-10-29 20:19:21', '南京路');
INSERT INTO `peccancy` VALUES ('1803', '鲁C50155', '1047', '2016-10-30 21:19:21', '南京路');
INSERT INTO `peccancy` VALUES ('1804', '鲁C50156', '1042', '2016-10-31 22:19:21', '南京路');
INSERT INTO `peccancy` VALUES ('1805', '鲁C50157', '1043', '2016-11-01 23:19:21', '南京路');
INSERT INTO `peccancy` VALUES ('1806', '鲁C50158', '1044', '2016-11-02 00:19:21', '南京路');
INSERT INTO `peccancy` VALUES ('1807', '鲁C50143', '1045', '2016-11-03 01:19:21', '南京路');
INSERT INTO `peccancy` VALUES ('1808', '鲁C50144', '1046', '2016-11-04 02:19:21', '南京路');
INSERT INTO `peccancy` VALUES ('1809', '鲁C50145', '1047', '2016-11-05 03:19:21', '南京路');
INSERT INTO `peccancy` VALUES ('1810', '鲁C50146', '1042', '2016-11-06 04:19:21', '南京路');
INSERT INTO `peccancy` VALUES ('1811', '鲁C50147', '1043', '2016-11-07 05:19:21', '南京路');
INSERT INTO `peccancy` VALUES ('1812', '鲁C50148', '1044', '2016-11-08 06:19:21', '南京路');
INSERT INTO `peccancy` VALUES ('1813', '鲁C50129', '1045', '2016-11-09 07:19:21', '南京路');
INSERT INTO `peccancy` VALUES ('1814', '鲁C50130', '1046', '2016-11-10 08:19:21', '南京路');
INSERT INTO `peccancy` VALUES ('1815', '鲁C50131', '1047', '2016-11-11 09:19:21', '南京路');
INSERT INTO `peccancy` VALUES ('1816', '鲁C50132', '1042', '2016-11-12 10:19:21', '南京路');
INSERT INTO `peccancy` VALUES ('1817', '鲁C50133', '1043', '2016-11-13 11:19:21', '南京路');
INSERT INTO `peccancy` VALUES ('1818', '鲁C50151', '1044', '2016-11-14 12:19:21', '南京路');
INSERT INTO `peccancy` VALUES ('1819', '鲁C50152', '1045', '2016-11-15 13:19:21', '南京路');
INSERT INTO `peccancy` VALUES ('1820', '鲁C50153', '1046', '2016-11-16 14:19:21', '南京路');
INSERT INTO `peccancy` VALUES ('1821', '鲁C50154', '1047', '2016-11-17 15:19:21', '南京路');
INSERT INTO `peccancy` VALUES ('1822', '鲁C50155', '1042', '2016-11-18 16:19:21', '南京路');
INSERT INTO `peccancy` VALUES ('1823', '鲁C50156', '1043', '2016-11-19 17:19:21', '南京路');
INSERT INTO `peccancy` VALUES ('1824', '鲁C50157', '1044', '2016-11-20 18:19:21', '南京路');
INSERT INTO `peccancy` VALUES ('1825', '鲁C50158', '1045', '2016-11-21 19:19:21', '南京路');
INSERT INTO `peccancy` VALUES ('1826', '鲁C50143', '1046', '2016-11-22 20:19:21', '南京路');
INSERT INTO `peccancy` VALUES ('1827', '鲁C50144', '1047', '2016-11-23 21:19:21', '南京路');
INSERT INTO `peccancy` VALUES ('1828', '鲁C50145', '1042', '2016-11-24 22:19:21', '南京路');
INSERT INTO `peccancy` VALUES ('1829', '鲁C50146', '1043', '2016-11-25 23:19:21', '南京路');
INSERT INTO `peccancy` VALUES ('1830', '鲁C50147', '1044', '2016-11-26 00:19:21', '南京路');
INSERT INTO `peccancy` VALUES ('1831', '鲁C50148', '1045', '2016-11-27 01:19:21', '南京路');
INSERT INTO `peccancy` VALUES ('1832', '鲁C50149', '1046', '2016-11-28 02:19:21', '南京路');
INSERT INTO `peccancy` VALUES ('1833', '鲁C50150', '1047', '2016-11-29 03:19:21', '南京路');
INSERT INTO `peccancy` VALUES ('1834', '鲁C50151', '1042', '2016-11-30 04:19:21', '南京路');
INSERT INTO `peccancy` VALUES ('1835', '鲁C50152', '1043', '2016-12-01 05:19:21', '南京路');
INSERT INTO `peccancy` VALUES ('1836', '鲁C50153', '1044', '2016-12-02 06:19:21', '南京路');
INSERT INTO `peccancy` VALUES ('1837', '鲁C50154', '1045', '2016-12-03 07:19:21', '南京路');
INSERT INTO `peccancy` VALUES ('1838', '鲁C50155', '1046', '2016-12-04 08:19:21', '南京路');
INSERT INTO `peccancy` VALUES ('1839', '鲁C50156', '1047', '2016-12-05 09:19:21', '南京路');
INSERT INTO `peccancy` VALUES ('1840', '鲁C50157', '1042', '2016-12-06 10:19:21', '南京路');
INSERT INTO `peccancy` VALUES ('1841', '鲁C50158', '1043', '2016-12-07 11:19:21', '南京路');
INSERT INTO `peccancy` VALUES ('1842', '鲁C50143', '1044', '2016-12-08 12:19:21', '南京路');
INSERT INTO `peccancy` VALUES ('1843', '鲁C50144', '1045', '2016-12-09 13:19:21', '南京路');
INSERT INTO `peccancy` VALUES ('1844', '鲁C50145', '1046', '2016-12-10 14:19:21', '南京路');
INSERT INTO `peccancy` VALUES ('1845', '鲁C50146', '1047', '2016-12-11 15:19:21', '南京路');
INSERT INTO `peccancy` VALUES ('1846', '鲁C50147', '1042', '2016-05-21 16:19:21', '南京路');
INSERT INTO `peccancy` VALUES ('1847', '鲁C50148', '1043', '2016-05-22 17:19:21', '南京路');
INSERT INTO `peccancy` VALUES ('1848', '鲁C50149', '1044', '2016-05-23 18:19:21', '南京路');
INSERT INTO `peccancy` VALUES ('1849', '鲁C50150', '1045', '2016-05-24 19:19:21', '南京路');
INSERT INTO `peccancy` VALUES ('1850', '鲁C50151', '1046', '2016-05-25 20:19:21', '南京路');
INSERT INTO `peccancy` VALUES ('1851', '鲁C50152', '1047', '2016-05-26 21:19:21', '南京路');
INSERT INTO `peccancy` VALUES ('1852', '鲁C50153', '1042', '2016-05-27 22:19:21', '南京路');
INSERT INTO `peccancy` VALUES ('1853', '鲁C50154', '1043', '2016-05-28 23:19:21', '南京路');
INSERT INTO `peccancy` VALUES ('1854', '鲁C50155', '1044', '2016-05-29 00:19:21', '南京路');
INSERT INTO `peccancy` VALUES ('1855', '鲁C50156', '1045', '2016-05-30 01:19:21', '南京路');
INSERT INTO `peccancy` VALUES ('1856', '鲁C50157', '1046', '2016-05-31 02:19:21', '南京路');
INSERT INTO `peccancy` VALUES ('1857', '鲁C50158', '1047', '2016-06-01 03:19:21', '南京路');
INSERT INTO `peccancy` VALUES ('1858', '鲁C50143', '1042', '2016-06-02 04:19:21', '南京路');
INSERT INTO `peccancy` VALUES ('1859', '鲁C50144', '1043', '2016-06-03 05:19:21', '南京路');
INSERT INTO `peccancy` VALUES ('1860', '鲁C50145', '1044', '2016-06-04 06:19:21', '南京路');
INSERT INTO `peccancy` VALUES ('1861', '鲁C50146', '1045', '2016-06-05 07:19:21', '南京路');
INSERT INTO `peccancy` VALUES ('1862', '鲁C50147', '1046', '2016-06-06 08:19:21', '南京路');
INSERT INTO `peccancy` VALUES ('1863', '鲁C50148', '1047', '2016-06-07 09:19:21', '南京路');
INSERT INTO `peccancy` VALUES ('1864', '鲁C50149', '1042', '2016-06-08 10:19:21', '南京路');
INSERT INTO `peccancy` VALUES ('1865', '鲁C50150', '1043', '2016-06-09 11:19:21', '南京路');
INSERT INTO `peccancy` VALUES ('1866', '鲁C50151', '1044', '2016-06-10 12:19:21', '南京路');
INSERT INTO `peccancy` VALUES ('1867', '鲁C50152', '1045', '2016-06-11 13:19:21', '南京路');
INSERT INTO `peccancy` VALUES ('1868', '鲁C50153', '1046', '2016-06-12 14:19:21', '南京路');
INSERT INTO `peccancy` VALUES ('1869', '鲁C50154', '1047', '2016-06-13 15:19:21', '南京路');
INSERT INTO `peccancy` VALUES ('1870', '鲁C50155', '1042', '2016-06-14 16:19:21', '南京路');
INSERT INTO `peccancy` VALUES ('1871', '鲁C50156', '1043', '2016-06-15 17:19:21', '南京路');
INSERT INTO `peccancy` VALUES ('1872', '鲁C50157', '1044', '2016-06-16 18:19:21', '南京路');
INSERT INTO `peccancy` VALUES ('1873', '鲁C50158', '1045', '2016-06-17 19:19:21', '南京路');
INSERT INTO `peccancy` VALUES ('1874', '鲁C50143', '1046', '2016-06-18 20:19:21', '南京路');
INSERT INTO `peccancy` VALUES ('1875', '鲁C50144', '1047', '2016-06-19 21:19:21', '南京路');
INSERT INTO `peccancy` VALUES ('1876', '鲁C50145', '1042', '2016-06-20 22:19:21', '南京路');
INSERT INTO `peccancy` VALUES ('1877', '鲁C50146', '1043', '2016-06-21 23:19:21', '南京路');
INSERT INTO `peccancy` VALUES ('1878', '鲁C50147', '1110', '2016-06-22 00:19:21', '南京路');
INSERT INTO `peccancy` VALUES ('1879', '鲁C50148', '1201', '2016-06-23 01:19:21', '南京路');
INSERT INTO `peccancy` VALUES ('1880', '鲁C50149', '1202', '2016-06-24 02:19:21', '南京路');
INSERT INTO `peccancy` VALUES ('1881', '鲁C50150', '1203', '2016-06-25 03:19:21', '南京路');
INSERT INTO `peccancy` VALUES ('1882', '鲁C50151', '1204', '2016-06-26 04:19:21', '南京路');
INSERT INTO `peccancy` VALUES ('1883', '鲁C50152', '1205', '2016-06-27 05:19:21', '南京路');
INSERT INTO `peccancy` VALUES ('1884', '鲁C50153', '1206', '2016-06-28 06:19:21', '南京路');
INSERT INTO `peccancy` VALUES ('1885', '鲁C50154', '1207', '2016-06-29 07:19:21', '南京路');
INSERT INTO `peccancy` VALUES ('1886', '鲁C50155', '1208', '2016-06-30 08:19:21', '南京路');
INSERT INTO `peccancy` VALUES ('1887', '鲁C50156', '1209', '2016-07-01 09:19:21', '南京路');
INSERT INTO `peccancy` VALUES ('1888', '鲁C50157', '1210', '2016-07-02 10:19:21', '南京路');
INSERT INTO `peccancy` VALUES ('1889', '鲁C50158', '1212', '2016-07-03 11:19:21', '南京路');
INSERT INTO `peccancy` VALUES ('1890', '鲁C50143', '1213', '2016-07-04 12:19:21', '南京路');
INSERT INTO `peccancy` VALUES ('1891', '鲁C50144', '1214', '2016-07-05 13:19:21', '南京路');
INSERT INTO `peccancy` VALUES ('1892', '鲁C50145', '1215', '2016-07-06 14:19:21', '南京路');
INSERT INTO `peccancy` VALUES ('1893', '鲁C50146', '1110', '2016-07-07 15:19:21', '南京路');
INSERT INTO `peccancy` VALUES ('1894', '鲁C50147', '1201', '2016-07-08 16:19:21', '南京路');
INSERT INTO `peccancy` VALUES ('1895', '鲁C50148', '1202', '2016-07-09 17:19:21', '南京路');
INSERT INTO `peccancy` VALUES ('1896', '鲁C50129', '1203', '2016-07-10 18:19:21', '南京路');
INSERT INTO `peccancy` VALUES ('1897', '鲁C50130', '1204', '2016-07-11 19:19:21', '南京路');
INSERT INTO `peccancy` VALUES ('1898', '鲁C50131', '1205', '2016-07-12 20:19:21', '南京路');
INSERT INTO `peccancy` VALUES ('1899', '鲁C50132', '1206', '2016-07-13 21:19:21', '南京路');
INSERT INTO `peccancy` VALUES ('1900', '鲁C50133', '1207', '2016-07-14 22:19:21', '南京路');
INSERT INTO `peccancy` VALUES ('1901', '鲁C50151', '1208', '2016-07-15 23:19:21', '南京路');
INSERT INTO `peccancy` VALUES ('1902', '鲁C50152', '1209', '2016-07-16 00:19:21', '南京路');
INSERT INTO `peccancy` VALUES ('1903', '鲁C50153', '1210', '2016-07-17 01:19:21', '南京路');
INSERT INTO `peccancy` VALUES ('1904', '鲁C50154', '1212', '2016-07-18 02:19:21', '南京路');
INSERT INTO `peccancy` VALUES ('1905', '鲁C50155', '1213', '2016-07-19 03:19:21', '南京路');
INSERT INTO `peccancy` VALUES ('1906', '鲁C50156', '1214', '2016-07-20 04:19:21', '南京路');
INSERT INTO `peccancy` VALUES ('1907', '鲁C50157', '1215', '2016-07-21 05:19:21', '南京路');
INSERT INTO `peccancy` VALUES ('1908', '鲁C50158', '1110', '2016-07-22 06:19:21', '南京路');
INSERT INTO `peccancy` VALUES ('1909', '鲁C50143', '1201', '2016-07-23 07:19:21', '南京路');
INSERT INTO `peccancy` VALUES ('1910', '鲁C50144', '1202', '2016-07-24 08:19:21', '南京路');
INSERT INTO `peccancy` VALUES ('1911', '鲁C50145', '1203', '2016-07-25 09:19:21', '南京路');
INSERT INTO `peccancy` VALUES ('1912', '鲁C50146', '1204', '2016-07-26 10:19:21', '南京路');
INSERT INTO `peccancy` VALUES ('1913', '鲁C50147', '1205', '2016-07-27 11:19:21', '南京路');
INSERT INTO `peccancy` VALUES ('1914', '鲁C50148', '1206', '2016-07-28 12:19:21', '南京路');
INSERT INTO `peccancy` VALUES ('1915', '鲁C50149', '1207', '2016-07-29 13:19:21', '南京路');
INSERT INTO `peccancy` VALUES ('1916', '鲁C50150', '1208', '2016-07-30 14:19:21', '南京路');
INSERT INTO `peccancy` VALUES ('1917', '鲁C50151', '1209', '2016-07-31 15:19:21', '南京路');
INSERT INTO `peccancy` VALUES ('1918', '鲁C50152', '1210', '2016-08-01 16:19:21', '南京路');
INSERT INTO `peccancy` VALUES ('1919', '鲁C50153', '1212', '2016-08-02 17:19:21', '南京路');
INSERT INTO `peccancy` VALUES ('1920', '鲁C50154', '1213', '2016-08-03 18:19:21', '南京路');
INSERT INTO `peccancy` VALUES ('1921', '鲁C50155', '1214', '2016-08-04 19:19:21', '南京路');
INSERT INTO `peccancy` VALUES ('1922', '鲁C50156', '1215', '2016-08-05 20:19:21', '南京路');
INSERT INTO `peccancy` VALUES ('1923', '鲁C50157', '1001A　　', '2016-08-06 21:19:21', '南京路');
INSERT INTO `peccancy` VALUES ('1924', '鲁C50158', '1001B　　', '2016-08-07 22:19:21', '南京路');
INSERT INTO `peccancy` VALUES ('1925', '鲁C50143', '1002A　　', '2016-08-08 23:19:21', '南京路');
INSERT INTO `peccancy` VALUES ('1926', '鲁C50144', '1002B　　', '2016-08-09 00:19:21', '南京路');
INSERT INTO `peccancy` VALUES ('1927', '鲁C50145', '1005A　　', '2016-08-10 01:19:21', '南京路');
INSERT INTO `peccancy` VALUES ('1928', '鲁C50146', '1005B　　', '2016-08-11 02:19:21', '南京路');
INSERT INTO `peccancy` VALUES ('1929', '鲁C50147', '1006A　　', '2016-08-12 03:19:21', '南京路');
INSERT INTO `peccancy` VALUES ('1930', '鲁C50148', '1006B　　', '2016-08-13 04:19:21', '南京路');
INSERT INTO `peccancy` VALUES ('1931', '鲁C50149', '1007', '2016-08-14 05:19:21', '南京路');
INSERT INTO `peccancy` VALUES ('1932', '鲁C50150', '1008', '2016-08-15 06:19:21', '南京路');
INSERT INTO `peccancy` VALUES ('1933', '鲁C50151', '1009', '2016-08-16 07:19:21', '南京路');
INSERT INTO `peccancy` VALUES ('1934', '鲁C50152', '1010A　　', '2016-08-17 08:19:21', '南京路');
INSERT INTO `peccancy` VALUES ('1935', '鲁C50153', '1010B 　', '2016-08-18 09:19:21', '南京路');
INSERT INTO `peccancy` VALUES ('1936', '鲁C50154', '1011', '2016-08-19 10:19:21', '南京路');
INSERT INTO `peccancy` VALUES ('1937', '鲁C50155', '1012', '2016-08-20 11:19:21', '南京路');
INSERT INTO `peccancy` VALUES ('1938', '鲁C50156', '1013', '2016-08-21 12:19:21', '南京路');
INSERT INTO `peccancy` VALUES ('1939', '鲁C50157', '1014', '2016-08-22 13:19:21', '南京路');
INSERT INTO `peccancy` VALUES ('1940', '鲁C50158', '1015', '2016-08-23 14:19:21', '南京路');
INSERT INTO `peccancy` VALUES ('1941', '鲁C50143', '1016', '2016-08-24 15:19:21', '南京路');
INSERT INTO `peccancy` VALUES ('1942', '鲁C50144', '1017', '2016-08-25 16:19:21', '南京路');
INSERT INTO `peccancy` VALUES ('1943', '鲁C50145', '1018', '2016-08-26 17:19:21', '南京路');
INSERT INTO `peccancy` VALUES ('1944', '鲁C50146', '1019', '2016-08-27 18:19:21', '南京路');
INSERT INTO `peccancy` VALUES ('1945', '鲁C50147', '1020', '2016-08-28 19:19:21', '南京路');
INSERT INTO `peccancy` VALUES ('1946', '鲁C50148', '1021', '2016-08-29 20:19:21', '南京路');
INSERT INTO `peccancy` VALUES ('1947', '鲁C50149', '1022', '2016-08-30 21:19:21', '南京路');
INSERT INTO `peccancy` VALUES ('1948', '鲁C50150', '1023', '2016-08-31 22:19:21', '南京路');
INSERT INTO `peccancy` VALUES ('1949', '鲁C50151', '1024', '2016-09-01 23:19:21', '南京路');
INSERT INTO `peccancy` VALUES ('1950', '鲁C50152', '1025', '2016-09-02 00:19:21', '南京路');
INSERT INTO `peccancy` VALUES ('1951', '鲁C50153', '1026', '2016-09-03 01:19:21', '南京路');
INSERT INTO `peccancy` VALUES ('1952', '鲁C50154', '1027', '2016-09-04 02:19:21', '南京路');
INSERT INTO `peccancy` VALUES ('1953', '鲁C50155', '1028', '2016-09-05 03:19:21', '南京路');
INSERT INTO `peccancy` VALUES ('1954', '鲁C50156', '1029', '2016-09-06 04:19:21', '南京路');
INSERT INTO `peccancy` VALUES ('1955', '鲁C50157', '1030', '2016-09-07 05:19:21', '南京路');
INSERT INTO `peccancy` VALUES ('1956', '鲁C50158', '1031', '2016-09-08 06:19:21', '南京路');
INSERT INTO `peccancy` VALUES ('1957', '鲁C50143', '1032', '2016-09-09 07:19:21', '南京路');
INSERT INTO `peccancy` VALUES ('1958', '鲁C50144', '1033', '2016-09-10 08:19:21', '南京路');
INSERT INTO `peccancy` VALUES ('1959', '鲁C50145', '1034', '2016-09-11 09:19:21', '南京路');
INSERT INTO `peccancy` VALUES ('1960', '鲁C50146', '1035', '2016-09-12 10:19:21', '南京路');
INSERT INTO `peccancy` VALUES ('1961', '鲁C50147', '1036', '2016-09-13 11:19:21', '南京路');
INSERT INTO `peccancy` VALUES ('1962', '鲁C50148', '1037', '2016-09-14 12:19:21', '南京路');
INSERT INTO `peccancy` VALUES ('1963', '鲁C50149', '1001A　　', '2016-09-15 13:19:21', '南京路');
INSERT INTO `peccancy` VALUES ('1964', '鲁C50150', '1001B　　', '2016-09-16 14:19:21', '南京路');
INSERT INTO `peccancy` VALUES ('1965', '鲁C50151', '1002A　　', '2016-09-17 15:19:21', '南京路');
INSERT INTO `peccancy` VALUES ('1966', '鲁C50152', '1002B　　', '2016-09-18 16:19:21', '南京路');
INSERT INTO `peccancy` VALUES ('1967', '鲁C50153', '1005A　　', '2016-09-19 17:19:21', '南京路');
INSERT INTO `peccancy` VALUES ('1968', '鲁C50154', '1005B　　', '2016-09-20 18:19:21', '南京路');
INSERT INTO `peccancy` VALUES ('1969', '鲁C50155', '1006A　　', '2016-09-21 19:19:21', '南京路');
INSERT INTO `peccancy` VALUES ('1970', '鲁C50156', '1006B　　', '2016-09-22 20:19:21', '南京路');
INSERT INTO `peccancy` VALUES ('1971', '鲁C50157', '1007', '2016-09-23 21:19:21', '南京路');
INSERT INTO `peccancy` VALUES ('1972', '鲁C50158', '1008', '2016-09-24 22:19:21', '南京路');
INSERT INTO `peccancy` VALUES ('1973', '鲁C50143', '1009', '2016-09-25 23:19:21', '南京路');
INSERT INTO `peccancy` VALUES ('1974', '鲁C50144', '1010A　　', '2016-09-26 00:19:21', '南京路');
INSERT INTO `peccancy` VALUES ('1975', '鲁C50145', '1010B 　', '2016-09-27 01:19:21', '南京路');
INSERT INTO `peccancy` VALUES ('1976', '鲁C50146', '1011', '2016-09-28 02:19:21', '南京路');
INSERT INTO `peccancy` VALUES ('1977', '鲁C50147', '1012', '2016-09-29 03:19:21', '南京路');
INSERT INTO `peccancy` VALUES ('1978', '鲁C50148', '1013', '2016-09-30 04:19:21', '南京路');
INSERT INTO `peccancy` VALUES ('1979', '鲁C50129', '1014', '2016-10-01 05:19:21', '南京路');
INSERT INTO `peccancy` VALUES ('1980', '鲁C50130', '1015', '2016-10-02 06:19:21', '南京路');
INSERT INTO `peccancy` VALUES ('1981', '鲁C50131', '1016', '2016-10-03 07:19:21', '南京路');
INSERT INTO `peccancy` VALUES ('1982', '鲁C50132', '1017', '2016-10-04 08:19:21', '南京路');
INSERT INTO `peccancy` VALUES ('1983', '鲁C50133', '1018', '2016-10-05 09:19:21', '南京路');
INSERT INTO `peccancy` VALUES ('1984', '鲁C50151', '1019', '2016-10-06 10:19:21', '南京路');
INSERT INTO `peccancy` VALUES ('1985', '鲁C50152', '1020', '2016-10-07 11:19:21', '南京路');
INSERT INTO `peccancy` VALUES ('1986', '鲁C50153', '1021', '2016-10-08 12:19:21', '南京路');
INSERT INTO `peccancy` VALUES ('1987', '鲁C50154', '1022', '2016-10-09 13:19:21', '南京路');
INSERT INTO `peccancy` VALUES ('1988', '鲁C50155', '1023', '2016-10-10 14:19:21', '南京路');
INSERT INTO `peccancy` VALUES ('1989', '鲁C50156', '1024', '2016-10-11 15:19:21', '南京路');
INSERT INTO `peccancy` VALUES ('1990', '鲁C50157', '1025', '2016-10-12 16:19:21', '南京路');
INSERT INTO `peccancy` VALUES ('1991', '鲁C50158', '1026', '2016-10-13 17:19:21', '南京路');
INSERT INTO `peccancy` VALUES ('1992', '鲁C50143', '1027', '2016-10-14 18:19:21', '南京路');
INSERT INTO `peccancy` VALUES ('1993', '鲁C50144', '1028', '2016-10-15 19:19:21', '南京路');
INSERT INTO `peccancy` VALUES ('1994', '鲁C50145', '1029', '2016-10-16 20:19:21', '南京路');
INSERT INTO `peccancy` VALUES ('1995', '鲁C50146', '1030', '2016-10-17 21:19:21', '南京路');
INSERT INTO `peccancy` VALUES ('1996', '鲁C50147', '1031', '2016-10-18 22:19:21', '南京路');
INSERT INTO `peccancy` VALUES ('1997', '鲁C50148', '1032', '2016-10-19 23:19:21', '南京路');
INSERT INTO `peccancy` VALUES ('1998', '鲁C50149', '1033', '2016-10-20 00:19:21', '南京路');
INSERT INTO `peccancy` VALUES ('1999', '鲁C50150', '1034', '2016-10-21 01:19:21', '南京路');
INSERT INTO `peccancy` VALUES ('2000', '鲁C50151', '1035', '2016-10-22 02:19:21', '南京路');
INSERT INTO `peccancy` VALUES ('2001', '鲁C50152', '1036', '2016-10-23 03:19:21', '南京路');
INSERT INTO `peccancy` VALUES ('2002', '鲁C50153', '1037', '2016-10-24 04:19:21', '南京路');
INSERT INTO `peccancy` VALUES ('2003', '鲁C50154', '1001A　　', '2016-10-25 05:19:21', '南京路');
INSERT INTO `peccancy` VALUES ('2004', '鲁C50155', '1001B　　', '2016-10-26 06:19:21', '南京路');
INSERT INTO `peccancy` VALUES ('2005', '鲁C50156', '1002A　　', '2016-10-27 07:19:21', '南京路');
INSERT INTO `peccancy` VALUES ('2006', '鲁C50157', '1002B　　', '2016-10-28 08:19:21', '南京路');
INSERT INTO `peccancy` VALUES ('2007', '鲁C50158', '1005A　　', '2016-10-29 09:19:21', '南京路');
INSERT INTO `peccancy` VALUES ('2008', '鲁C50143', '1005B　　', '2016-10-30 10:19:21', '南京路');
INSERT INTO `peccancy` VALUES ('2009', '鲁C50144', '1006A　　', '2016-10-31 11:19:21', '南京路');
INSERT INTO `peccancy` VALUES ('2010', '鲁C50145', '1006B　　', '2016-11-01 12:19:21', '南京路');
INSERT INTO `peccancy` VALUES ('2011', '鲁C50146', '1007', '2016-11-02 13:19:21', '南京路');
INSERT INTO `peccancy` VALUES ('2012', '鲁C50147', '1008', '2016-11-03 14:19:21', '南京路');
INSERT INTO `peccancy` VALUES ('2013', '鲁C50148', '1009', '2016-11-04 15:19:21', '南京路');
INSERT INTO `peccancy` VALUES ('2014', '鲁C50149', '1010A　　', '2016-11-05 16:19:21', '南京路');
INSERT INTO `peccancy` VALUES ('2015', '鲁C50150', '1010B 　', '2016-11-06 17:19:21', '南京路');
INSERT INTO `peccancy` VALUES ('2016', '鲁C50151', '1011', '2016-11-07 18:19:21', '南京路');
INSERT INTO `peccancy` VALUES ('2017', '鲁C50152', '1012', '2016-11-08 19:19:21', '南京路');
INSERT INTO `peccancy` VALUES ('2018', '鲁C50153', '1013', '2016-11-09 20:19:21', '南京路');
INSERT INTO `peccancy` VALUES ('2019', '鲁C50154', '1014', '2016-11-10 21:19:21', '南京路');
INSERT INTO `peccancy` VALUES ('2020', '鲁C50155', '1015', '2016-11-11 22:19:21', '南京路');
INSERT INTO `peccancy` VALUES ('2021', '鲁C50156', '1016', '2016-11-12 23:19:21', '南京路');
INSERT INTO `peccancy` VALUES ('2022', '鲁C50157', '1017', '2016-11-13 00:19:21', '南京路');
INSERT INTO `peccancy` VALUES ('2023', '鲁C50158', '1018', '2016-11-14 01:19:21', '南京路');
INSERT INTO `peccancy` VALUES ('2024', '鲁C50143', '1019', '2016-11-15 02:19:21', '南京路');
INSERT INTO `peccancy` VALUES ('2025', '鲁C50144', '1020', '2016-11-16 03:19:21', '南京路');
INSERT INTO `peccancy` VALUES ('2026', '鲁C50145', '1021', '2016-11-17 04:19:21', '南京路');
INSERT INTO `peccancy` VALUES ('2027', '鲁C50146', '1022', '2016-11-18 05:19:21', '南京路');
INSERT INTO `peccancy` VALUES ('2028', '鲁C50147', '1023', '2016-11-19 06:19:21', '南京路');
INSERT INTO `peccancy` VALUES ('2029', '鲁C50148', '1024', '2016-11-20 07:19:21', '南京路');
INSERT INTO `peccancy` VALUES ('2030', '鲁C50149', '1025', '2016-11-21 08:19:21', '南京路');
INSERT INTO `peccancy` VALUES ('2031', '鲁C50150', '1026', '2016-11-22 09:19:21', '南京路');
INSERT INTO `peccancy` VALUES ('2032', '鲁C50151', '1027', '2016-11-23 10:19:21', '南京路');
INSERT INTO `peccancy` VALUES ('2033', '鲁C50152', '1028', '2016-11-24 11:19:21', '南京路');
INSERT INTO `peccancy` VALUES ('2034', '鲁C50153', '1029', '2016-11-25 12:19:21', '南京路');
INSERT INTO `peccancy` VALUES ('2035', '鲁C50154', '1030', '2016-11-26 13:19:21', '南京路');
INSERT INTO `peccancy` VALUES ('2036', '鲁C50155', '1031', '2016-11-27 14:19:21', '南京路');
INSERT INTO `peccancy` VALUES ('2037', '鲁C50156', '1032', '2016-11-28 15:19:21', '南京路');
INSERT INTO `peccancy` VALUES ('2038', '鲁C50157', '1033', '2016-11-29 16:19:21', '南京路');
INSERT INTO `peccancy` VALUES ('2039', '鲁C50158', '1034', '2016-11-30 17:19:21', '南京路');
INSERT INTO `peccancy` VALUES ('2040', '鲁C50143', '1035', '2016-12-01 18:19:21', '南京路');
INSERT INTO `peccancy` VALUES ('2041', '鲁C50144', '1036', '2016-12-02 19:19:21', '南京路');
INSERT INTO `peccancy` VALUES ('2042', '鲁C50145', '1037', '2016-12-03 20:19:21', '南京路');
INSERT INTO `peccancy` VALUES ('2043', '鲁C50146', '1025', '2016-12-04 21:19:21', '南京路');
INSERT INTO `peccancy` VALUES ('2044', '鲁C50147', '1026', '2016-12-05 22:19:21', '南京路');
INSERT INTO `peccancy` VALUES ('2045', '鲁C50148', '1027', '2016-12-06 23:19:21', '南京路');
INSERT INTO `peccancy` VALUES ('2046', '鲁C50149', '1028', '2016-12-07 00:19:21', '南京路');
INSERT INTO `peccancy` VALUES ('2047', '鲁C50150', '1029', '2016-12-08 01:19:21', '南京路');
INSERT INTO `peccancy` VALUES ('2048', '鲁C50151', '1030', '2016-12-09 02:19:21', '南京路');
INSERT INTO `peccancy` VALUES ('2049', '鲁C50152', '1031', '2016-12-10 03:19:21', '南京路');
INSERT INTO `peccancy` VALUES ('2050', '鲁C50153', '1032', '2016-12-11 04:19:21', '南京路');
INSERT INTO `peccancy` VALUES ('2051', '鲁C50154', '1033', '2016-05-21 05:19:21', '南京路');
INSERT INTO `peccancy` VALUES ('2052', '鲁C50155', '1034', '2016-05-22 06:19:21', '南京路');
INSERT INTO `peccancy` VALUES ('2053', '鲁C50156', '1035', '2016-05-23 07:19:21', '南京路');
INSERT INTO `peccancy` VALUES ('2054', '鲁C50157', '1036', '2016-05-24 08:19:21', '南京路');
INSERT INTO `peccancy` VALUES ('2055', '鲁C50158', '1037', '2016-05-25 09:19:21', '南京路');
INSERT INTO `peccancy` VALUES ('2056', '鲁C50143', '1025', '2016-05-26 10:19:21', '南京路');
INSERT INTO `peccancy` VALUES ('2057', '鲁C50144', '1026', '2016-05-27 11:19:21', '南京路');
INSERT INTO `peccancy` VALUES ('2058', '鲁C50145', '1027', '2016-05-28 12:19:21', '南京路');
INSERT INTO `peccancy` VALUES ('2059', '鲁C50146', '1028', '2016-05-29 13:19:21', '南京路');
INSERT INTO `peccancy` VALUES ('2060', '鲁C50147', '1029', '2016-05-30 14:19:21', '南京路');
INSERT INTO `peccancy` VALUES ('2061', '鲁C50148', '1030', '2016-05-31 15:19:21', '南京路');
INSERT INTO `peccancy` VALUES ('2062', '鲁C50129', '1031', '2016-06-01 16:19:21', '南京路');
INSERT INTO `peccancy` VALUES ('2063', '鲁C50130', '1032', '2016-06-02 17:19:21', '南京路');
INSERT INTO `peccancy` VALUES ('2064', '鲁C50131', '1033', '2016-06-03 18:19:21', '南京路');
INSERT INTO `peccancy` VALUES ('2065', '鲁C50132', '1034', '2016-06-04 19:19:21', '南京路');
INSERT INTO `peccancy` VALUES ('2066', '鲁C50133', '1035', '2016-06-05 20:19:21', '南京路');
INSERT INTO `peccancy` VALUES ('2067', '鲁C50151', '1036', '2016-06-06 21:19:21', '南京路');
INSERT INTO `peccancy` VALUES ('2068', '鲁C50152', '1037', '2016-06-07 22:19:21', '南京路');
INSERT INTO `peccancy` VALUES ('2069', '鲁C50153', '1025', '2016-06-08 23:19:21', '南京路');
INSERT INTO `peccancy` VALUES ('2070', '鲁C50154', '1026', '2016-06-09 00:19:21', '南京路');
INSERT INTO `peccancy` VALUES ('2071', '鲁C50155', '1027', '2016-06-10 01:19:21', '南京路');
INSERT INTO `peccancy` VALUES ('2072', '鲁C50156', '1028', '2016-06-11 02:19:21', '南京路');
INSERT INTO `peccancy` VALUES ('2073', '鲁C50157', '1029', '2016-06-12 03:19:21', '南京路');
INSERT INTO `peccancy` VALUES ('2074', '鲁C50158', '1030', '2016-06-13 04:19:21', '南京路');
INSERT INTO `peccancy` VALUES ('2075', '鲁C50143', '1031', '2016-06-14 05:19:21', '南京路');
INSERT INTO `peccancy` VALUES ('2076', '鲁C50144', '1032', '2016-06-15 06:19:21', '南京路');
INSERT INTO `peccancy` VALUES ('2077', '鲁C50145', '1033', '2016-06-16 07:19:21', '南京路');
INSERT INTO `peccancy` VALUES ('2078', '鲁C50146', '1034', '2016-06-17 08:19:21', '广州路');
INSERT INTO `peccancy` VALUES ('2079', '鲁C50147', '1035', '2016-06-18 09:19:21', '高速公路');
INSERT INTO `peccancy` VALUES ('2080', '鲁C50148', '1036', '2016-06-19 10:19:21', '北京路');
INSERT INTO `peccancy` VALUES ('2081', '鲁C50149', '1037', '2016-06-20 11:19:21', '重庆路');
INSERT INTO `peccancy` VALUES ('2082', '鲁C50150', '1025', '2016-06-21 12:19:21', '沈阳路');
INSERT INTO `peccancy` VALUES ('2083', '鲁C50151', '1026', '2016-06-22 13:19:21', '南京路');
INSERT INTO `peccancy` VALUES ('2084', '鲁C50152', '1027', '2016-06-23 14:19:21', '上海路');
INSERT INTO `peccancy` VALUES ('2085', '鲁C50153', '1028', '2016-06-24 15:19:21', '广州路');
INSERT INTO `peccancy` VALUES ('2086', '鲁C50154', '1029', '2016-06-25 16:19:21', '高速公路');
INSERT INTO `peccancy` VALUES ('2087', '鲁C50155', '1030', '2016-06-26 17:19:21', '北京路');
INSERT INTO `peccancy` VALUES ('2088', '鲁C50156', '1031', '2016-06-27 18:19:21', '重庆路');
INSERT INTO `peccancy` VALUES ('2089', '鲁C50157', '1032', '2016-06-28 19:19:21', '沈阳路');
INSERT INTO `peccancy` VALUES ('2090', '鲁C50158', '1033', '2016-06-29 20:19:21', '南京路');
INSERT INTO `peccancy` VALUES ('2091', '鲁C50143', '1034', '2016-06-30 21:19:21', '上海路');
INSERT INTO `peccancy` VALUES ('2092', '鲁C50144', '1035', '2016-07-01 22:19:21', '广州路');
INSERT INTO `peccancy` VALUES ('2093', '鲁C50145', '1036', '2016-07-02 23:19:21', '高速公路');
INSERT INTO `peccancy` VALUES ('2094', '鲁C50146', '1037', '2016-07-03 00:19:21', '北京路');
INSERT INTO `peccancy` VALUES ('2095', '鲁C50147', '1025', '2016-07-04 01:19:21', '重庆路');
INSERT INTO `peccancy` VALUES ('2096', '鲁C50148', '1026', '2016-07-05 02:19:21', '沈阳路');
INSERT INTO `peccancy` VALUES ('2097', '鲁C50149', '1027', '2016-07-06 03:19:21', '南京路');
INSERT INTO `peccancy` VALUES ('2098', '鲁C50150', '1028', '2016-07-07 04:19:21', '上海路');
INSERT INTO `peccancy` VALUES ('2099', '鲁C50151', '1029', '2016-07-08 05:19:21', '广州路');
INSERT INTO `peccancy` VALUES ('2100', '鲁C50152', '1030', '2016-07-09 06:19:21', '高速公路');
INSERT INTO `peccancy` VALUES ('2101', '鲁C50153', '1031', '2016-07-10 07:19:21', '北京路');
INSERT INTO `peccancy` VALUES ('2102', '鲁C50154', '1032', '2016-07-11 08:19:21', '重庆路');
INSERT INTO `peccancy` VALUES ('2103', '鲁C50155', '1033', '2016-07-12 09:19:21', '沈阳路');
INSERT INTO `peccancy` VALUES ('2104', '鲁C50156', '1034', '2016-07-13 10:19:21', '南京路');
INSERT INTO `peccancy` VALUES ('2105', '鲁C50157', '1035', '2016-07-14 11:19:21', '上海路');
INSERT INTO `peccancy` VALUES ('2106', '鲁C50158', '1036', '2016-07-15 12:19:21', '广州路');
INSERT INTO `peccancy` VALUES ('2107', '鲁C50143', '1037', '2016-07-16 13:19:21', '高速公路');
INSERT INTO `peccancy` VALUES ('2108', '鲁C50144', '1025', '2016-07-17 14:19:21', '北京路');
INSERT INTO `peccancy` VALUES ('2109', '鲁C50145', '1026', '2016-07-18 15:19:21', '重庆路');
INSERT INTO `peccancy` VALUES ('2110', '鲁C50146', '1027', '2016-07-19 16:19:21', '沈阳路');
INSERT INTO `peccancy` VALUES ('2111', '鲁C50147', '1028', '2016-07-20 17:19:21', '南京路');
INSERT INTO `peccancy` VALUES ('2112', '鲁C50148', '1029', '2016-07-21 18:19:21', '上海路');
INSERT INTO `peccancy` VALUES ('2113', '鲁C50149', '1030', '2016-07-22 19:19:21', '广州路');
INSERT INTO `peccancy` VALUES ('2114', '鲁C50150', '1001A　　', '2016-07-23 20:19:21', '高速公路');
INSERT INTO `peccancy` VALUES ('2115', '鲁C50151', '1001B　　', '2016-07-24 21:19:21', '北京路');
INSERT INTO `peccancy` VALUES ('2116', '鲁C50152', '1002A　　', '2016-07-25 22:19:21', '重庆路');
INSERT INTO `peccancy` VALUES ('2117', '鲁C50153', '1002B　　', '2016-07-26 23:19:21', '沈阳路');
INSERT INTO `peccancy` VALUES ('2118', '鲁C50154', '1005A　　', '2016-07-27 00:19:21', '南京路');
INSERT INTO `peccancy` VALUES ('2119', '鲁C50155', '1005B　　', '2016-07-28 01:19:21', '上海路');
INSERT INTO `peccancy` VALUES ('2120', '鲁C50156', '1006A　　', '2016-07-29 02:19:21', '广州路');
INSERT INTO `peccancy` VALUES ('2121', '鲁C50157', '1006B　　', '2016-07-30 03:19:21', '高速公路');
INSERT INTO `peccancy` VALUES ('2122', '鲁C50158', '1007', '2016-07-31 04:19:21', '北京路');
INSERT INTO `peccancy` VALUES ('2123', '鲁C50143', '1008', '2016-08-01 05:19:21', '重庆路');
INSERT INTO `peccancy` VALUES ('2124', '鲁C50144', '1009', '2016-08-02 06:19:21', '沈阳路');
INSERT INTO `peccancy` VALUES ('2125', '鲁C50145', '1010A　　', '2016-08-03 07:19:21', '南京路');
INSERT INTO `peccancy` VALUES ('2126', '鲁C50146', '1010B 　', '2016-08-04 08:19:21', '上海路');
INSERT INTO `peccancy` VALUES ('2127', '鲁C50147', '1011', '2016-08-05 09:19:21', '广州路');
INSERT INTO `peccancy` VALUES ('2128', '鲁C50148', '1012', '2016-08-06 10:19:21', '高速公路');
INSERT INTO `peccancy` VALUES ('2129', '鲁C50149', '1013', '2016-08-07 11:19:21', '北京路');
INSERT INTO `peccancy` VALUES ('2130', '鲁C50150', '1014', '2016-08-08 12:19:21', '重庆路');
INSERT INTO `peccancy` VALUES ('2131', '鲁C50151', '1015', '2016-08-09 13:19:21', '沈阳路');
INSERT INTO `peccancy` VALUES ('2132', '鲁C50152', '1016', '2016-08-10 14:19:21', '南京路');
INSERT INTO `peccancy` VALUES ('2133', '鲁C50153', '1017', '2016-08-11 15:19:21', '上海路');
INSERT INTO `peccancy` VALUES ('2134', '鲁C50154', '1018', '2016-08-12 16:19:21', '广州路');
INSERT INTO `peccancy` VALUES ('2135', '鲁C50155', '1019', '2016-08-13 17:19:21', '高速公路');
INSERT INTO `peccancy` VALUES ('2136', '鲁C50156', '1020', '2016-08-14 18:19:21', '北京路');
INSERT INTO `peccancy` VALUES ('2137', '鲁C50157', '1021', '2016-08-15 19:19:21', '重庆路');
INSERT INTO `peccancy` VALUES ('2138', '鲁C50158', '1022', '2016-08-16 20:19:21', '沈阳路');
INSERT INTO `peccancy` VALUES ('2139', '鲁C50143', '1023', '2016-08-17 21:19:21', '南京路');
INSERT INTO `peccancy` VALUES ('2140', '鲁C50144', '1024', '2016-08-18 22:19:21', '上海路');
INSERT INTO `peccancy` VALUES ('2141', '鲁C50145', '1025', '2016-08-19 23:19:21', '广州路');
INSERT INTO `peccancy` VALUES ('2142', '鲁C50146', '1026', '2016-08-20 00:19:21', '高速公路');
INSERT INTO `peccancy` VALUES ('2143', '鲁C50147', '1027', '2016-08-21 01:19:21', '北京路');
INSERT INTO `peccancy` VALUES ('2144', '鲁C50148', '1028', '2016-08-22 02:19:21', '重庆路');
INSERT INTO `peccancy` VALUES ('2145', '鲁C50129', '1029', '2016-08-23 03:19:21', '沈阳路');
INSERT INTO `peccancy` VALUES ('2146', '鲁C50130', '1030', '2016-08-24 04:19:21', '南京路');
INSERT INTO `peccancy` VALUES ('2147', '鲁C50131', '1031', '2016-08-25 05:19:21', '上海路');
INSERT INTO `peccancy` VALUES ('2148', '鲁C50132', '1032', '2016-08-26 06:19:21', '广州路');
INSERT INTO `peccancy` VALUES ('2149', '鲁C50133', '1033', '2016-08-27 07:19:21', '高速公路');
INSERT INTO `peccancy` VALUES ('2150', '鲁C50151', '1034', '2016-08-28 08:19:21', '北京路');
INSERT INTO `peccancy` VALUES ('2151', '鲁C50152', '1035', '2016-08-29 09:19:21', '重庆路');
INSERT INTO `peccancy` VALUES ('2152', '鲁C50153', '1036', '2016-08-30 10:19:21', '沈阳路');
INSERT INTO `peccancy` VALUES ('2153', '鲁C50154', '1037', '2016-08-31 11:19:21', '南京路');
INSERT INTO `peccancy` VALUES ('2154', '鲁C50155', '1038', '2016-09-01 12:19:21', '上海路');
INSERT INTO `peccancy` VALUES ('2155', '鲁C50156', '1039', '2016-09-02 13:19:21', '广州路');
INSERT INTO `peccancy` VALUES ('2156', '鲁C50157', '1040', '2016-09-03 14:19:21', '高速公路');
INSERT INTO `peccancy` VALUES ('2157', '鲁C50158', '1041', '2016-09-04 15:19:21', '北京路');
INSERT INTO `peccancy` VALUES ('2158', '鲁C50143', '1042', '2016-09-05 16:19:21', '重庆路');
INSERT INTO `peccancy` VALUES ('2159', '鲁C50144', '1043', '2016-09-06 17:19:21', '沈阳路');
INSERT INTO `peccancy` VALUES ('2160', '鲁C50145', '1044', '2016-09-07 18:19:21', '南京路');
INSERT INTO `peccancy` VALUES ('2161', '鲁C50146', '1045', '2016-09-08 19:19:21', '上海路');
INSERT INTO `peccancy` VALUES ('2162', '鲁C50147', '1046', '2016-09-09 20:19:21', '广州路');
INSERT INTO `peccancy` VALUES ('2163', '鲁C50148', '1047', '2016-09-10 21:19:21', '高速公路');
INSERT INTO `peccancy` VALUES ('2164', '鲁C50149', '1048', '2016-09-11 22:19:21', '北京路');
INSERT INTO `peccancy` VALUES ('2165', '鲁C50150', '1049', '2016-09-12 23:19:21', '重庆路');
INSERT INTO `peccancy` VALUES ('2166', '鲁C50151', '1050', '2016-09-13 00:19:21', '沈阳路');
INSERT INTO `peccancy` VALUES ('2167', '鲁C50152', '1051', '2016-09-14 01:19:21', '南京路');
INSERT INTO `peccancy` VALUES ('2168', '鲁C50153', '1052', '2016-09-15 02:19:21', '上海路');
INSERT INTO `peccancy` VALUES ('2169', '鲁C50154', '1053', '2016-09-16 03:19:21', '广州路');
INSERT INTO `peccancy` VALUES ('2170', '鲁C50155', '1054', '2016-09-17 04:19:21', '高速公路');
INSERT INTO `peccancy` VALUES ('2171', '鲁C50156', '1055', '2016-09-18 05:19:21', '北京路');
INSERT INTO `peccancy` VALUES ('2172', '鲁C50157', '1056', '2016-09-19 06:19:21', '重庆路');
INSERT INTO `peccancy` VALUES ('2173', '鲁C50158', '1057', '2016-09-20 07:19:21', '沈阳路');
INSERT INTO `peccancy` VALUES ('2174', '鲁C50143', '1058', '2016-09-21 08:19:21', '南京路');
INSERT INTO `peccancy` VALUES ('2175', '鲁C50144', '1059', '2016-09-22 09:19:21', '上海路');
INSERT INTO `peccancy` VALUES ('2176', '鲁C50145', '1060', '2016-09-23 10:19:21', '广州路');
INSERT INTO `peccancy` VALUES ('2177', '鲁C50146', '1061', '2016-09-24 11:19:21', '高速公路');
INSERT INTO `peccancy` VALUES ('2178', '鲁C50147', '1062', '2016-09-25 12:19:21', '北京路');
INSERT INTO `peccancy` VALUES ('2179', '鲁C50148', '1063', '2016-09-26 13:19:21', '重庆路');
INSERT INTO `peccancy` VALUES ('2180', '鲁C50149', '1064', '2016-09-27 14:19:21', '沈阳路');
INSERT INTO `peccancy` VALUES ('2181', '鲁C50150', '1065', '2016-09-28 15:19:21', '南京路');
INSERT INTO `peccancy` VALUES ('2182', '鲁C50151', '1066', '2016-09-29 16:19:21', '上海路');
INSERT INTO `peccancy` VALUES ('2183', '鲁C50152', '1067', '2016-09-30 17:19:21', '广州路');
INSERT INTO `peccancy` VALUES ('2184', '鲁C50153', '1068', '2016-10-01 18:19:21', '高速公路');
INSERT INTO `peccancy` VALUES ('2185', '鲁C50154', '1069', '2016-10-02 19:19:21', '北京路');
INSERT INTO `peccancy` VALUES ('2186', '鲁C50155', '1070', '2016-10-03 20:19:21', '重庆路');
INSERT INTO `peccancy` VALUES ('2187', '鲁C50156', '1071', '2016-10-04 21:19:21', '沈阳路');
INSERT INTO `peccancy` VALUES ('2188', '鲁C50157', '1072', '2016-10-05 22:19:21', '南京路');
INSERT INTO `peccancy` VALUES ('2189', '鲁C50158', '1073', '2016-10-06 23:19:21', '上海路');
INSERT INTO `peccancy` VALUES ('2190', '鲁C50143', '1101', '2016-10-07 00:19:21', '广州路');
INSERT INTO `peccancy` VALUES ('2191', '鲁C50144', '1102', '2016-10-08 01:19:21', '高速公路');
INSERT INTO `peccancy` VALUES ('2192', '鲁C50145', '1103', '2016-10-09 02:19:21', '北京路');
INSERT INTO `peccancy` VALUES ('2193', '鲁C50146', '1104', '2016-10-10 03:19:21', '重庆路');
INSERT INTO `peccancy` VALUES ('2194', '鲁C50147', '1105', '2016-10-11 04:19:21', '沈阳路');
INSERT INTO `peccancy` VALUES ('2195', '鲁C50148', '1106', '2016-10-12 05:19:21', '南京路');
INSERT INTO `peccancy` VALUES ('2196', '鲁C50149', '1107', '2016-10-13 06:19:21', '上海路');
INSERT INTO `peccancy` VALUES ('2197', '鲁C50150', '1108', '2016-10-14 07:19:21', '广州路');
INSERT INTO `peccancy` VALUES ('2198', '鲁C50151', '1109', '2016-10-15 08:19:21', '高速公路');
INSERT INTO `peccancy` VALUES ('2199', '鲁C50152', '1110', '2016-10-16 09:19:21', '北京路');
INSERT INTO `peccancy` VALUES ('2200', '鲁C50153', '1201', '2016-10-17 10:19:21', '重庆路');
INSERT INTO `peccancy` VALUES ('2201', '鲁C50154', '1202', '2016-10-18 11:19:21', '沈阳路');
INSERT INTO `peccancy` VALUES ('2202', '鲁C50155', '1203', '2016-10-19 12:19:21', '南京路');
INSERT INTO `peccancy` VALUES ('2203', '鲁C50156', '1204', '2016-10-20 13:19:21', '上海路');
INSERT INTO `peccancy` VALUES ('2204', '鲁C50157', '1205', '2016-10-21 14:19:21', '广州路');
INSERT INTO `peccancy` VALUES ('2205', '鲁C50158', '1206', '2016-10-22 15:19:21', '高速公路');
INSERT INTO `peccancy` VALUES ('2206', '鲁C50143', '1207', '2016-10-23 16:19:21', '北京路');
INSERT INTO `peccancy` VALUES ('2207', '鲁C50144', '1208', '2016-10-24 17:19:21', '重庆路');
INSERT INTO `peccancy` VALUES ('2208', '鲁C50145', '1209', '2016-10-25 18:19:21', '沈阳路');
INSERT INTO `peccancy` VALUES ('2209', '鲁C50146', '1210', '2016-10-26 19:19:21', '南京路');
INSERT INTO `peccancy` VALUES ('2210', '鲁C50147', '1212', '2016-10-27 20:19:21', '上海路');
INSERT INTO `peccancy` VALUES ('2211', '鲁C50148', '1213', '2016-10-28 21:19:21', '广州路');
INSERT INTO `peccancy` VALUES ('2212', '鲁C50149', '1214', '2016-10-29 22:19:21', '高速公路');
INSERT INTO `peccancy` VALUES ('2213', '鲁C50150', '1215', '2016-10-30 23:19:21', '北京路');
INSERT INTO `peccancy` VALUES ('2214', '鲁C50151', '1216', '2016-10-31 00:19:21', '重庆路');
INSERT INTO `peccancy` VALUES ('2215', '鲁C50152', '1217', '2016-11-01 01:19:21', '沈阳路');
INSERT INTO `peccancy` VALUES ('2216', '鲁C50153', '1218', '2016-11-02 02:19:21', '南京路');
INSERT INTO `peccancy` VALUES ('2217', '鲁C50154', '1219', '2016-11-03 03:19:21', '上海路');
INSERT INTO `peccancy` VALUES ('2218', '鲁C50155', '1220', '2016-11-04 04:19:21', '广州路');
INSERT INTO `peccancy` VALUES ('2219', '鲁C50156', '1221', '2016-11-05 05:19:21', '高速公路');
INSERT INTO `peccancy` VALUES ('2220', '鲁C50157', '1222', '2016-11-06 06:19:21', '北京路');
INSERT INTO `peccancy` VALUES ('2221', '鲁C50158', '1223', '2016-11-07 07:19:21', '重庆路');
INSERT INTO `peccancy` VALUES ('2222', '鲁C50143', '1224', '2016-11-08 08:19:21', '沈阳路');
INSERT INTO `peccancy` VALUES ('2223', '鲁C50144', '1225', '2016-11-09 09:19:21', '南京路');
INSERT INTO `peccancy` VALUES ('2224', '鲁C50145', '1226', '2016-11-10 10:19:21', '上海路');
INSERT INTO `peccancy` VALUES ('2225', '鲁C50146', '1227', '2016-11-11 11:19:21', '广州路');
INSERT INTO `peccancy` VALUES ('2226', '鲁C50147', '1228', '2016-11-12 12:19:21', '高速公路');
INSERT INTO `peccancy` VALUES ('2227', '鲁C50148', '1229', '2016-11-13 13:19:21', '北京路');
INSERT INTO `peccancy` VALUES ('2228', '鲁C50129', '1230', '2016-11-14 14:19:21', '重庆路');
INSERT INTO `peccancy` VALUES ('2229', '鲁C50130', '1231', '2016-11-15 15:19:21', '沈阳路');
INSERT INTO `peccancy` VALUES ('2230', '鲁C50131', '1232', '2016-11-16 16:19:21', '南京路');
INSERT INTO `peccancy` VALUES ('2231', '鲁C50132', '1233', '2016-11-17 17:19:21', '上海路');
INSERT INTO `peccancy` VALUES ('2232', '鲁C50133', '1234', '2016-11-18 18:19:21', '广州路');
INSERT INTO `peccancy` VALUES ('2233', '鲁C50151', '1235', '2016-11-19 19:19:21', '高速公路');
INSERT INTO `peccancy` VALUES ('2234', '鲁C50152', '1236', '2016-11-20 20:19:21', '北京路');
INSERT INTO `peccancy` VALUES ('2235', '鲁C50153', '1237', '2016-11-21 21:19:21', '重庆路');
INSERT INTO `peccancy` VALUES ('2236', '鲁C50154', '1238', '2016-11-22 22:19:21', '沈阳路');
INSERT INTO `peccancy` VALUES ('2237', '鲁C50155', '1301', '2016-11-23 23:19:21', '南京路');
INSERT INTO `peccancy` VALUES ('2238', '鲁C50156', '1303', '2016-11-24 00:19:21', '上海路');
INSERT INTO `peccancy` VALUES ('2239', '鲁C50157', '1304', '2016-11-25 01:19:21', '广州路');
INSERT INTO `peccancy` VALUES ('2240', '鲁C50158', '1305', '2016-11-26 02:19:21', '高速公路');
INSERT INTO `peccancy` VALUES ('2241', '鲁C50143', '1306', '2016-11-27 03:19:21', '北京路');
INSERT INTO `peccancy` VALUES ('2242', '鲁C50144', '1307', '2016-11-28 04:19:21', '重庆路');
INSERT INTO `peccancy` VALUES ('2243', '鲁C50145', '1308', '2016-11-29 05:19:21', '沈阳路');
INSERT INTO `peccancy` VALUES ('2244', '鲁C50146', '1309', '2016-11-30 06:19:21', '南京路');
INSERT INTO `peccancy` VALUES ('2245', '鲁C50147', '1310', '2016-12-01 07:19:21', '上海路');
INSERT INTO `peccancy` VALUES ('2246', '鲁C50148', '1311', '2016-12-02 08:19:21', '广州路');
INSERT INTO `peccancy` VALUES ('2247', '鲁C50149', '1312', '2016-12-03 02:19:21', '高速公路');
INSERT INTO `peccancy` VALUES ('2248', '鲁C50150', '1313', '2016-12-04 03:19:21', '北京路');
INSERT INTO `peccancy` VALUES ('2249', '鲁C50151', '1314', '2016-12-05 04:19:21', '重庆路');
INSERT INTO `peccancy` VALUES ('2250', '鲁C50152', '1315', '2016-12-06 05:19:21', '沈阳路');
INSERT INTO `peccancy` VALUES ('2251', '鲁C50153', '1316', '2016-12-07 06:19:21', '南京路');
INSERT INTO `peccancy` VALUES ('2252', '鲁C50154', '1317', '2016-12-08 07:19:21', '上海路');
INSERT INTO `peccancy` VALUES ('2253', '鲁C50155', '1318', '2016-12-09 08:19:21', '广州路');
INSERT INTO `peccancy` VALUES ('2254', '鲁C50156', '1319', '2016-12-10 09:19:21', '高速公路');
INSERT INTO `peccancy` VALUES ('2255', '鲁C50157', '1320', '2016-12-11 10:19:21', '北京路');
INSERT INTO `peccancy` VALUES ('2256', '鲁C50158', '1321', '2016-05-21 11:19:21', '重庆路');
INSERT INTO `peccancy` VALUES ('2257', '鲁C50143', '1322', '2016-05-22 12:19:21', '沈阳路');
INSERT INTO `peccancy` VALUES ('2258', '鲁C50144', '1323', '2016-05-23 13:19:21', '南京路');
INSERT INTO `peccancy` VALUES ('2259', '鲁C50145', '1324', '2016-05-24 14:19:21', '上海路');
INSERT INTO `peccancy` VALUES ('2260', '鲁C50146', '1325', '2016-05-25 15:19:21', '广州路');
INSERT INTO `peccancy` VALUES ('2261', '鲁C50147', '1326', '2016-05-26 16:19:21', '高速公路');
INSERT INTO `peccancy` VALUES ('2262', '鲁C50148', '1327', '2016-05-27 02:19:21', '北京路');
INSERT INTO `peccancy` VALUES ('2263', '鲁C50149', '1328', '2016-05-28 03:19:21', '重庆路');
INSERT INTO `peccancy` VALUES ('2264', '鲁C50150', '1329', '2016-05-29 04:19:21', '沈阳路');
INSERT INTO `peccancy` VALUES ('2265', '鲁C50151', '1330', '2016-05-30 05:19:21', '南京路');
INSERT INTO `peccancy` VALUES ('2266', '鲁C50152', '1331', '2016-05-31 06:19:21', '上海路');
INSERT INTO `peccancy` VALUES ('2267', '鲁C50153', '1332', '2016-06-01 07:19:21', '广州路');
INSERT INTO `peccancy` VALUES ('2268', '鲁C50154', '1333', '2016-06-02 08:19:21', '高速公路');
INSERT INTO `peccancy` VALUES ('2269', '鲁C50155', '1334', '2016-06-03 09:19:21', '北京路');
INSERT INTO `peccancy` VALUES ('2270', '鲁C50156', '1339', '2016-06-04 10:19:21', '重庆路');
INSERT INTO `peccancy` VALUES ('2271', '鲁C50157', '1601A 　', '2016-06-05 11:19:21', '沈阳路');
INSERT INTO `peccancy` VALUES ('2272', '鲁C50158', '1601B　　', '2016-06-06 12:19:21', '南京路');
INSERT INTO `peccancy` VALUES ('2273', '鲁C50143', '1601C 　', '2016-06-07 13:19:21', '上海路');
INSERT INTO `peccancy` VALUES ('2274', '鲁C50144', '1602A　　', '2016-06-08 14:19:21', '广州路');
INSERT INTO `peccancy` VALUES ('2275', '鲁C50145', '1602B 　', '2016-06-09 15:19:21', '高速公路');
INSERT INTO `peccancy` VALUES ('2276', '鲁C50146', '1603A 　', '2016-06-10 16:19:21', '北京路');
INSERT INTO `peccancy` VALUES ('2277', '鲁C50147', '1603B 　', '2016-06-11 02:19:21', '重庆路');
INSERT INTO `peccancy` VALUES ('2278', '鲁C50148', '1604', '2016-06-12 03:19:21', '沈阳路');
INSERT INTO `peccancy` VALUES ('2279', '鲁C50149', '1605', '2016-06-13 04:19:21', '南京路');
INSERT INTO `peccancy` VALUES ('2280', '鲁C50150', '1606', '2016-06-14 05:19:21', '上海路');
INSERT INTO `peccancy` VALUES ('2281', '鲁C50151', '1607A 　', '2016-06-15 06:19:21', '广州路');
INSERT INTO `peccancy` VALUES ('2282', '鲁C50152', '1607B　　', '2016-06-16 07:19:21', '高速公路');
INSERT INTO `peccancy` VALUES ('2283', '鲁C50153', '1609', '2016-06-17 08:19:21', '北京路');
INSERT INTO `peccancy` VALUES ('2284', '鲁C50154', '1701', '2016-06-18 09:19:21', '重庆路');
INSERT INTO `peccancy` VALUES ('2285', '鲁C50155', '1702', '2016-06-19 10:19:21', '沈阳路');
INSERT INTO `peccancy` VALUES ('2286', '鲁C50156', '1703', '2016-06-20 11:19:21', '南京路');
INSERT INTO `peccancy` VALUES ('2287', '鲁C50157', '1704A　　', '2016-06-21 12:19:21', '上海路');
INSERT INTO `peccancy` VALUES ('2288', '鲁C50158', '1704B　　', '2016-06-22 13:19:21', '广州路');
INSERT INTO `peccancy` VALUES ('2289', '鲁C50143', '1705', '2016-06-23 14:19:21', '高速公路');
INSERT INTO `peccancy` VALUES ('2290', '鲁C50144', '1706', '2016-06-24 15:19:21', '北京路');
INSERT INTO `peccancy` VALUES ('2291', '鲁C50145', '1709A　　', '2016-06-25 16:19:21', '重庆路');
INSERT INTO `peccancy` VALUES ('2292', '鲁C50146', '1709B　　', '2016-06-26 02:19:21', '沈阳路');
INSERT INTO `peccancy` VALUES ('2293', '鲁C50147', '1039', '2016-06-27 03:19:21', '南京路');
INSERT INTO `peccancy` VALUES ('2294', '鲁C50148', '1039', '2016-06-28 04:19:21', '上海路');
INSERT INTO `peccancy` VALUES ('2295', '鲁C50149', '1039', '2016-06-29 05:19:21', '广州路');
INSERT INTO `peccancy` VALUES ('2296', '鲁C50150', '1039', '2016-06-30 06:19:21', '高速公路');
INSERT INTO `peccancy` VALUES ('2297', '鲁C50151', '1039', '2016-07-01 07:19:21', '北京路');
INSERT INTO `peccancy` VALUES ('2298', '鲁C50152', '1039', '2016-07-02 08:19:21', '重庆路');
INSERT INTO `peccancy` VALUES ('2299', '鲁C50153', '1039', '2016-07-03 09:19:21', '沈阳路');
INSERT INTO `peccancy` VALUES ('2300', '鲁C50154', '1039', '2016-07-04 10:19:21', '南京路');
INSERT INTO `peccancy` VALUES ('2301', '鲁C50155', '1039', '2016-07-05 11:19:21', '上海路');
INSERT INTO `peccancy` VALUES ('2302', '鲁C50156', '1039', '2016-07-06 12:19:21', '广州路');
INSERT INTO `peccancy` VALUES ('2303', '鲁C50157', '1039', '2016-07-07 13:19:21', '高速公路');
INSERT INTO `peccancy` VALUES ('2304', '鲁C50158', '1039', '2016-07-08 14:19:21', '北京路');
INSERT INTO `peccancy` VALUES ('2305', '鲁C50143', '1039', '2016-07-09 15:19:21', '重庆路');
INSERT INTO `peccancy` VALUES ('2306', '鲁C50144', '1039', '2016-07-10 16:19:21', '沈阳路');
INSERT INTO `peccancy` VALUES ('2307', '鲁C50145', '1039', '2016-07-11 02:19:21', '南京路');
INSERT INTO `peccancy` VALUES ('2308', '鲁C50146', '1039', '2016-07-12 03:19:21', '上海路');
INSERT INTO `peccancy` VALUES ('2309', '鲁C50147', '1039', '2016-07-13 04:19:21', '广州路');
INSERT INTO `peccancy` VALUES ('2310', '鲁C50148', '1039', '2016-07-14 05:19:21', '高速公路');
INSERT INTO `peccancy` VALUES ('2311', '鲁C50129', '1039', '2016-07-15 06:19:21', '北京路');
INSERT INTO `peccancy` VALUES ('2312', '鲁C50130', '1039', '2016-07-16 07:19:21', '重庆路');
INSERT INTO `peccancy` VALUES ('2313', '鲁C50131', '1039', '2016-07-17 08:19:21', '沈阳路');
INSERT INTO `peccancy` VALUES ('2314', '鲁C50132', '1039', '2016-07-18 09:19:21', '南京路');
INSERT INTO `peccancy` VALUES ('2315', '鲁C50133', '1039', '2016-07-19 10:19:21', '上海路');
INSERT INTO `peccancy` VALUES ('2316', '鲁C50151', '1039', '2016-07-20 11:19:21', '广州路');
INSERT INTO `peccancy` VALUES ('2317', '鲁C50152', '1039', '2016-07-21 12:19:21', '高速公路');
INSERT INTO `peccancy` VALUES ('2318', '鲁C50153', '1039', '2016-07-22 13:19:21', '北京路');
INSERT INTO `peccancy` VALUES ('2319', '鲁C50154', '1039', '2016-07-23 14:19:21', '重庆路');
INSERT INTO `peccancy` VALUES ('2320', '鲁C50155', '1039', '2016-07-24 15:19:21', '沈阳路');
INSERT INTO `peccancy` VALUES ('2321', '鲁C50156', '1039', '2016-07-25 16:19:21', '南京路');
INSERT INTO `peccancy` VALUES ('2322', '鲁C50157', '1039', '2016-07-26 02:19:21', '上海路');
INSERT INTO `peccancy` VALUES ('2323', '鲁C50158', '1039', '2016-07-27 03:19:21', '广州路');
INSERT INTO `peccancy` VALUES ('2324', '鲁C50143', '1039', '2016-07-28 04:19:21', '高速公路');
INSERT INTO `peccancy` VALUES ('2325', '鲁C50144', '1039', '2016-07-29 05:19:21', '北京路');
INSERT INTO `peccancy` VALUES ('2326', '鲁C50145', '1039', '2016-07-30 06:19:21', '重庆路');
INSERT INTO `peccancy` VALUES ('2327', '鲁C50146', '1039', '2016-07-31 07:19:21', '沈阳路');
INSERT INTO `peccancy` VALUES ('2328', '鲁C50147', '1039', '2016-08-01 08:19:21', '南京路');
INSERT INTO `peccancy` VALUES ('2329', '鲁C50148', '1039', '2016-08-02 09:19:21', '上海路');
INSERT INTO `peccancy` VALUES ('2330', '鲁C50149', '1039', '2016-08-03 10:19:21', '广州路');
INSERT INTO `peccancy` VALUES ('2331', '鲁C50150', '1039', '2016-08-04 11:19:21', '高速公路');
INSERT INTO `peccancy` VALUES ('2332', '鲁C50151', '1039', '2016-08-05 12:19:21', '北京路');
INSERT INTO `peccancy` VALUES ('2333', '鲁C50152', '1039', '2016-08-06 13:19:21', '重庆路');
INSERT INTO `peccancy` VALUES ('2334', '鲁C50153', '1039', '2016-08-07 14:19:21', '沈阳路');
INSERT INTO `peccancy` VALUES ('2335', '鲁C50154', '1039', '2016-08-08 15:19:21', '南京路');
INSERT INTO `peccancy` VALUES ('2336', '鲁C50155', '1039', '2016-08-09 16:19:21', '上海路');
INSERT INTO `peccancy` VALUES ('2337', '鲁C50156', '1039', '2016-08-10 02:19:21', '广州路');
INSERT INTO `peccancy` VALUES ('2338', '鲁C50157', '1039', '2016-08-11 03:19:21', '高速公路');
INSERT INTO `peccancy` VALUES ('2339', '鲁C50158', '1039', '2016-08-12 04:19:21', '北京路');
INSERT INTO `peccancy` VALUES ('2340', '鲁C50143', '1039', '2016-08-13 05:19:21', '重庆路');
INSERT INTO `peccancy` VALUES ('2341', '鲁C50144', '1039', '2016-08-14 06:19:21', '沈阳路');
INSERT INTO `peccancy` VALUES ('2342', '鲁C50145', '1039', '2016-08-15 07:19:21', '南京路');
INSERT INTO `peccancy` VALUES ('2343', '鲁C50146', '1039', '2016-08-16 08:19:21', '上海路');
INSERT INTO `peccancy` VALUES ('2344', '鲁C50147', '1039', '2016-08-17 09:19:21', '广州路');
INSERT INTO `peccancy` VALUES ('2345', '鲁C50148', '1039', '2016-08-18 10:19:21', '高速公路');
INSERT INTO `peccancy` VALUES ('2346', '鲁C50149', '1039', '2016-08-19 11:19:21', '北京路');
INSERT INTO `peccancy` VALUES ('2347', '鲁C50150', '1039', '2016-08-20 12:19:21', '重庆路');
INSERT INTO `peccancy` VALUES ('2348', '鲁C50151', '1039', '2016-08-21 13:19:21', '沈阳路');
INSERT INTO `peccancy` VALUES ('2349', '鲁C50152', '1039', '2016-08-22 14:19:21', '南京路');
INSERT INTO `peccancy` VALUES ('2350', '鲁C50153', '1039', '2016-08-23 15:19:21', '上海路');
INSERT INTO `peccancy` VALUES ('2351', '鲁C50154', '1039', '2016-08-24 16:19:21', '广州路');
INSERT INTO `peccancy` VALUES ('2352', '鲁C50155', '1039', '2016-08-25 02:19:21', '高速公路');
INSERT INTO `peccancy` VALUES ('2353', '鲁C50156', '1039', '2016-08-26 03:19:21', '北京路');
INSERT INTO `peccancy` VALUES ('2354', '鲁C50157', '1039', '2016-08-27 04:19:21', '重庆路');
INSERT INTO `peccancy` VALUES ('2355', '鲁C50158', '1039', '2016-08-28 05:19:21', '沈阳路');
INSERT INTO `peccancy` VALUES ('2356', '鲁C50143', '1039', '2016-08-29 06:19:21', '南京路');
INSERT INTO `peccancy` VALUES ('2357', '鲁C50144', '1039', '2016-08-30 07:19:21', '上海路');
INSERT INTO `peccancy` VALUES ('2358', '鲁C50145', '1039', '2016-08-31 08:19:21', '广州路');
INSERT INTO `peccancy` VALUES ('2359', '鲁C50146', '1039', '2016-09-01 09:19:21', '高速公路');
INSERT INTO `peccancy` VALUES ('2360', '鲁C50147', '1039', '2016-09-02 10:19:21', '北京路');
INSERT INTO `peccancy` VALUES ('2361', '鲁C50148', '1039', '2016-09-03 11:19:21', '重庆路');
INSERT INTO `peccancy` VALUES ('2362', '鲁C50149', '1039', '2016-09-04 12:19:21', '沈阳路');
INSERT INTO `peccancy` VALUES ('2363', '鲁C50150', '1039', '2016-09-05 13:19:21', '南京路');
INSERT INTO `peccancy` VALUES ('2364', '鲁C50151', '1039', '2016-09-06 14:19:21', '上海路');
INSERT INTO `peccancy` VALUES ('2365', '鲁C50152', '1039', '2016-09-07 15:19:21', '广州路');
INSERT INTO `peccancy` VALUES ('2366', '鲁C50153', '1039', '2016-09-08 16:19:21', '高速公路');
INSERT INTO `peccancy` VALUES ('2367', '鲁C50154', '1039', '2016-09-09 02:19:21', '北京路');
INSERT INTO `peccancy` VALUES ('2368', '鲁C50155', '1039', '2016-09-10 03:19:21', '重庆路');
INSERT INTO `peccancy` VALUES ('2369', '鲁C50156', '1039', '2016-09-11 04:19:21', '沈阳路');
INSERT INTO `peccancy` VALUES ('2370', '鲁C50157', '1039', '2016-09-12 05:19:21', '南京路');
INSERT INTO `peccancy` VALUES ('2371', '鲁C50158', '1039', '2016-09-13 06:19:21', '上海路');
INSERT INTO `peccancy` VALUES ('2372', '鲁C50143', '1039', '2016-09-14 07:19:21', '广州路');
INSERT INTO `peccancy` VALUES ('2373', '鲁C50144', '1039', '2016-09-15 08:19:21', '高速公路');
INSERT INTO `peccancy` VALUES ('2374', '鲁C50145', '1039', '2016-09-16 09:19:21', '北京路');
INSERT INTO `peccancy` VALUES ('2375', '鲁C50146', '1039', '2016-09-17 10:19:21', '重庆路');
INSERT INTO `peccancy` VALUES ('2376', '鲁C50147', '1039', '2016-09-18 11:19:21', '沈阳路');
INSERT INTO `peccancy` VALUES ('2377', '鲁C50148', '1039', '2016-09-19 12:19:21', '南京路');
INSERT INTO `peccancy` VALUES ('2378', '鲁C50149', '1039', '2016-09-20 13:19:21', '上海路');
INSERT INTO `peccancy` VALUES ('2379', '鲁C50150', '1039', '2016-09-21 14:19:21', '广州路');
INSERT INTO `peccancy` VALUES ('2380', '鲁C50151', '1039', '2016-09-22 15:19:21', '高速公路');
INSERT INTO `peccancy` VALUES ('2381', '鲁C50152', '1039', '2016-09-23 16:19:21', '北京路');
INSERT INTO `peccancy` VALUES ('2382', '鲁C50153', '1039', '2016-09-24 02:19:21', '重庆路');
INSERT INTO `peccancy` VALUES ('2383', '鲁C50154', '1039', '2016-09-25 03:19:21', '沈阳路');
INSERT INTO `peccancy` VALUES ('2384', '鲁C50155', '1039', '2016-09-26 04:19:21', '南京路');
INSERT INTO `peccancy` VALUES ('2385', '鲁C50156', '1039', '2016-09-27 05:19:21', '上海路');
INSERT INTO `peccancy` VALUES ('2386', '鲁C50157', '1039', '2016-09-28 06:19:21', '广州路');
INSERT INTO `peccancy` VALUES ('2387', '鲁C50158', '1039', '2016-09-29 07:19:21', '高速公路');
INSERT INTO `peccancy` VALUES ('2388', '鲁C50143', '1039', '2016-09-30 08:19:21', '北京路');
INSERT INTO `peccancy` VALUES ('2389', '鲁C50144', '1039', '2016-10-01 09:19:21', '重庆路');
INSERT INTO `peccancy` VALUES ('2390', '鲁C50145', '1039', '2016-10-02 10:19:21', '沈阳路');
INSERT INTO `peccancy` VALUES ('2391', '鲁C50146', '1039', '2016-10-03 11:19:21', '南京路');
INSERT INTO `peccancy` VALUES ('2392', '鲁C50147', '1039', '2016-10-04 12:19:21', '上海路');
INSERT INTO `peccancy` VALUES ('2393', '鲁C50148', '1039', '2016-10-05 13:19:21', '广州路');
INSERT INTO `peccancy` VALUES ('2394', '鲁C50129', '1039', '2016-10-06 14:19:21', '高速公路');
INSERT INTO `peccancy` VALUES ('2395', '鲁C50130', '1039', '2016-10-07 15:19:21', '北京路');
INSERT INTO `peccancy` VALUES ('2396', '鲁C50131', '1039', '2016-10-08 16:19:21', '重庆路');
INSERT INTO `peccancy` VALUES ('2397', '鲁C50132', '1039', '2016-10-09 02:19:21', '沈阳路');
INSERT INTO `peccancy` VALUES ('2398', '鲁C50133', '1039', '2016-10-10 03:19:21', '南京路');
INSERT INTO `peccancy` VALUES ('2399', '鲁C50151', '1039', '2016-10-11 04:19:21', '上海路');
INSERT INTO `peccancy` VALUES ('2400', '鲁C50152', '1039', '2016-10-12 05:19:21', '广州路');
INSERT INTO `peccancy` VALUES ('2401', '鲁C50153', '1039', '2016-10-13 06:19:21', '高速公路');
INSERT INTO `peccancy` VALUES ('2402', '鲁C50154', '1039', '2016-10-14 07:19:21', '北京路');
INSERT INTO `peccancy` VALUES ('2403', '鲁C50155', '1039', '2016-10-15 08:19:21', '重庆路');
INSERT INTO `peccancy` VALUES ('2404', '鲁C50156', '1039', '2016-10-16 09:19:21', '沈阳路');
INSERT INTO `peccancy` VALUES ('2405', '鲁C50157', '1039', '2016-10-17 10:19:21', '南京路');
INSERT INTO `peccancy` VALUES ('2406', '鲁C50158', '1039', '2016-10-18 11:19:21', '上海路');
INSERT INTO `peccancy` VALUES ('2407', '鲁C50143', '1039', '2016-10-19 12:19:21', '广州路');
INSERT INTO `peccancy` VALUES ('2408', '鲁C50144', '1039', '2016-10-20 13:19:21', '高速公路');
INSERT INTO `peccancy` VALUES ('2409', '鲁C50145', '1039', '2016-10-21 14:19:21', '北京路');
INSERT INTO `peccancy` VALUES ('2410', '鲁C50146', '1039', '2016-10-22 15:19:21', '重庆路');
INSERT INTO `peccancy` VALUES ('2411', '鲁C50147', '1039', '2016-10-23 16:19:21', '沈阳路');
INSERT INTO `peccancy` VALUES ('2412', '鲁C50148', '1039', '2016-10-24 02:19:21', '南京路');
INSERT INTO `peccancy` VALUES ('2413', '鲁C50149', '1039', '2016-10-25 03:19:21', '上海路');
INSERT INTO `peccancy` VALUES ('2414', '鲁C50150', '1039', '2016-10-26 04:19:21', '广州路');
INSERT INTO `peccancy` VALUES ('2415', '鲁C50151', '1039', '2016-10-27 05:19:21', '高速公路');
INSERT INTO `peccancy` VALUES ('2416', '鲁C50152', '1039', '2016-10-28 06:19:21', '北京路');
INSERT INTO `peccancy` VALUES ('2417', '鲁C50153', '1039', '2016-10-29 07:19:21', '重庆路');
INSERT INTO `peccancy` VALUES ('2418', '鲁C50154', '1039', '2016-10-30 08:19:21', '沈阳路');
INSERT INTO `peccancy` VALUES ('2419', '鲁C50155', '1039', '2016-10-31 09:19:21', '南京路');
INSERT INTO `peccancy` VALUES ('2420', '鲁C50156', '1039', '2016-11-01 10:19:21', '上海路');
INSERT INTO `peccancy` VALUES ('2421', '鲁C50157', '1039', '2016-11-02 11:19:21', '广州路');
INSERT INTO `peccancy` VALUES ('2422', '鲁C50158', '1039', '2016-11-03 12:19:21', '高速公路');
INSERT INTO `peccancy` VALUES ('2423', '鲁C50143', '1039', '2016-11-04 13:19:21', '北京路');
INSERT INTO `peccancy` VALUES ('2424', '鲁C50144', '1039', '2016-11-05 14:19:21', '重庆路');
INSERT INTO `peccancy` VALUES ('2425', '鲁C50145', '1039', '2016-11-06 15:19:21', '沈阳路');
INSERT INTO `peccancy` VALUES ('2426', '鲁C50146', '1039', '2016-11-07 16:19:21', '南京路');
INSERT INTO `peccancy` VALUES ('2427', '鲁C50147', '1039', '2016-11-08 02:19:21', '上海路');
INSERT INTO `peccancy` VALUES ('2428', '鲁C50148', '1039', '2016-11-09 03:19:21', '广州路');
INSERT INTO `peccancy` VALUES ('2429', '鲁C50149', '1039', '2016-11-10 04:19:21', '高速公路');
INSERT INTO `peccancy` VALUES ('2430', '鲁C50150', '1039', '2016-11-11 05:19:21', '北京路');
INSERT INTO `peccancy` VALUES ('2431', '鲁C50151', '1039', '2016-11-12 06:19:21', '重庆路');
INSERT INTO `peccancy` VALUES ('2432', '鲁C50152', '1039', '2016-11-13 07:19:21', '沈阳路');
INSERT INTO `peccancy` VALUES ('2433', '鲁C50153', '1039', '2016-11-14 08:19:21', '南京路');
INSERT INTO `peccancy` VALUES ('2434', '鲁C50154', '1039', '2016-11-15 09:19:21', '上海路');
INSERT INTO `peccancy` VALUES ('2435', '鲁C50155', '1039', '2016-11-16 10:19:21', '广州路');
INSERT INTO `peccancy` VALUES ('2436', '鲁C50156', '1039', '2016-11-17 11:19:21', '高速公路');
INSERT INTO `peccancy` VALUES ('2437', '鲁C50157', '1039', '2016-11-18 12:19:21', '北京路');
INSERT INTO `peccancy` VALUES ('2438', '鲁C50158', '1039', '2016-11-19 13:19:21', '重庆路');
INSERT INTO `peccancy` VALUES ('2439', '鲁C50143', '1039', '2016-11-20 14:19:21', '沈阳路');
INSERT INTO `peccancy` VALUES ('2440', '鲁C50144', '1039', '2016-11-21 15:19:21', '南京路');
INSERT INTO `peccancy` VALUES ('2441', '鲁C50145', '1039', '2016-11-22 16:19:21', '上海路');
INSERT INTO `peccancy` VALUES ('2442', '鲁C50146', '1039', '2016-11-23 02:19:21', '广州路');
INSERT INTO `peccancy` VALUES ('2443', '鲁C50147', '1039', '2016-11-24 03:19:21', '高速公路');
INSERT INTO `peccancy` VALUES ('2444', '鲁C50148', '1039', '2016-11-25 04:19:21', '北京路');
INSERT INTO `peccancy` VALUES ('2445', '鲁C50149', '1039', '2016-11-26 05:19:21', '重庆路');
INSERT INTO `peccancy` VALUES ('2446', '鲁C50150', '1039', '2016-11-27 06:19:21', '沈阳路');
INSERT INTO `peccancy` VALUES ('2447', '鲁C50151', '1039', '2016-11-28 07:19:21', '南京路');
INSERT INTO `peccancy` VALUES ('2448', '鲁C50152', '1039', '2016-11-29 08:19:21', '上海路');
INSERT INTO `peccancy` VALUES ('2449', '鲁C50153', '1039', '2016-11-30 09:19:21', '广州路');
INSERT INTO `peccancy` VALUES ('2450', '鲁C50154', '1039', '2016-12-01 10:19:21', '高速公路');
INSERT INTO `peccancy` VALUES ('2451', '鲁C50155', '1039', '2016-12-02 11:19:21', '北京路');
INSERT INTO `peccancy` VALUES ('2452', '鲁C50156', '1039', '2016-12-03 12:19:21', '重庆路');
INSERT INTO `peccancy` VALUES ('2453', '鲁C50157', '1039', '2016-12-04 13:19:21', '沈阳路');
INSERT INTO `peccancy` VALUES ('2454', '鲁C50158', '1039', '2016-12-05 14:19:21', '南京路');
INSERT INTO `peccancy` VALUES ('2455', '鲁C50143', '1039', '2016-12-06 15:19:21', '上海路');
INSERT INTO `peccancy` VALUES ('2456', '鲁C50144', '1039', '2016-12-07 16:19:21', '广州路');
INSERT INTO `peccancy` VALUES ('2457', '鲁C50145', '1039', '2016-12-08 02:19:21', '高速公路');
INSERT INTO `peccancy` VALUES ('2458', '鲁C50146', '1039', '2016-12-09 03:19:21', '北京路');
INSERT INTO `peccancy` VALUES ('2459', '鲁C50147', '1039', '2016-12-10 04:19:21', '重庆路');
INSERT INTO `peccancy` VALUES ('2460', '鲁C50148', '1039', '2016-12-11 05:19:21', '沈阳路');
INSERT INTO `peccancy` VALUES ('2461', '鲁C50149', '1039', '2016-05-21 06:19:21', '南京路');
INSERT INTO `peccancy` VALUES ('2462', '鲁C50150', '1039', '2016-05-22 07:19:21', '上海路');
INSERT INTO `peccancy` VALUES ('2463', '鲁C50151', '1039', '2016-05-23 08:19:21', '广州路');
INSERT INTO `peccancy` VALUES ('2464', '鲁C50152', '1039', '2016-05-24 09:19:21', '高速公路');
INSERT INTO `peccancy` VALUES ('2465', '鲁C50153', '1039', '2016-05-25 10:19:21', '北京路');
INSERT INTO `peccancy` VALUES ('2466', '鲁C50154', '1039', '2016-05-26 11:19:21', '重庆路');
INSERT INTO `peccancy` VALUES ('2467', '鲁C50155', '1039', '2016-05-27 12:19:21', '沈阳路');
INSERT INTO `peccancy` VALUES ('2468', '鲁C50156', '1039', '2016-05-28 13:19:21', '南京路');
INSERT INTO `peccancy` VALUES ('2469', '鲁C50157', '1039', '2016-05-29 14:19:21', '上海路');
INSERT INTO `peccancy` VALUES ('2470', '鲁C50158', '1039', '2016-05-30 15:19:21', '广州路');
INSERT INTO `peccancy` VALUES ('2471', '鲁C50143', '1039', '2016-05-31 16:19:21', '高速公路');
INSERT INTO `peccancy` VALUES ('2472', '鲁C50144', '1039', '2016-06-01 02:19:21', '北京路');
INSERT INTO `peccancy` VALUES ('2473', '鲁C50145', '1039', '2016-06-02 03:19:21', '重庆路');
INSERT INTO `peccancy` VALUES ('2474', '鲁C50146', '1039', '2016-06-03 04:19:21', '沈阳路');
INSERT INTO `peccancy` VALUES ('2475', '鲁C50147', '1039', '2016-06-04 05:19:21', '南京路');
INSERT INTO `peccancy` VALUES ('2476', '鲁C50148', '1039', '2016-06-05 06:19:21', '上海路');
INSERT INTO `peccancy` VALUES ('2477', '鲁C50129', '1039', '2016-06-06 07:19:21', '广州路');

-- ----------------------------
-- Table structure for `peccancytype`
-- ----------------------------
DROP TABLE IF EXISTS `peccancytype`;
CREATE TABLE `peccancytype` (
  `pcode` varchar(20) NOT NULL,
  `pmoney` int(11) DEFAULT NULL,
  `pscore` int(11) DEFAULT NULL,
  `premarks` varchar(100) DEFAULT NULL,
  PRIMARY KEY (`pcode`)
) ENGINE=InnoDB DEFAULT CHARSET=utf8;

-- ----------------------------
-- Records of peccancytype
-- ----------------------------
INSERT INTO `peccancytype` VALUES ('1001A　　', '1000', '0', 'A 驾驶拼装的非汽车类机动车上道路行驶的');
INSERT INTO `peccancytype` VALUES ('1001B　　', '1500', '0', 'B 驾驶拼装的汽车上道路行驶的');
INSERT INTO `peccancytype` VALUES ('1002A　　', '1000', '0', 'A 驾驶已达报废标准的非汽车类机动车上道路行驶的');
INSERT INTO `peccancytype` VALUES ('1002B　　', '1500', '0', 'B 驾驶已达报废标准的汽车上道路行驶的');
INSERT INTO `peccancytype` VALUES ('1005A　　', '1000', '0', 'A 未取得驾驶证驾驶非汽车类机动车的');
INSERT INTO `peccancytype` VALUES ('1005B　　', '1500', '0', 'B 未取得驾驶证驾驶汽车的');
INSERT INTO `peccancytype` VALUES ('1006A　　', '1000', '0', 'A 驾驶证被吊销期间驾驶非汽车类机动车的');
INSERT INTO `peccancytype` VALUES ('1006B　　', '1500', '0', 'B 驾驶证被吊销期间驾驶汽车的');
INSERT INTO `peccancytype` VALUES ('1007', '1500', '0', '把机动车交给未取得机动车驾驶证的人驾驶的');
INSERT INTO `peccancytype` VALUES ('1008', '1500', '0', '把机动车交给机动车驾驶证被吊销的人驾驶的');
INSERT INTO `peccancytype` VALUES ('1009', '1500', '0', '把机动车交给机动车驾驶证被暂扣的人驾驶的');
INSERT INTO `peccancytype` VALUES ('1010A　　', '1000', '0', 'A 驾驶人在驾驶证超过有效期仍驾驶非汽车类机动车的');
INSERT INTO `peccancytype` VALUES ('1010B 　', '1500', '0', 'B 驾驶人在驾驶证超过有效期仍驾驶汽车的');
INSERT INTO `peccancytype` VALUES ('1011', '1000', '0', '非法安装警报器的');
INSERT INTO `peccancytype` VALUES ('1012', '1000', '0', '非法安装标志灯具的');
INSERT INTO `peccancytype` VALUES ('1013', '200', '0', '驾驶证丢失期间仍驾驶机动车的');
INSERT INTO `peccancytype` VALUES ('1014', '200', '0', '驾驶证损毁期间仍驾驶机动车的');
INSERT INTO `peccancytype` VALUES ('1015', '200', '0', '驾驶证被依法扣留期间仍驾驶机动车的');
INSERT INTO `peccancytype` VALUES ('1016', '200', '0', '违法记分达到12分仍驾驶机动车的');
INSERT INTO `peccancytype` VALUES ('1017', '150', '0', '不按规定投保机动车第三者责任险的');
INSERT INTO `peccancytype` VALUES ('1018', '150', '0', '机动车不在机动车道内行驶的');
INSERT INTO `peccancytype` VALUES ('1019', '150', '0', '机动车违反规定使用专用车道的');
INSERT INTO `peccancytype` VALUES ('1020', '200', '0', '机动车驾驶人不服从交警指挥的');
INSERT INTO `peccancytype` VALUES ('1021', '200', '0', '遇前方机动车停车排队等候或者缓慢行驶时,从前方车辆两侧穿插行驶的');
INSERT INTO `peccancytype` VALUES ('1022', '200', '0', '遇前方机动车停车排队等候或者缓慢行驶时,从前方车辆两侧超越行驶的');
INSERT INTO `peccancytype` VALUES ('1023', '100', '0', '遇前方机动车停车排队等候或者缓慢行驶时,未依次交替驶入车道减少后的路口、路段的');
INSERT INTO `peccancytype` VALUES ('1024', '100', '0', '在没有交通信号灯、交通标志、交通标线或交警指挥的交叉路口遇到停车排队等候或者缓慢行驶时,机动车未依次交替通行的');
INSERT INTO `peccancytype` VALUES ('1025', '100', '0', '遇前方机动车停车排队等候或者缓慢行驶时,在人行横道、网状线区域内停车等候的');
INSERT INTO `peccancytype` VALUES ('1026', '50', '0', '行经铁路道口,不按规定通行的');
INSERT INTO `peccancytype` VALUES ('1027', '150', '0', '机动车载货长度、宽度、高度超过规定的');
INSERT INTO `peccancytype` VALUES ('1028', '150', '0', '机动车载物行驶时遗洒、飘散载运物的');
INSERT INTO `peccancytype` VALUES ('1029', '150', '0', '运载超限物品时不按规定的时间、路线、速度行驶的');
INSERT INTO `peccancytype` VALUES ('1030', '150', '0', '运载超限物品时未悬挂明显标志的');
INSERT INTO `peccancytype` VALUES ('1031', '200', '0', '运载危险物品未经批准的');
INSERT INTO `peccancytype` VALUES ('1032', '200', '0', '运载危险物品时不按规定的时间、路线、速度行驶的');
INSERT INTO `peccancytype` VALUES ('1033', '200', '0', '运载危险物品时未悬挂警示标志的');
INSERT INTO `peccancytype` VALUES ('1034', '200', '0', '运载危险物品时未采取必要的安全措施的');
INSERT INTO `peccancytype` VALUES ('1035', '100', '0', '载客汽车载货违反规定的');
INSERT INTO `peccancytype` VALUES ('1036', '100', '0', '货运机动车违反规定载人的');
INSERT INTO `peccancytype` VALUES ('1037', '200', '0', '未将故障车辆移到不妨碍交通的地方停放的');
INSERT INTO `peccancytype` VALUES ('1038', '50', '0', '不避让正在作业的道路养护车、工程作业车的');
INSERT INTO `peccancytype` VALUES ('1039', '200', '0', '机动车违反规定停放、临时停车,妨碍其它车辆、行人通行的');
INSERT INTO `peccancytype` VALUES ('1040', '100', '0', '机动车喷涂、粘贴标识或者车身广告影响安全驾驶的');
INSERT INTO `peccancytype` VALUES ('1041', '200', '0', '道路养护施工作业车辆、机械作业时未开启示警灯和危险报警闪光灯的');
INSERT INTO `peccancytype` VALUES ('1042', '200', '0', '机动车不按规定车道行驶的');
INSERT INTO `peccancytype` VALUES ('1043', '200', '0', '变更车道时影响正常行驶的机动车的');
INSERT INTO `peccancytype` VALUES ('1044', '200', '0', '在禁止掉头或者禁止左转弯标志、标线的地点掉头的');
INSERT INTO `peccancytype` VALUES ('1045', '200', '0', '在容易发生危险的路段掉头的');
INSERT INTO `peccancytype` VALUES ('1046', '200', '0', '掉头时妨碍正常行驶的车辆和行人通行的');
INSERT INTO `peccancytype` VALUES ('1047', '50', '0', '机动车未按规定鸣喇叭示意的');
INSERT INTO `peccancytype` VALUES ('1048', '150', '0', '在禁止鸣喇叭的区域或者路段鸣喇叭的');
INSERT INTO `peccancytype` VALUES ('1049', '50', '0', '在机动车驾驶室的前后窗范围内悬挂、放置妨碍驾驶人视线的物品的');
INSERT INTO `peccancytype` VALUES ('1050', '50', '0', '机动车行经漫水路或漫水桥时未低速通过的');
INSERT INTO `peccancytype` VALUES ('1051', '100', '0', '机动车载运超限物品行经铁路道口时不按指定的道口通过的');
INSERT INTO `peccancytype` VALUES ('1052', '100', '0', '机动车载运超限物品行经铁路道口时不按指定的时间通过的');
INSERT INTO `peccancytype` VALUES ('1053', '50', '0', '机动车行经渡口,不服从渡口管理人员指挥,不依次待渡的');
INSERT INTO `peccancytype` VALUES ('1054', '50', '0', '上下渡船时,不低速慢行的');
INSERT INTO `peccancytype` VALUES ('1055', '200', '0', '特种车辆违反规定使用警报器的');
INSERT INTO `peccancytype` VALUES ('1056', '200', '0', '特种车辆违反规定使用标志灯具的');
INSERT INTO `peccancytype` VALUES ('1057', '100', '0', '机动车在单位院内居民居住区内不低速行驶的');
INSERT INTO `peccancytype` VALUES ('1058', '100', '0', '机动车在单位院内居民居住区内不避让行人的');
INSERT INTO `peccancytype` VALUES ('1059', '150', '0', '驾驶摩托车手离车把的');
INSERT INTO `peccancytype` VALUES ('1060', '150', '0', '驾驶摩托车在车把上悬挂物品的');
INSERT INTO `peccancytype` VALUES ('1061', '150', '0', '拖拉机驶入大中城市中心城区内道路的');
INSERT INTO `peccancytype` VALUES ('1062', '150', '0', '拖拉机驶入高速公路、城市快速路或其它禁止通行道路的');
INSERT INTO `peccancytype` VALUES ('1063', '200', '0', '拖拉机违反规定载人的');
INSERT INTO `peccancytype` VALUES ('1064', '150', '0', '拖拉机牵引多辆挂车的');
INSERT INTO `peccancytype` VALUES ('1065', '100', '0', '学习驾驶人不按指定路线上道路学习驾驶的');
INSERT INTO `peccancytype` VALUES ('1066', '100', '0', '学习驾驶人不按指定时间上道路学习驾驶的');
INSERT INTO `peccancytype` VALUES ('1067', '100', '0', '学习驾驶人使用非教练车上道路驾驶的');
INSERT INTO `peccancytype` VALUES ('1068', '100', '0', '学习驾驶人在教练不随车指导下上道路驾驶车辆的');
INSERT INTO `peccancytype` VALUES ('1069', '100', '0', '使用教练车时有与教学无关的人员乘坐的');
INSERT INTO `peccancytype` VALUES ('1070', '200', '0', '实习期内未粘贴或悬挂实习标志的');
INSERT INTO `peccancytype` VALUES ('1071', '100', '0', '上道路行驶的机动车未放置检验合格标志的');
INSERT INTO `peccancytype` VALUES ('1072', '100', '0', '驾驶安全设施不全的机动车的');
INSERT INTO `peccancytype` VALUES ('1073', '100', '0', '驾驶机件不符合技术标准的机动车的');
INSERT INTO `peccancytype` VALUES ('1101', '200', '1', '驾驶人或者乘坐人员未按规定使用安全带的');
INSERT INTO `peccancytype` VALUES ('1102', '200', '1', '不按规定使用灯光的');
INSERT INTO `peccancytype` VALUES ('1103', '100', '1', '不按规定会车的');
INSERT INTO `peccancytype` VALUES ('1104', '100', '1', '不按规定倒车的');
INSERT INTO `peccancytype` VALUES ('1105', '100', '1', '摩托车后座乘坐不满十二周岁未成年人的');
INSERT INTO `peccancytype` VALUES ('1106', '100', '1', '驾驶轻便摩托车载人的');
INSERT INTO `peccancytype` VALUES ('1107', '50', '1', '在车门、车厢没有关好时行车的');
INSERT INTO `peccancytype` VALUES ('1108', '100', '1', '上道路行驶的机动车未放置保险标志的');
INSERT INTO `peccancytype` VALUES ('1109', '100', '1', '未随车携带行驶证的');
INSERT INTO `peccancytype` VALUES ('1110', '100', '1', '未随车携带驾驶证的');
INSERT INTO `peccancytype` VALUES ('1201', '200', '2', '机动车载物超过核定载质量未达30%的');
INSERT INTO `peccancytype` VALUES ('1202', '500', '2', '公路客运车辆载客超过核定载客人数未达20%的');
INSERT INTO `peccancytype` VALUES ('1203', '50', '2', '机动车在没有划分机动车道、非机动车道和人行道的道路上,不在道路中间通行的');
INSERT INTO `peccancytype` VALUES ('1204', '200', '2', '行经人行横道,未减速行驶的');
INSERT INTO `peccancytype` VALUES ('1205', '200', '2', '遇行人正在通过人行横道时未停车让行的');
INSERT INTO `peccancytype` VALUES ('1206', '200', '2', '行经没有交通信号的道路时,遇行人横过道路未避让的');
INSERT INTO `peccancytype` VALUES ('1207', '200', '2', '驾驶摩托车时驾驶人未按规定戴安全头盔的或者乘坐人员未按规定戴安全头盔的');
INSERT INTO `peccancytype` VALUES ('1208', '100', '2', '机动车通过有灯控路口时,不按所需行进方向驶入导向车道的');
INSERT INTO `peccancytype` VALUES ('1209', '100', '2', '左转弯时,未靠路口中心点左侧转弯的');
INSERT INTO `peccancytype` VALUES ('1210', '100', '0', '通过路口遇放行信号不依次通过的');
INSERT INTO `peccancytype` VALUES ('1212', '100', '2', '通过路口向右转弯遇同车道内有车等候放行信号时,不依次停车等候的');
INSERT INTO `peccancytype` VALUES ('1213', '200', '2', '牵引故障机动车时,被牵引的机动车除驾驶人外载人的');
INSERT INTO `peccancytype` VALUES ('1214', '100', '2', '牵引故障机动车时,被牵引的机动车拖带挂车的');
INSERT INTO `peccancytype` VALUES ('1215', '100', '2', '牵引故障机动车时,被牵引的机动车宽度大于牵引的机动车的');
INSERT INTO `peccancytype` VALUES ('1216', '100', '2', '使用软连接装置牵引故障机动车时,牵引车与被牵引车之间未保持安全距离的');
INSERT INTO `peccancytype` VALUES ('1217', '100', '2', '牵引制动失效的被牵引车,未使用硬连接牵引装置的');
INSERT INTO `peccancytype` VALUES ('1218', '100', '2', '使用汽车吊车牵引车辆的');
INSERT INTO `peccancytype` VALUES ('1219', '100', '2', '使用轮式专用机械牵引车辆的');
INSERT INTO `peccancytype` VALUES ('1220', '100', '2', '使用摩托车牵引车辆的');
INSERT INTO `peccancytype` VALUES ('1221', '100', '2', '牵引摩托车的');
INSERT INTO `peccancytype` VALUES ('1222', '100', '2', '未使用专用清障车拖曳转向或照明、信号装置失效的机动车的');
INSERT INTO `peccancytype` VALUES ('1223', '100', '2', '驾驶时拨打接听手持电话的');
INSERT INTO `peccancytype` VALUES ('1224', '100', '2', '驾驶时观看电视的');
INSERT INTO `peccancytype` VALUES ('1225', '100', '2', '驾车时有其他妨碍安全行车的行为的');
INSERT INTO `peccancytype` VALUES ('1226', '200', '2', '连续驾驶机动车超过4小时未停车休息或停车休息时间少于20分钟的');
INSERT INTO `peccancytype` VALUES ('1227', '200', '2', '在同车道行驶中,不按规定与前车保持必要的安全距离的');
INSERT INTO `peccancytype` VALUES ('1228', '100', '2', '路口遇有交通阻塞时未依次等候的');
INSERT INTO `peccancytype` VALUES ('1229', '200', '2', '机动车违反禁令标志指示的');
INSERT INTO `peccancytype` VALUES ('1230', '200', '2', '机动车违反禁止标线指示的');
INSERT INTO `peccancytype` VALUES ('1231', '50', '2', '机动车违反警告标志指示的');
INSERT INTO `peccancytype` VALUES ('1232', '50', '2', '机动车违反警告标线指示的');
INSERT INTO `peccancytype` VALUES ('1233', '200', '2', '实习期内驾驶公共汽车的');
INSERT INTO `peccancytype` VALUES ('1234', '200', '2', '实习期内驾驶营运客车的');
INSERT INTO `peccancytype` VALUES ('1235', '200', '2', '实习期内驾驶执行任务的特种车辆的');
INSERT INTO `peccancytype` VALUES ('1236', '200', '2', '实习期内驾驶载有危险物品的机动车的');
INSERT INTO `peccancytype` VALUES ('1237', '200', '2', '实习期内驾驶的机动车牵引挂车的');
INSERT INTO `peccancytype` VALUES ('1238', '200', '2', '机动车载人超过核定人数的');
INSERT INTO `peccancytype` VALUES ('1301', '200', '3', '机动车逆向行驶的');
INSERT INTO `peccancytype` VALUES ('1303', '150', '3', '机动车行驶超过规定时速50%以下的');
INSERT INTO `peccancytype` VALUES ('1304', '200', '3', '从前车右侧超车的');
INSERT INTO `peccancytype` VALUES ('1305', '200', '3', '前车左转弯时超车的');
INSERT INTO `peccancytype` VALUES ('1306', '200', '3', '前车掉头时超车的');
INSERT INTO `peccancytype` VALUES ('1307', '200', '3', '前车超车时超车的');
INSERT INTO `peccancytype` VALUES ('1308', '200', '3', '与对面来车有会车可能时超车的');
INSERT INTO `peccancytype` VALUES ('1309', '200', '3', '超越执行紧急任务的警车、消防车、救护车、工程救险车的');
INSERT INTO `peccancytype` VALUES ('1310', '200', '3', '在铁路道口、路口、窄桥、弯道、陡坡、隧道、人行横道、交通流量大的路段等地点超车的');
INSERT INTO `peccancytype` VALUES ('1311', '200', '3', '车辆在道路上发生故障或事故后,妨碍交通又难以移动的,不按规定设置警告标志或未按规定使用警示灯光的');
INSERT INTO `peccancytype` VALUES ('1312', '100', '3', '准备进入环形路口不让已在路口内的机动车先行的');
INSERT INTO `peccancytype` VALUES ('1313', '100', '3', '转弯的机动车未让直行的车辆、行人先行的');
INSERT INTO `peccancytype` VALUES ('1314', '100', '3', '相对方向行驶的右转弯机动车不让左转弯车辆先行的');
INSERT INTO `peccancytype` VALUES ('1315', '100', '3', '机动车通过无灯控或交警指挥的路口,不按交通标志、标线指示让优先通行的一方先行的');
INSERT INTO `peccancytype` VALUES ('1316', '100', '3', '机动车通过无灯控、交警指挥、交通标志标线控制的路口,不让右方道路的来车先行的');
INSERT INTO `peccancytype` VALUES ('1317', '150', '3', '载货汽车牵引多辆挂车的');
INSERT INTO `peccancytype` VALUES ('1318', '150', '3', '半挂牵引车牵引多辆挂车的');
INSERT INTO `peccancytype` VALUES ('1319', '150', '3', '挂车的灯光信号、制动、连接、安全防护等装置不符合国家标准的');
INSERT INTO `peccancytype` VALUES ('1320', '150', '3', '小型载客汽车牵引旅居挂车以外的且总质量700千克以上挂车的');
INSERT INTO `peccancytype` VALUES ('1321', '150', '3', '挂车载人的');
INSERT INTO `peccancytype` VALUES ('1322', '150', '3', '载货汽车牵引挂车的载质量超过汽车本身的载质量的');
INSERT INTO `peccancytype` VALUES ('1323', '150', '3', '型载客汽车牵引挂车的');
INSERT INTO `peccancytype` VALUES ('1324', '150', '3', '中型载客汽车牵引挂车的');
INSERT INTO `peccancytype` VALUES ('1325', '150', '3', '低速载货汽车牵引挂车的');
INSERT INTO `peccancytype` VALUES ('1326', '150', '3', '三轮机动车汽车牵引挂车的');
INSERT INTO `peccancytype` VALUES ('1327', '200', '3', '机动车在发生故障或事故后,不按规定使用灯光的');
INSERT INTO `peccancytype` VALUES ('1328', '200', '3', '驾驶机动车下陡坡时熄火、空档滑行的');
INSERT INTO `peccancytype` VALUES ('1329', '200', '3', '故意遮挡机动车号牌的');
INSERT INTO `peccancytype` VALUES ('1330', '200', '3', '故意污损机动车号牌的');
INSERT INTO `peccancytype` VALUES ('1331', '200', '3', '不按规定安装机动车号牌的');
INSERT INTO `peccancytype` VALUES ('1332', '100', '3', '上道路行驶的机动车未悬挂机动车号牌的');
INSERT INTO `peccancytype` VALUES ('1333', '200', '3', '不避让执行任务的特种车辆的');
INSERT INTO `peccancytype` VALUES ('1334', '150', '3', '机动车不避让盲人的');
INSERT INTO `peccancytype` VALUES ('1339', '200', '3', '运输剧毒化学品机动车超过规定时速50%以下的');
INSERT INTO `peccancytype` VALUES ('1601A 　', '1000', '6', '公路客运车辆载客,超过额定乘员20%以上不足50%的');
INSERT INTO `peccancytype` VALUES ('1601B　　', '1500', '6', '公路客运车辆载客超过额定乘员50%以上不足100%');
INSERT INTO `peccancytype` VALUES ('1601C 　', '2000', '6', '公路客运车辆载客超过额定乘员100%以上的');
INSERT INTO `peccancytype` VALUES ('1602A　　', '1000', '6', '机动车载物超过核定载质量30%以上不足100%的');
INSERT INTO `peccancytype` VALUES ('1602B 　', '2000', '6', '机动车载物超过核定载质量100%以上的');
INSERT INTO `peccancytype` VALUES ('1603A 　', '1000', '6', '机动车行驶超过规定时速50%以上不足100%的');
INSERT INTO `peccancytype` VALUES ('1603B 　', '2000', '6', '机动车行驶超过规定时速100%以上');
INSERT INTO `peccancytype` VALUES ('1604', '300', '6', '饮酒后驾驶机动车的');
INSERT INTO `peccancytype` VALUES ('1605', '500', '6', '饮酒后驾驶营运机动车的');
INSERT INTO `peccancytype` VALUES ('1606', '1000', '6', '公路客运车辆违反规定载货的');
INSERT INTO `peccancytype` VALUES ('1607A 　', '500', '6', '货运机动车违反规定载客3人以下的');
INSERT INTO `peccancytype` VALUES ('1607B　　', '1500', '6', '货运机动车违反规定载客3人以上的');
INSERT INTO `peccancytype` VALUES ('1609', '2000', '6', '运输剧毒化学品机动车超过规定时速50%以上的');
INSERT INTO `peccancytype` VALUES ('1701', '200', '12', '使用他人机动车驾驶证驾驶机动车的');
INSERT INTO `peccancytype` VALUES ('1702', '1500', '12', '醉酒后驾驶机动车的');
INSERT INTO `peccancytype` VALUES ('1703', '2000', '12', '醉酒后驾驶营运机动车的');
INSERT INTO `peccancytype` VALUES ('1704A　　', '1000', '12', 'A在驾驶证暂扣期间仍驾驶非汽车类机动车的');
INSERT INTO `peccancytype` VALUES ('1704B　　', '1500', '12', 'B在驾驶证暂扣期间仍驾驶汽车的');
INSERT INTO `peccancytype` VALUES ('1705', '2000', '12', '造成交通事故后逃逸,尚不构成犯罪');
INSERT INTO `peccancytype` VALUES ('1706', '2000', '12', '违反交通管制规定强行通行,不听劝阻的');
INSERT INTO `peccancytype` VALUES ('1709A　　', '1000', '12', '驾驶与驾驶证载明的准驾车型不相符合的车辆的 A驾驶非汽车类');
INSERT INTO `peccancytype` VALUES ('1709B　　', '1500', '12', '驾驶与驾驶证载明的准驾车型不相符合的车辆的 B驾驶汽车类');

-- ----------------------------
-- Table structure for `road`
-- ----------------------------
DROP TABLE IF EXISTS `road`;
CREATE TABLE `road` (
  `number` int(11) NOT NULL,
  `roadname` varchar(50) DEFAULT NULL,
  `F3` varchar(50) DEFAULT NULL,
  `F4` varchar(50) DEFAULT NULL,
  `F5` varchar(50) DEFAULT NULL,
  PRIMARY KEY (`number`)
) ENGINE=InnoDB DEFAULT CHARSET=utf8;

-- ----------------------------
-- Records of road
-- ----------------------------
INSERT INTO `road` VALUES ('1', '北京路', null, null, null);
INSERT INTO `road` VALUES ('2', '重庆路', null, null, null);
INSERT INTO `road` VALUES ('3', '沈阳路', null, null, null);
INSERT INTO `road` VALUES ('4', '南京路', null, null, null);
INSERT INTO `road` VALUES ('5', '上海路', null, null, null);
INSERT INTO `road` VALUES ('6', '广州路', null, null, null);
INSERT INTO `road` VALUES ('7', '高速公路', null, null, null);

-- ----------------------------
-- Table structure for `sbusinfo`
-- ----------------------------
DROP TABLE IF EXISTS `sbusinfo`;
CREATE TABLE `sbusinfo` (
  `busid` int(2) NOT NULL,
  `buscapacity` int(3) NOT NULL,
  PRIMARY KEY (`busid`)
) ENGINE=InnoDB DEFAULT CHARSET=latin1;

-- ----------------------------
-- Records of sbusinfo
-- ----------------------------
INSERT INTO `sbusinfo` VALUES ('1', '10');
INSERT INTO `sbusinfo` VALUES ('2', '15');
INSERT INTO `sbusinfo` VALUES ('3', '24');
INSERT INTO `sbusinfo` VALUES ('4', '42');
INSERT INTO `sbusinfo` VALUES ('5', '50');
INSERT INTO `sbusinfo` VALUES ('6', '27');
INSERT INTO `sbusinfo` VALUES ('7', '32');
INSERT INTO `sbusinfo` VALUES ('8', '33');
INSERT INTO `sbusinfo` VALUES ('9', '55');
INSERT INTO `sbusinfo` VALUES ('10', '80');
INSERT INTO `sbusinfo` VALUES ('11', '66');
INSERT INTO `sbusinfo` VALUES ('12', '72');
INSERT INTO `sbusinfo` VALUES ('13', '56');
INSERT INTO `sbusinfo` VALUES ('14', '36');
INSERT INTO `sbusinfo` VALUES ('15', '60');

-- ----------------------------
-- Table structure for `sbusstation`
-- ----------------------------
DROP TABLE IF EXISTS `sbusstation`;
CREATE TABLE `sbusstation` (
  `busstationid` int(2) DEFAULT NULL COMMENT '不是主键',
  `distance` int(11) DEFAULT NULL,
  `busid` int(2) DEFAULT NULL
) ENGINE=InnoDB DEFAULT CHARSET=latin1;

-- ----------------------------
-- Records of sbusstation
-- ----------------------------
INSERT INTO `sbusstation` VALUES ('1', '5000', '1');
INSERT INTO `sbusstation` VALUES ('1', '5000', '1');
INSERT INTO `sbusstation` VALUES ('1', '5000', '1');
INSERT INTO `sbusstation` VALUES ('2', '7784', '1');
INSERT INTO `sbusstation` VALUES ('2', '7784', '1');
INSERT INTO `sbusstation` VALUES ('2', '7784', '1');
INSERT INTO `sbusstation` VALUES ('3', '7831', '1');
INSERT INTO `sbusstation` VALUES ('3', '7831', '1');
INSERT INTO `sbusstation` VALUES ('3', '7831', '1');
INSERT INTO `sbusstation` VALUES ('3', '2156', '4');

-- ----------------------------
-- Table structure for `scarblacklist`
-- ----------------------------
DROP TABLE IF EXISTS `scarblacklist`;
CREATE TABLE `scarblacklist` (
  `cbid` int(11) NOT NULL AUTO_INCREMENT,
  `carid` int(11) DEFAULT NULL,
  `datetime` datetime DEFAULT NULL COMMENT '黑名单记录时间',
  `username` varchar(20) DEFAULT NULL,
  PRIMARY KEY (`cbid`)
) ENGINE=InnoDB AUTO_INCREMENT=17 DEFAULT CHARSET=latin1;

-- ----------------------------
-- Records of scarblacklist
-- ----------------------------
INSERT INTO `scarblacklist` VALUES ('7', '1', '2017-03-22 01:44:21', 'user1');
INSERT INTO `scarblacklist` VALUES ('8', '2', '2017-03-22 01:44:21', 'user1');
INSERT INTO `scarblacklist` VALUES ('9', '1', '2017-02-16 01:44:21', 'user2');
INSERT INTO `scarblacklist` VALUES ('10', '2', '2017-02-24 01:44:21', 'user2');
INSERT INTO `scarblacklist` VALUES ('11', '1', '2017-02-21 01:44:21', 'user3');
INSERT INTO `scarblacklist` VALUES ('12', '2', '2017-02-21 01:44:21', 'user3');
INSERT INTO `scarblacklist` VALUES ('15', '1', '2016-02-21 01:44:21', 'user4');
INSERT INTO `scarblacklist` VALUES ('16', '2', '2016-02-21 01:44:21', 'user4');

-- ----------------------------
-- Table structure for `scarcharge`
-- ----------------------------
DROP TABLE IF EXISTS `scarcharge`;
CREATE TABLE `scarcharge` (
  `ccid` int(11) NOT NULL AUTO_INCREMENT,
  `money` int(11) DEFAULT NULL,
  `chargetime` datetime DEFAULT NULL,
  `carid` int(11) DEFAULT NULL,
  PRIMARY KEY (`ccid`),
  KEY `FKktns4rrkbxa9via0ex7avmg0k` (`carid`),
  CONSTRAINT `FKktns4rrkbxa9via0ex7avmg0k` FOREIGN KEY (`carid`) REFERENCES `scarinfo` (`carid`),
  CONSTRAINT `scarcharge_ibfk_1` FOREIGN KEY (`carid`) REFERENCES `scarinfo` (`carid`)
) ENGINE=InnoDB AUTO_INCREMENT=9 DEFAULT CHARSET=latin1;

-- ----------------------------
-- Records of scarcharge
-- ----------------------------
INSERT INTO `scarcharge` VALUES ('1', '1', '2017-11-17 10:36:04', '2');
INSERT INTO `scarcharge` VALUES ('2', '2', '2017-11-17 10:36:11', '2');
INSERT INTO `scarcharge` VALUES ('3', '3', '2017-11-17 10:36:14', '2');
INSERT INTO `scarcharge` VALUES ('4', '4', '2017-11-17 10:36:21', '2');
INSERT INTO `scarcharge` VALUES ('5', '10', '2017-11-26 16:58:11', '1');
INSERT INTO `scarcharge` VALUES ('6', '20', '2017-11-26 16:58:19', '1');
INSERT INTO `scarcharge` VALUES ('7', '30', '2017-11-26 16:58:24', '1');
INSERT INTO `scarcharge` VALUES ('8', '40', '2017-11-26 16:58:28', '1');

-- ----------------------------
-- Table structure for `scarfee`
-- ----------------------------
DROP TABLE IF EXISTS `scarfee`;
CREATE TABLE `scarfee` (
  `cfid` int(11) NOT NULL AUTO_INCREMENT,
  `carid` int(11) DEFAULT NULL,
  `feetime` datetime DEFAULT NULL,
  `money` int(10) DEFAULT NULL,
  PRIMARY KEY (`cfid`),
  KEY `FKd0si4bm80cstqakw6954ppnch` (`carid`),
  CONSTRAINT `FKd0si4bm80cstqakw6954ppnch` FOREIGN KEY (`carid`) REFERENCES `scarinfo` (`carid`)
) ENGINE=InnoDB AUTO_INCREMENT=7 DEFAULT CHARSET=latin1;

-- ----------------------------
-- Records of scarfee
-- ----------------------------
INSERT INTO `scarfee` VALUES ('1', '1', '2017-11-26 17:03:48', '1');
INSERT INTO `scarfee` VALUES ('2', '1', '2017-11-26 17:03:53', '2');
INSERT INTO `scarfee` VALUES ('3', '1', '2017-11-26 17:03:58', '3');
INSERT INTO `scarfee` VALUES ('4', '1', '2017-11-26 17:04:02', '4');
INSERT INTO `scarfee` VALUES ('5', '1', '2017-11-26 18:52:00', '10');
INSERT INTO `scarfee` VALUES ('6', '2', '2017-11-26 18:52:00', '10');

-- ----------------------------
-- Table structure for `scarinfo`
-- ----------------------------
DROP TABLE IF EXISTS `scarinfo`;
CREATE TABLE `scarinfo` (
  `carid` int(11) NOT NULL,
  `caraction` varchar(20) DEFAULT NULL COMMENT 'Start|Stop',
  `balance` int(8) DEFAULT NULL,
  PRIMARY KEY (`carid`)
) ENGINE=InnoDB DEFAULT CHARSET=latin1;

-- ----------------------------
-- Records of scarinfo
-- ----------------------------
INSERT INTO `scarinfo` VALUES ('1', 'Start', '80');
INSERT INTO `scarinfo` VALUES ('2', 'Stop', '0');
INSERT INTO `scarinfo` VALUES ('3', 'Stop', '0');
INSERT INTO `scarinfo` VALUES ('4', 'Stop', '0');
INSERT INTO `scarinfo` VALUES ('5', 'Stop', '0');
INSERT INTO `scarinfo` VALUES ('6', 'Stop', '0');
INSERT INTO `scarinfo` VALUES ('7', 'Stop', '0');
INSERT INTO `scarinfo` VALUES ('8', 'Stop', '0');
INSERT INTO `scarinfo` VALUES ('9', 'Stop', '0');
INSERT INTO `scarinfo` VALUES ('10', 'Stop', '0');
INSERT INTO `scarinfo` VALUES ('11', 'Stop', '0');
INSERT INTO `scarinfo` VALUES ('12', 'Stop', '0');
INSERT INTO `scarinfo` VALUES ('13', 'Stop', '0');
INSERT INTO `scarinfo` VALUES ('14', 'Stop', '0');
INSERT INTO `scarinfo` VALUES ('15', 'Stop', '0');

-- ----------------------------
-- Table structure for `setctralog`
-- ----------------------------
DROP TABLE IF EXISTS `setctralog`;
CREATE TABLE `setctralog` (
  `etlid` int(11) NOT NULL AUTO_INCREMENT,
  `carid` int(11) DEFAULT NULL,
  `intime` datetime DEFAULT NULL,
  `outtime` datetime DEFAULT NULL,
  `money` int(11) DEFAULT NULL,
  PRIMARY KEY (`etlid`)
) ENGINE=InnoDB AUTO_INCREMENT=6 DEFAULT CHARSET=latin1;

-- ----------------------------
-- Records of setctralog
-- ----------------------------
INSERT INTO `setctralog` VALUES ('1', '1', '2017-11-28 10:25:16', '2017-11-24 10:25:38', '10');
INSERT INTO `setctralog` VALUES ('2', '2', '2017-11-24 10:26:01', '2017-11-24 10:26:14', '10');
INSERT INTO `setctralog` VALUES ('3', '3', '2017-11-24 10:26:55', '2017-11-24 10:27:18', '20');
INSERT INTO `setctralog` VALUES ('4', '2', '2017-11-26 10:27:55', '2017-11-24 10:28:29', '30');
INSERT INTO `setctralog` VALUES ('5', '4', '2017-11-24 10:28:43', '2017-11-24 10:29:30', '40');

-- ----------------------------
-- Table structure for `smonthtemperature`
-- ----------------------------
DROP TABLE IF EXISTS `smonthtemperature`;
CREATE TABLE `smonthtemperature` (
  `month` int(11) NOT NULL COMMENT '月份',
  `mint` int(2) DEFAULT NULL COMMENT '最低温度',
  `maxt` int(2) DEFAULT NULL COMMENT '最高温度',
  PRIMARY KEY (`month`)
) ENGINE=InnoDB DEFAULT CHARSET=latin1;

-- ----------------------------
-- Records of smonthtemperature
-- ----------------------------
INSERT INTO `smonthtemperature` VALUES ('1', '-15', '-10');
INSERT INTO `smonthtemperature` VALUES ('2', '-12', '-5');
INSERT INTO `smonthtemperature` VALUES ('3', '-6', '6');
INSERT INTO `smonthtemperature` VALUES ('4', '0', '12');
INSERT INTO `smonthtemperature` VALUES ('5', '10', '20');
INSERT INTO `smonthtemperature` VALUES ('6', '18', '30');
INSERT INTO `smonthtemperature` VALUES ('7', '22', '32');
INSERT INTO `smonthtemperature` VALUES ('8', '25', '33');
INSERT INTO `smonthtemperature` VALUES ('9', '22', '28');
INSERT INTO `smonthtemperature` VALUES ('10', '15', '24');
INSERT INTO `smonthtemperature` VALUES ('11', '-6', '14');
INSERT INTO `smonthtemperature` VALUES ('12', '-16', '-2');

-- ----------------------------
-- Table structure for `sothersingle`
-- ----------------------------
DROP TABLE IF EXISTS `sothersingle`;
CREATE TABLE `sothersingle` (
  `name` varchar(20) NOT NULL,
  `value` varchar(20) DEFAULT NULL,
  `descr` varchar(100) DEFAULT NULL,
  PRIMARY KEY (`name`)
) ENGINE=InnoDB DEFAULT CHARSET=latin1;

-- ----------------------------
-- Records of sothersingle
-- ----------------------------
INSERT INTO `sothersingle` VALUES ('ControlMode', 'Manual', null);
INSERT INTO `sothersingle` VALUES ('Down', '101', null);
INSERT INTO `sothersingle` VALUES ('FeeRate', '10', null);
INSERT INTO `sothersingle` VALUES ('Up', '505', null);

-- ----------------------------
-- Table structure for `sparam`
-- ----------------------------
DROP TABLE IF EXISTS `sparam`;
CREATE TABLE `sparam` (
  `name` varchar(50) DEFAULT NULL,
  `val` varchar(50) DEFAULT NULL,
  `descr` varchar(50) DEFAULT NULL
) ENGINE=InnoDB DEFAULT CHARSET=latin1;

-- ----------------------------
-- Records of sparam
-- ----------------------------
INSERT INTO `sparam` VALUES ('sand_ip', '192.168.0.112', null);
INSERT INTO `sparam` VALUES ('sand_port', '8890', null);

-- ----------------------------
-- Table structure for `sroad`
-- ----------------------------
DROP TABLE IF EXISTS `sroad`;
CREATE TABLE `sroad` (
  `roadid` int(2) NOT NULL,
  `status` int(1) DEFAULT NULL,
  PRIMARY KEY (`roadid`)
) ENGINE=InnoDB DEFAULT CHARSET=latin1;

-- ----------------------------
-- Records of sroad
-- ----------------------------
INSERT INTO `sroad` VALUES ('1', '1');
INSERT INTO `sroad` VALUES ('2', '2');
INSERT INTO `sroad` VALUES ('3', '3');
INSERT INTO `sroad` VALUES ('4', '4');
INSERT INTO `sroad` VALUES ('5', '5');
INSERT INTO `sroad` VALUES ('6', '1');
INSERT INTO `sroad` VALUES ('7', '2');
INSERT INTO `sroad` VALUES ('8', '3');
INSERT INTO `sroad` VALUES ('9', '4');
INSERT INTO `sroad` VALUES ('10', '5');
INSERT INTO `sroad` VALUES ('11', '3');
INSERT INTO `sroad` VALUES ('12', '5');

-- ----------------------------
-- Table structure for `sroadlight`
-- ----------------------------
DROP TABLE IF EXISTS `sroadlight`;
CREATE TABLE `sroadlight` (
  `roadlightid` int(2) NOT NULL,
  `status` varchar(5) DEFAULT NULL,
  `controlmode` varchar(10) DEFAULT NULL,
  PRIMARY KEY (`roadlightid`)
) ENGINE=InnoDB DEFAULT CHARSET=latin1;

-- ----------------------------
-- Records of sroadlight
-- ----------------------------
INSERT INTO `sroadlight` VALUES ('1', 'Close', 'Auto');
INSERT INTO `sroadlight` VALUES ('2', 'Close', 'Auto');
INSERT INTO `sroadlight` VALUES ('3', 'Open', 'Manual');

-- ----------------------------
-- Table structure for `srole`
-- ----------------------------
DROP TABLE IF EXISTS `srole`;
CREATE TABLE `srole` (
  `role` varchar(20) CHARACTER SET latin1 NOT NULL,
  `rolename` varchar(20) CHARACTER SET latin1 DEFAULT NULL,
  PRIMARY KEY (`role`)
) ENGINE=InnoDB DEFAULT CHARSET=utf8;

-- ----------------------------
-- Records of srole
-- ----------------------------
INSERT INTO `srole` VALUES ('admin', null);
INSERT INTO `srole` VALUES ('adv_user', null);
INSERT INTO `srole` VALUES ('nor_user', null);

-- ----------------------------
-- Table structure for `stralight`
-- ----------------------------
DROP TABLE IF EXISTS `stralight`;
CREATE TABLE `stralight` (
  `trafficlightid` int(2) NOT NULL,
  `status` varchar(6) DEFAULT NULL COMMENT 'red|green|yellow',
  `redtime` int(2) DEFAULT NULL,
  `greentime` int(2) DEFAULT NULL,
  `yellowtime` int(1) DEFAULT NULL,
  `time` int(2) DEFAULT NULL,
  PRIMARY KEY (`trafficlightid`)
) ENGINE=InnoDB DEFAULT CHARSET=latin1;

-- ----------------------------
-- Records of stralight
-- ----------------------------
INSERT INTO `stralight` VALUES ('1', 'Green', '4', '8', '5', '12');
INSERT INTO `stralight` VALUES ('2', 'Yellow', '25', '55', '5', '0');
INSERT INTO `stralight` VALUES ('3', 'Green', '40', '40', '5', '0');
INSERT INTO `stralight` VALUES ('4', 'Red', '35', '30', '3', '0');
INSERT INTO `stralight` VALUES ('5', 'Green', '35', '45', '4', '0');
INSERT INTO `stralight` VALUES ('6', 'Yellow', '45', '35', '5', '0');
INSERT INTO `stralight` VALUES ('7', 'Green', '25', '25', '3', '0');

-- ----------------------------
-- Table structure for `suser`
-- ----------------------------
DROP TABLE IF EXISTS `suser`;
CREATE TABLE `suser` (
  `username` varchar(20) NOT NULL,
  `password` varchar(20) NOT NULL,
  `pname` varchar(20) NOT NULL,
  `pcardid` varchar(20) NOT NULL,
  `psex` varchar(20) NOT NULL,
  `ptel` varchar(20) NOT NULL,
  `pregisterdate` datetime DEFAULT NULL,
  `role` varchar(20) DEFAULT NULL,
  `email` varchar(50) DEFAULT NULL,
  PRIMARY KEY (`username`)
) ENGINE=InnoDB DEFAULT CHARSET=utf8;

-- ----------------------------
-- Records of suser
-- ----------------------------
INSERT INTO `suser` VALUES ('admin', 'admin', 'admin', 'admin', '男', 'admin', '2017-05-26 14:48:06', 'admin', null);
INSERT INTO `suser` VALUES ('user1', '123456', '王生安', '370101196101011001', '男', '13804110001', '1990-05-21 14:19:21', 'adv_user', null);
INSERT INTO `suser` VALUES ('user10', '123456', '张昧谡', '370203196110101010', '男', '13804110010', '1990-05-30 14:19:21', 'nor_user', null);
INSERT INTO `suser` VALUES ('user100', '123456', '吴少晓', '370285198104161100', '男', '13804110100', '1990-08-28 14:19:21', 'nor_user', null);
INSERT INTO `suser` VALUES ('user101', '123456', '廖湖花', '370101198205171101', '男', '13804110101', '1990-08-29 14:19:21', 'nor_user', null);
INSERT INTO `suser` VALUES ('user102', '123456', '章苑虹', '370102198306181102', '女', '13804110102', '1990-08-30 14:19:21', 'nor_user', null);
INSERT INTO `suser` VALUES ('user103', '123456', '汤瑄意', '370103198407191103', '男', '13804110103', '1990-08-31 14:19:21', 'nor_user', null);
INSERT INTO `suser` VALUES ('user104', '123456', '曾琼方', '370104198508201104', '男', '13804110104', '1990-09-01 14:19:21', 'nor_user', null);
INSERT INTO `suser` VALUES ('user105', '123456', '胡馨真', '370105198609211105', '女', '13804110105', '1990-09-02 14:19:21', 'nor_user', null);
INSERT INTO `suser` VALUES ('user106', '123456', '杨邦游', '370112198710221106', '男', '13804110106', '1990-09-03 14:19:21', 'nor_user', null);
INSERT INTO `suser` VALUES ('user107', '123456', '卫淮玄', '370123198811231107', '男', '13804110107', '1990-09-04 14:19:21', 'nor_user', null);
INSERT INTO `suser` VALUES ('user108', '123456', '王研建', '370201198912241108', '女', '13804110108', '1990-09-05 14:19:21', 'nor_user', null);
INSERT INTO `suser` VALUES ('user109', '123456', '杨镜祯', '370202198101251109', '男', '13804110109', '1990-09-06 14:19:21', 'nor_user', null);
INSERT INTO `suser` VALUES ('user11', '123456', '岑弥勳', '370205196211111011', '男', '13804110011', '1990-05-31 14:19:21', 'nor_user', null);
INSERT INTO `suser` VALUES ('user110', '123456', '秦龄颢', '370203198202261110', '男', '13804110110', '1990-09-07 14:19:21', 'nor_user', null);
INSERT INTO `suser` VALUES ('user111', '123456', '蒲稳雄', '370205198303271111', '女', '13804110111', '1990-09-08 14:19:21', 'nor_user', null);
INSERT INTO `suser` VALUES ('user112', '123456', '刘铎牧', '370211198404281112', '男', '13804110112', '1990-09-09 14:19:21', 'nor_user', null);
INSERT INTO `suser` VALUES ('user113', '123456', '元负祎', '370212198505011113', '男', '13804110113', '1990-09-10 14:19:21', 'nor_user', null);
INSERT INTO `suser` VALUES ('user114', '123456', '陈之万', '370213198606021114', '女', '13804110114', '1990-09-11 14:19:21', 'nor_user', null);
INSERT INTO `suser` VALUES ('user115', '123456', '李草革', '370214198707031115', '男', '13804110115', '1990-09-12 14:19:21', 'nor_user', null);
INSERT INTO `suser` VALUES ('user116', '123456', '孔笛渝', '370281198808041116', '男', '13804110116', '1990-09-13 14:19:21', 'nor_user', null);
INSERT INTO `suser` VALUES ('user117', '123456', '俞荔洋', '370282198909051117', '女', '13804110117', '1990-09-14 14:19:21', 'nor_user', null);
INSERT INTO `suser` VALUES ('user118', '123456', '童好钧', '370283198110061118', '男', '13804110118', '1990-09-15 14:19:21', 'nor_user', null);
INSERT INTO `suser` VALUES ('user119', '123456', '苏遥研', '370284198211071119', '男', '13804110119', '1990-09-16 14:19:21', 'nor_user', null);
INSERT INTO `suser` VALUES ('user12', '123456', '宁古薄', '370211196312121012', '女', '13804110012', '1990-06-01 14:19:21', 'nor_user', null);
INSERT INTO `suser` VALUES ('user120', '123456', '贺炳江', '370285198312081120', '女', '13804110120', '1990-09-17 14:19:21', 'nor_user', null);
INSERT INTO `suser` VALUES ('user121', '123456', '任奥亿', '370101198401091121', '男', '13804110121', '1990-09-18 14:19:21', 'nor_user', null);
INSERT INTO `suser` VALUES ('user122', '123456', '刘龙玉', '370102198502101122', '男', '13804110122', '1990-09-19 14:19:21', 'nor_user', null);
INSERT INTO `suser` VALUES ('user123', '123456', '韩恋力', '370103198603111123', '女', '13804110123', '1990-09-20 14:19:21', 'nor_user', null);
INSERT INTO `suser` VALUES ('user124', '123456', '费廷格', '370104198704121124', '男', '13804110124', '1990-09-21 14:19:21', 'nor_user', null);
INSERT INTO `suser` VALUES ('user125', '123456', '孙　路', '370105198805131125', '男', '13804110125', '1990-09-22 14:19:21', 'nor_user', null);
INSERT INTO `suser` VALUES ('user126', '123456', '王武勳', '370112198906141126', '女', '13804110126', '1990-09-23 14:19:21', 'nor_user', null);
INSERT INTO `suser` VALUES ('user127', '123456', '余蒙飘', '370123198107151127', '男', '13804110127', '1990-09-24 14:19:21', 'nor_user', null);
INSERT INTO `suser` VALUES ('user128', '123456', '白飞解', '370201198208161128', '男', '13804110128', '1990-09-25 14:19:21', 'nor_user', null);
INSERT INTO `suser` VALUES ('user129', '123456', '盛彤敬', '370202198309171129', '女', '13804110129', '1990-09-26 14:19:21', 'nor_user', null);
INSERT INTO `suser` VALUES ('user13', '123456', '张祥德', '370212196401131013', '男', '13804110013', '1990-06-02 14:19:21', 'nor_user', null);
INSERT INTO `suser` VALUES ('user130', '123456', '童户虎', '370203198410181130', '男', '13804110130', '1990-09-27 14:19:21', 'nor_user', null);
INSERT INTO `suser` VALUES ('user131', '123456', '齐木铭', '370205198511191131', '男', '13804110131', '1990-09-28 14:19:21', 'nor_user', null);
INSERT INTO `suser` VALUES ('user132', '123456', '姬喜赋', '370211198612201132', '女', '13804110132', '1990-09-29 14:19:21', 'nor_user', null);
INSERT INTO `suser` VALUES ('user133', '123456', '邹毅资', '370212198701211133', '男', '13804110133', '1990-09-30 14:19:21', 'nor_user', null);
INSERT INTO `suser` VALUES ('user134', '123456', '俞　缘', '370213198802221134', '男', '13804110134', '1990-10-01 14:19:21', 'nor_user', null);
INSERT INTO `suser` VALUES ('user135', '123456', '姜竟曼', '370214198903231135', '女', '13804110135', '1990-10-02 14:19:21', 'nor_user', null);
INSERT INTO `suser` VALUES ('user136', '123456', '符梨伶', '370281198104241136', '男', '13804110136', '1990-10-03 14:19:21', 'nor_user', null);
INSERT INTO `suser` VALUES ('user137', '123456', '傅　俊', '370282198205251137', '男', '13804110137', '1990-10-04 14:19:21', 'nor_user', null);
INSERT INTO `suser` VALUES ('user138', '123456', '孙怡毓', '370283198306261138', '女', '13804110138', '1990-10-05 14:19:21', 'nor_user', null);
INSERT INTO `suser` VALUES ('user139', '123456', '潘澜巧', '370284198407271139', '男', '13804110139', '1990-10-06 14:19:21', 'nor_user', null);
INSERT INTO `suser` VALUES ('user14', '123456', '何颖升', '370213196502141014', '男', '13804110014', '1990-06-03 14:19:21', 'nor_user', null);
INSERT INTO `suser` VALUES ('user140', '123456', '陈茵斓', '370285198508281140', '男', '13804110140', '1990-10-07 14:19:21', 'nor_user', null);
INSERT INTO `suser` VALUES ('user141', '123456', '孙　锦', '370101198609011141', '女', '13804110141', '1990-10-08 14:19:21', 'nor_user', null);
INSERT INTO `suser` VALUES ('user142', '123456', '卢靠清', '370102198710021142', '男', '13804110142', '1990-10-09 14:19:21', 'nor_user', null);
INSERT INTO `suser` VALUES ('user143', '123456', '孙仁露', '370103198811031143', '男', '13804110143', '1990-10-10 14:19:21', 'nor_user', null);
INSERT INTO `suser` VALUES ('user144', '123456', '路园芸', '370104198912041144', '女', '13804110144', '1990-10-11 14:19:21', 'nor_user', null);
INSERT INTO `suser` VALUES ('user145', '123456', '符毓好', '370105198101051145', '男', '13804110145', '1990-10-12 14:19:21', 'nor_user', null);
INSERT INTO `suser` VALUES ('user146', '123456', '白西清', '370112198202061146', '男', '13804110146', '1990-10-13 14:19:21', 'nor_user', null);
INSERT INTO `suser` VALUES ('user147', '123456', '田研青', '370123198303071147', '女', '13804110147', '1990-10-14 14:19:21', 'nor_user', null);
INSERT INTO `suser` VALUES ('user148', '123456', '詹生雨', '370201198404081148', '男', '13804110148', '1990-10-15 14:19:21', 'nor_user', null);
INSERT INTO `suser` VALUES ('user149', '123456', '周小蓉', '370202198505091149', '男', '13804110149', '1990-10-16 14:19:21', 'nor_user', null);
INSERT INTO `suser` VALUES ('user15', '123456', '陈原庚', '370214196603151015', '女', '13804110015', '1990-06-04 14:19:21', 'nor_user', null);
INSERT INTO `suser` VALUES ('user150', '123456', '李昇珂', '370203198606101150', '女', '13804110150', '1990-10-17 14:19:21', 'nor_user', null);
INSERT INTO `suser` VALUES ('user151', '123456', '龙秀青', '370205198707111151', '男', '13804110151', '1990-10-18 14:19:21', 'nor_user', null);
INSERT INTO `suser` VALUES ('user152', '123456', '岑醇燕', '370211198808121152', '男', '13804110152', '1990-10-19 14:19:21', 'nor_user', null);
INSERT INTO `suser` VALUES ('user153', '123456', '张懂霞', '370212198909131153', '女', '13804110153', '1990-10-20 14:19:21', 'nor_user', null);
INSERT INTO `suser` VALUES ('user154', '123456', '成玻枚', '370213198110141154', '男', '13804110154', '1990-10-21 14:19:21', 'nor_user', null);
INSERT INTO `suser` VALUES ('user155', '123456', '何弃芳', '370214198211151155', '男', '13804110155', '1990-10-22 14:19:21', 'nor_user', null);
INSERT INTO `suser` VALUES ('user156', '123456', '苏龄青', '370281198312161156', '女', '13804110156', '1990-10-23 14:19:21', 'nor_user', null);
INSERT INTO `suser` VALUES ('user157', '123456', '刘量云', '370282198401171157', '男', '13804110157', '1990-10-24 14:19:21', 'nor_user', null);
INSERT INTO `suser` VALUES ('user158', '123456', '龚芝方', '370283198502181158', '男', '13804110158', '1990-10-25 14:19:21', 'nor_user', null);
INSERT INTO `suser` VALUES ('user159', '123456', '林效春', '370284198603191159', '女', '13804110159', '1990-10-26 14:19:21', 'nor_user', null);
INSERT INTO `suser` VALUES ('user16', '123456', '丘约靖', '370281196704161016', '男', '13804110016', '1990-06-05 14:19:21', 'nor_user', null);
INSERT INTO `suser` VALUES ('user160', '123456', '潘郁斓', '370285198704201160', '男', '13804110160', '1990-10-27 14:19:21', 'nor_user', null);
INSERT INTO `suser` VALUES ('user161', '123456', '俞伴菲', '370101198805211161', '男', '13804110161', '1990-10-28 14:19:21', 'nor_user', null);
INSERT INTO `suser` VALUES ('user162', '123456', '卓　云', '370102198906221162', '女', '13804110162', '1990-10-29 14:19:21', 'nor_user', null);
INSERT INTO `suser` VALUES ('user163', '123456', '时匡贞', '370103198107231163', '男', '13804110163', '1990-10-30 14:19:21', 'nor_user', null);
INSERT INTO `suser` VALUES ('user164', '123456', '于颐嘉', '370104198208241164', '男', '13804110164', '1990-10-31 14:19:21', 'nor_user', null);
INSERT INTO `suser` VALUES ('user165', '123456', '武婷俐', '370105198309251165', '女', '13804110165', '1990-11-01 14:19:21', 'nor_user', null);
INSERT INTO `suser` VALUES ('user166', '123456', '周席胤', '370112198410261166', '男', '13804110166', '1990-11-02 14:19:21', 'nor_user', null);
INSERT INTO `suser` VALUES ('user167', '123456', '穆沪昭', '370123198511271167', '男', '13804110167', '1990-11-03 14:19:21', 'nor_user', null);
INSERT INTO `suser` VALUES ('user168', '123456', '凌敖劲', '370201198612281168', '女', '13804110168', '1990-11-04 14:19:21', 'nor_user', null);
INSERT INTO `suser` VALUES ('user169', '123456', '简渝航', '370202198701011169', '男', '13804110169', '1990-11-05 14:19:21', 'nor_user', null);
INSERT INTO `suser` VALUES ('user17', '123456', '陈启红', '370282196805171017', '男', '13804110017', '1990-06-06 14:19:21', 'nor_user', null);
INSERT INTO `suser` VALUES ('user170', '123456', '宁古舟', '370203198802021170', '男', '13804110170', '1990-11-06 14:19:21', 'nor_user', null);
INSERT INTO `suser` VALUES ('user171', '123456', '黄　冰', '370205198903031171', '女', '13804110171', '1990-11-07 14:19:21', 'nor_user', null);
INSERT INTO `suser` VALUES ('user172', '123456', '鲁乃燊', '370211198104041172', '男', '13804110172', '1990-11-08 14:19:21', 'nor_user', null);
INSERT INTO `suser` VALUES ('user173', '123456', '王习帅', '370212198205051173', '男', '13804110173', '1990-11-09 14:19:21', 'nor_user', null);
INSERT INTO `suser` VALUES ('user174', '123456', '魏古粟', '370213198306061174', '女', '13804110174', '1990-11-10 14:19:21', 'nor_user', null);
INSERT INTO `suser` VALUES ('user175', '123456', '何巍珑', '370214198407071175', '男', '13804110175', '1990-11-11 14:19:21', 'nor_user', null);
INSERT INTO `suser` VALUES ('user176', '123456', '卢棠易', '370281198508081176', '男', '13804110176', '1990-11-12 14:19:21', 'nor_user', null);
INSERT INTO `suser` VALUES ('user177', '123456', '刘皓涪', '370282198609091177', '女', '13804110177', '1990-11-13 14:19:21', 'nor_user', null);
INSERT INTO `suser` VALUES ('user178', '123456', '穆懂魁', '370283198710101178', '男', '13804110178', '1990-11-14 14:19:21', 'nor_user', null);
INSERT INTO `suser` VALUES ('user179', '123456', '殷　羿', '370284198811111179', '男', '13804110179', '1990-11-15 14:19:21', 'nor_user', null);
INSERT INTO `suser` VALUES ('user18', '123456', '吴湘意', '370283196906181018', '女', '13804110018', '1990-06-07 14:19:21', 'nor_user', null);
INSERT INTO `suser` VALUES ('user180', '123456', '池　传', '370285198912121180', '女', '13804110180', '1990-11-16 14:19:21', 'nor_user', null);
INSERT INTO `suser` VALUES ('user181', '123456', '郭闰顾', '370101198101131181', '男', '13804110181', '1990-11-17 14:19:21', 'nor_user', null);
INSERT INTO `suser` VALUES ('user182', '123456', '刘盖光', '370102198202141182', '男', '13804110182', '1990-11-18 14:19:21', 'nor_user', null);
INSERT INTO `suser` VALUES ('user183', '123456', '张业汜', '370103198303151183', '女', '13804110183', '1990-11-19 14:19:21', 'nor_user', null);
INSERT INTO `suser` VALUES ('user184', '123456', '张威卫', '370104198404161184', '男', '13804110184', '1990-11-20 14:19:21', 'nor_user', null);
INSERT INTO `suser` VALUES ('user185', '123456', '刘　萌', '370105198505171185', '男', '13804110185', '1990-11-21 14:19:21', 'nor_user', null);
INSERT INTO `suser` VALUES ('user186', '123456', '涂致豪', '370112198606181186', '女', '13804110186', '1990-11-22 14:19:21', 'nor_user', null);
INSERT INTO `suser` VALUES ('user187', '123456', '江延松', '370123198707191187', '男', '13804110187', '1990-11-23 14:19:21', 'nor_user', null);
INSERT INTO `suser` VALUES ('user188', '123456', '戚树昌', '370201198808201188', '男', '13804110188', '1990-11-24 14:19:21', 'nor_user', null);
INSERT INTO `suser` VALUES ('user189', '123456', '吴茗厦', '370202198909211189', '女', '13804110189', '1990-11-25 14:19:21', 'nor_user', null);
INSERT INTO `suser` VALUES ('user19', '123456', '宁芹谚', '370284196107191019', '男', '13804110019', '1990-06-08 14:19:21', 'nor_user', null);
INSERT INTO `suser` VALUES ('user190', '123456', '叶岳辉', '370203199110221190', '男', '13804110190', '1990-11-26 14:19:21', 'nor_user', null);
INSERT INTO `suser` VALUES ('user191', '123456', '易渝界', '370205199211231191', '男', '13804110191', '1990-11-27 14:19:21', 'nor_user', null);
INSERT INTO `suser` VALUES ('user192', '123456', '欧仰麦', '370211199312241192', '女', '13804110192', '1990-11-28 14:19:21', 'nor_user', null);
INSERT INTO `suser` VALUES ('user193', '123456', '徐吟量', '370212199401251193', '男', '13804110193', '1990-11-29 14:19:21', 'nor_user', null);
INSERT INTO `suser` VALUES ('user194', '123456', '梁律颜', '370213199502261194', '男', '13804110194', '1990-11-30 14:19:21', 'nor_user', null);
INSERT INTO `suser` VALUES ('user195', '123456', '李易相', '370214199603271195', '女', '13804110195', '1990-12-01 14:19:21', 'nor_user', null);
INSERT INTO `suser` VALUES ('user196', '123456', '贺白枫', '370281199704281196', '男', '13804110196', '1990-12-02 14:19:21', 'nor_user', null);
INSERT INTO `suser` VALUES ('user197', '123456', '孟鸿更', '370282199805011197', '男', '13804110197', '1990-12-03 14:19:21', 'nor_user', null);
INSERT INTO `suser` VALUES ('user198', '123456', '张图承', '370283199906021198', '女', '13804110198', '1990-12-04 14:19:21', 'nor_user', null);
INSERT INTO `suser` VALUES ('user199', '123456', '廖惜汐', '370284199107031199', '男', '13804110199', '1990-12-05 14:19:21', 'nor_user', null);
INSERT INTO `suser` VALUES ('user2', '123456', '张顺谷', '370102196202021002', '男', '13804110002', '1990-05-22 14:19:21', 'adv_user', null);
INSERT INTO `suser` VALUES ('user20', '123456', '邢衷晓', '370285196208201020', '男', '13804110020', '1990-06-09 14:19:21', 'nor_user', null);
INSERT INTO `suser` VALUES ('user200', '123456', '陈招戚', '370285199208041200', '男', '13804110200', '1990-12-06 14:19:21', 'nor_user', null);
INSERT INTO `suser` VALUES ('user201', '123456', '方柱昊', '370101199309051201', '女', '13804110201', '1990-12-07 14:19:21', 'nor_user', null);
INSERT INTO `suser` VALUES ('user202', '123456', '黄义昼', '370102199410061202', '男', '13804110202', '1990-12-08 14:19:21', 'nor_user', null);
INSERT INTO `suser` VALUES ('user203', '123456', '张桓甫', '370103199511071203', '男', '13804110203', '1990-12-09 14:19:21', 'nor_user', null);
INSERT INTO `suser` VALUES ('user204', '123456', '梁洋溢', '370104199612081204', '女', '13804110204', '1990-12-10 14:19:21', 'nor_user', null);
INSERT INTO `suser` VALUES ('user205', '123456', '何甘念', '370105199701091205', '男', '13804110205', '1990-12-11 14:19:21', 'nor_user', null);
INSERT INTO `suser` VALUES ('user206', '123456', '侯敦强', '370112199802101206', '男', '13804110206', '1990-12-12 14:19:21', 'nor_user', null);
INSERT INTO `suser` VALUES ('user207', '123456', '陈裔丰', '370123199903111207', '女', '13804110207', '1990-12-13 14:19:21', 'nor_user', null);
INSERT INTO `suser` VALUES ('user208', '123456', '邢启杰', '370201199104121208', '男', '13804110208', '1990-12-14 14:19:21', 'nor_user', null);
INSERT INTO `suser` VALUES ('user209', '123456', '高恋方', '370202199205131209', '男', '13804110209', '1990-12-15 14:19:21', 'nor_user', null);
INSERT INTO `suser` VALUES ('user21', '123456', '葛冠媛', '370101196309211021', '女', '13804110021', '1990-06-10 14:19:21', 'nor_user', null);
INSERT INTO `suser` VALUES ('user210', '123456', '王茁珐', '370203199306141210', '女', '13804110210', '1990-12-16 14:19:21', 'nor_user', null);
INSERT INTO `suser` VALUES ('user211', '123456', '姬中岩', '370205199407151211', '男', '13804110211', '1990-12-17 14:19:21', 'nor_user', null);
INSERT INTO `suser` VALUES ('user212', '123456', '吴　樵', '370211199508161212', '男', '13804110212', '1990-12-18 14:19:21', 'nor_user', null);
INSERT INTO `suser` VALUES ('user213', '123456', '杨杜昼', '370212199609171213', '女', '13804110213', '1990-12-19 14:19:21', 'nor_user', null);
INSERT INTO `suser` VALUES ('user214', '123456', '廉凌刚', '370213199710181214', '男', '13804110214', '1990-12-20 14:19:21', 'nor_user', null);
INSERT INTO `suser` VALUES ('user215', '123456', '王睦羽', '370214199811191215', '男', '13804110215', '1990-12-21 14:19:21', 'nor_user', null);
INSERT INTO `suser` VALUES ('user216', '123456', '刘岩丘', '370281199912201216', '女', '13804110216', '1990-12-22 14:19:21', 'nor_user', null);
INSERT INTO `suser` VALUES ('user217', '123456', '卫斯晾', '370282199101211217', '男', '13804110217', '1990-12-23 14:19:21', 'nor_user', null);
INSERT INTO `suser` VALUES ('user218', '123456', '汤赫禧', '370283199202221218', '男', '13804110218', '1990-12-24 14:19:21', 'nor_user', null);
INSERT INTO `suser` VALUES ('user219', '123456', '萧登水', '370284199303231219', '女', '13804110219', '1990-12-25 14:19:21', 'nor_user', null);
INSERT INTO `suser` VALUES ('user22', '123456', '钟艳梦', '370102196410221022', '男', '13804110022', '1990-06-11 14:19:21', 'nor_user', null);
INSERT INTO `suser` VALUES ('user220', '123456', '骆其节', '370285199404241220', '男', '13804110220', '1990-12-26 14:19:21', 'nor_user', null);
INSERT INTO `suser` VALUES ('user221', '123456', '符伯峪', '370101199505251221', '男', '13804110221', '1990-12-27 14:19:21', 'nor_user', null);
INSERT INTO `suser` VALUES ('user222', '123456', '甘蔼宾', '370102199606261222', '女', '13804110222', '1990-12-28 14:19:21', 'nor_user', null);
INSERT INTO `suser` VALUES ('user223', '123456', '卓侨汉', '370103199707271223', '男', '13804110223', '1990-12-29 14:19:21', 'nor_user', null);
INSERT INTO `suser` VALUES ('user224', '123456', '乐侨珂', '370104199808281224', '男', '13804110224', '1990-12-30 14:19:21', 'nor_user', null);
INSERT INTO `suser` VALUES ('user225', '123456', '倪山骋', '370105199909011225', '女', '13804110225', '1990-12-31 14:19:21', 'nor_user', null);
INSERT INTO `suser` VALUES ('user226', '123456', '张览秀', '370112199110021226', '男', '13804110226', '1991-01-01 14:19:21', 'nor_user', null);
INSERT INTO `suser` VALUES ('user227', '123456', '刘丰标', '370123199211031227', '男', '13804110227', '1991-01-02 14:19:21', 'nor_user', null);
INSERT INTO `suser` VALUES ('user228', '123456', '岳臻俊', '370201199312041228', '女', '13804110228', '1991-01-03 14:19:21', 'nor_user', null);
INSERT INTO `suser` VALUES ('user229', '123456', '费　学', '370202199401051229', '男', '13804110229', '1991-01-04 14:19:21', 'nor_user', null);
INSERT INTO `suser` VALUES ('user23', '123456', '戚湘玉', '370103196511231023', '男', '13804110023', '1990-06-12 14:19:21', 'nor_user', null);
INSERT INTO `suser` VALUES ('user230', '123456', '史岩超', '370203199502061230', '男', '13804110230', '1991-01-05 14:19:21', 'nor_user', null);
INSERT INTO `suser` VALUES ('user231', '123456', '王慕涛', '370205199603071231', '女', '13804110231', '1991-01-06 14:19:21', 'nor_user', null);
INSERT INTO `suser` VALUES ('user232', '123456', '陶天瑛', '370211199704081232', '男', '13804110232', '1991-01-07 14:19:21', 'nor_user', null);
INSERT INTO `suser` VALUES ('user233', '123456', '张彪其', '370212199805091233', '男', '13804110233', '1991-01-08 14:19:21', 'nor_user', null);
INSERT INTO `suser` VALUES ('user234', '123456', '易静帜', '370213199906101234', '女', '13804110234', '1991-01-09 14:19:21', 'nor_user', null);
INSERT INTO `suser` VALUES ('user235', '123456', '侯革汜', '370214199107111235', '男', '13804110235', '1991-01-10 14:19:21', 'nor_user', null);
INSERT INTO `suser` VALUES ('user236', '123456', '陈牧容', '370281199208121236', '男', '13804110236', '1991-01-11 14:19:21', 'nor_user', null);
INSERT INTO `suser` VALUES ('user237', '123456', '孙渐巍', '370282199309131237', '女', '13804110237', '1991-01-12 14:19:21', 'nor_user', null);
INSERT INTO `suser` VALUES ('user238', '123456', '吴阐琮', '370283199410141238', '男', '13804110238', '1991-01-13 14:19:21', 'nor_user', null);
INSERT INTO `suser` VALUES ('user239', '123456', '柳长翊', '370284199511151239', '男', '13804110239', '1991-01-14 14:19:21', 'nor_user', null);
INSERT INTO `suser` VALUES ('user24', '123456', '丁慧湘', '370104196612241024', '女', '13804110024', '1990-06-13 14:19:21', 'nor_user', null);
INSERT INTO `suser` VALUES ('user240', '123456', '许席哲', '370285199612161240', '女', '13804110240', '1991-01-15 14:19:21', 'nor_user', null);
INSERT INTO `suser` VALUES ('user241', '123456', '张桦伦', '370101199701171241', '男', '13804110241', '1991-01-16 14:19:21', 'nor_user', null);
INSERT INTO `suser` VALUES ('user242', '123456', '区绪声', '370102199802181242', '男', '13804110242', '1991-01-17 14:19:21', 'nor_user', null);
INSERT INTO `suser` VALUES ('user243', '123456', '梁三贡', '370103199903191243', '女', '13804110243', '1991-01-18 14:19:21', 'nor_user', null);
INSERT INTO `suser` VALUES ('user244', '123456', '戚阐瑞', '370104199504201244', '男', '13804110244', '1991-01-19 14:19:21', 'nor_user', null);
INSERT INTO `suser` VALUES ('user245', '123456', '姬融致', '370105199605211245', '男', '13804110245', '1991-01-20 14:19:21', 'nor_user', null);
INSERT INTO `suser` VALUES ('user246', '123456', '虞竞徽', '370112199706221246', '女', '13804110246', '1991-01-21 14:19:21', 'nor_user', null);
INSERT INTO `suser` VALUES ('user247', '123456', '邬辉聪', '370123199807231247', '男', '13804110247', '1991-01-22 14:19:21', 'nor_user', null);
INSERT INTO `suser` VALUES ('user248', '123456', '赵营笛', '370201199908241248', '男', '13804110248', '1991-01-23 14:19:21', 'nor_user', null);
INSERT INTO `suser` VALUES ('user249', '123456', '施　丹', '370202199109251249', '女', '13804110249', '1991-01-24 14:19:21', 'nor_user', null);
INSERT INTO `suser` VALUES ('user25', '123456', '陈蕊筌', '370105196701251025', '男', '13804110025', '1990-06-14 14:19:21', 'nor_user', null);
INSERT INTO `suser` VALUES ('user250', '123456', '史闰煦', '370203199210261250', '男', '13804110250', '1991-01-25 14:19:21', 'nor_user', null);
INSERT INTO `suser` VALUES ('user251', '123456', '彭坚杰', '370205199311271251', '男', '13804110251', '1991-01-26 14:19:21', 'nor_user', null);
INSERT INTO `suser` VALUES ('user252', '123456', '孙牡江', '370211199412281252', '女', '13804110252', '1991-01-27 14:19:21', 'nor_user', null);
INSERT INTO `suser` VALUES ('user253', '123456', '章跋仆', '370212199501011253', '男', '13804110253', '1991-01-28 14:19:21', 'nor_user', null);
INSERT INTO `suser` VALUES ('user254', '123456', '雷池艾', '370213199602021254', '男', '13804110254', '1991-01-29 14:19:21', 'nor_user', null);
INSERT INTO `suser` VALUES ('user255', '123456', '章付如', '370214199703031255', '女', '13804110255', '1991-01-30 14:19:21', 'nor_user', null);
INSERT INTO `suser` VALUES ('user256', '123456', '康翼凤', '370281199804041256', '男', '13804110256', '1991-01-31 14:19:21', 'nor_user', null);
INSERT INTO `suser` VALUES ('user257', '123456', '孙千诗', '370282199905051257', '男', '13804110257', '1991-02-01 14:19:21', 'nor_user', null);
INSERT INTO `suser` VALUES ('user258', '123456', '简岚巍', '370283199106061258', '女', '13804110258', '1991-02-02 14:19:21', 'nor_user', null);
INSERT INTO `suser` VALUES ('user259', '123456', '王思靖', '370284199207071259', '男', '13804110259', '1991-02-03 14:19:21', 'nor_user', null);
INSERT INTO `suser` VALUES ('user26', '123456', '王赞群', '370112196802261026', '男', '13804110026', '1990-06-15 14:19:21', 'nor_user', null);
INSERT INTO `suser` VALUES ('user260', '123456', '陈　万', '370285199308081260', '男', '13804110260', '1991-02-04 14:19:21', 'nor_user', null);
INSERT INTO `suser` VALUES ('user261', '123456', '欧之云', '370101199409091261', '女', '13804110261', '1991-02-05 14:19:21', 'nor_user', null);
INSERT INTO `suser` VALUES ('user262', '123456', '金奉娟', '370102199510101262', '男', '13804110262', '1991-02-06 14:19:21', 'nor_user', null);
INSERT INTO `suser` VALUES ('user263', '123456', '孙珊荃', '370103199611111263', '男', '13804110263', '1991-02-07 14:19:21', 'nor_user', null);
INSERT INTO `suser` VALUES ('user264', '123456', '周俏虹', '370104199712121264', '女', '13804110264', '1991-02-08 14:19:21', 'nor_user', null);
INSERT INTO `suser` VALUES ('user265', '123456', '张待蕊', '370105199801131265', '男', '13804110265', '1991-02-09 14:19:21', 'nor_user', null);
INSERT INTO `suser` VALUES ('user266', '123456', '蒲脉童', '370112199902141266', '男', '13804110266', '1991-02-10 14:19:21', 'nor_user', null);
INSERT INTO `suser` VALUES ('user267', '123456', '梅牧鹃', '370123199503151267', '女', '13804110267', '1991-02-11 14:19:21', 'nor_user', null);
INSERT INTO `suser` VALUES ('user268', '123456', '陶搏晗', '370201199604161268', '男', '13804110268', '1991-02-12 14:19:21', 'nor_user', null);
INSERT INTO `suser` VALUES ('user269', '123456', '卫简暖', '370202199705171269', '男', '13804110269', '1991-02-13 14:19:21', 'nor_user', null);
INSERT INTO `suser` VALUES ('user27', '123456', '陈图凤', '370123196903271027', '女', '13804110027', '1990-06-16 14:19:21', 'nor_user', null);
INSERT INTO `suser` VALUES ('user270', '123456', '孙喜韵', '370203199806181270', '女', '13804110270', '1991-02-14 14:19:21', 'nor_user', null);
INSERT INTO `suser` VALUES ('user271', '123456', '关结荃', '370205199907191271', '男', '13804110271', '1991-02-15 14:19:21', 'nor_user', null);
INSERT INTO `suser` VALUES ('user272', '123456', '廉篱翠', '370211199108201272', '男', '13804110272', '1991-02-16 14:19:21', 'nor_user', null);
INSERT INTO `suser` VALUES ('user273', '123456', '危娰筱', '370212199209211273', '女', '13804110273', '1991-02-17 14:19:21', 'nor_user', null);
INSERT INTO `suser` VALUES ('user274', '123456', '钟帅芸', '370213199310221274', '男', '13804110274', '1991-02-18 14:19:21', 'nor_user', null);
INSERT INTO `suser` VALUES ('user275', '123456', '徐　银', '370214199411231275', '男', '13804110275', '1991-02-19 14:19:21', 'nor_user', null);
INSERT INTO `suser` VALUES ('user276', '123456', '梁珑诺', '370281199512241276', '女', '13804110276', '1991-02-20 14:19:21', 'nor_user', null);
INSERT INTO `suser` VALUES ('user277', '123456', '孔嫡妍', '370282199601251277', '男', '13804110277', '1991-02-21 14:19:21', 'nor_user', null);
INSERT INTO `suser` VALUES ('user278', '123456', '甘廷阳', '370283199702261278', '男', '13804110278', '1991-02-22 14:19:21', 'nor_user', null);
INSERT INTO `suser` VALUES ('user279', '123456', '雷蕾真', '370284199803271279', '女', '13804110279', '1991-02-23 14:19:21', 'nor_user', null);
INSERT INTO `suser` VALUES ('user28', '123456', '毕柯音', '370201196104281028', '男', '13804110028', '1990-06-17 14:19:21', 'nor_user', null);
INSERT INTO `suser` VALUES ('user280', '123456', '韩宇窍', '370285199904281280', '男', '13804110280', '1991-02-24 14:19:21', 'nor_user', null);
INSERT INTO `suser` VALUES ('user281', '123456', '邹树园', '370101199105011281', '男', '13804110281', '1991-02-25 14:19:21', 'nor_user', null);
INSERT INTO `suser` VALUES ('user282', '123456', '周戚晴', '370102199206021282', '女', '13804110282', '1991-02-26 14:19:21', 'nor_user', null);
INSERT INTO `suser` VALUES ('user283', '123456', '陆凛娣', '370103199307031283', '男', '13804110283', '1991-02-27 14:19:21', 'nor_user', null);
INSERT INTO `suser` VALUES ('user284', '123456', '孙静芙', '370104199408041284', '男', '13804110284', '1991-02-28 14:19:21', 'nor_user', null);
INSERT INTO `suser` VALUES ('user285', '123456', '涂俱珍', '370105199509051285', '女', '13804110285', '1991-03-01 14:19:21', 'nor_user', null);
INSERT INTO `suser` VALUES ('user29', '123456', '张察妙', '370202196205011029', '男', '13804110029', '1990-06-18 14:19:21', 'nor_user', null);
INSERT INTO `suser` VALUES ('user3', '123456', '张淮森', '370103196303031003', '女', '13804110003', '1990-05-23 14:19:21', 'nor_user', null);
INSERT INTO `suser` VALUES ('user30', '123456', '郑迎凌', '370203196306021030', '女', '13804110030', '1990-06-19 14:19:21', 'nor_user', null);
INSERT INTO `suser` VALUES ('user31', '123456', '文儒御', '370205196407031031', '男', '13804110031', '1990-06-20 14:19:21', 'nor_user', null);
INSERT INTO `suser` VALUES ('user32', '123456', '卢辅岳', '370211196508041032', '男', '13804110032', '1990-06-21 14:19:21', 'nor_user', null);
INSERT INTO `suser` VALUES ('user33', '123456', '岳珂秩', '370212196609051033', '女', '13804110033', '1990-06-22 14:19:21', 'nor_user', null);
INSERT INTO `suser` VALUES ('user34', '123456', '于偌朔', '370213196710061034', '男', '13804110034', '1990-06-23 14:19:21', 'nor_user', null);
INSERT INTO `suser` VALUES ('user35', '123456', '倪景民', '370214196811071035', '男', '13804110035', '1990-06-24 14:19:21', 'nor_user', null);
INSERT INTO `suser` VALUES ('user36', '123456', '李丞佩', '370281196912081036', '女', '13804110036', '1990-06-25 14:19:21', 'nor_user', null);
INSERT INTO `suser` VALUES ('user37', '123456', '褚郁安', '370282196101091037', '男', '13804110037', '1990-06-26 14:19:21', 'nor_user', null);
INSERT INTO `suser` VALUES ('user38', '123456', '韦显敬', '370283196202101038', '男', '13804110038', '1990-06-27 14:19:21', 'nor_user', null);
INSERT INTO `suser` VALUES ('user39', '123456', '周丹淦', '370284196303111039', '女', '13804110039', '1990-06-28 14:19:21', 'nor_user', null);
INSERT INTO `suser` VALUES ('user4', '123456', '周逸依', '370104196404041004', '男', '13804110004', '1990-05-24 14:19:21', 'nor_user', null);
INSERT INTO `suser` VALUES ('user40', '123456', '龙乔盼', '370285196404121040', '男', '13804110040', '1990-06-29 14:19:21', 'nor_user', null);
INSERT INTO `suser` VALUES ('user41', '123456', '梁　舒', '370101196505131041', '男', '13804110041', '1990-06-30 14:19:21', 'nor_user', null);
INSERT INTO `suser` VALUES ('user42', '123456', '岑修聪', '370102196606141042', '女', '13804110042', '1990-07-01 14:19:21', 'nor_user', null);
INSERT INTO `suser` VALUES ('user43', '123456', '文　法', '370103196707151043', '男', '13804110043', '1990-07-02 14:19:21', 'nor_user', null);
INSERT INTO `suser` VALUES ('user44', '123456', '余雄锡', '370104196808161044', '男', '13804110044', '1990-07-03 14:19:21', 'nor_user', null);
INSERT INTO `suser` VALUES ('user45', '123456', '刘胜汉', '370105196909171045', '女', '13804110045', '1990-07-04 14:19:21', 'nor_user', null);
INSERT INTO `suser` VALUES ('user46', '123456', '陈颁谊', '370112197110181046', '男', '13804110046', '1990-07-05 14:19:21', 'nor_user', null);
INSERT INTO `suser` VALUES ('user47', '123456', '蔡德俊', '370123197211191047', '男', '13804110047', '1990-07-06 14:19:21', 'nor_user', null);
INSERT INTO `suser` VALUES ('user48', '123456', '侯杏彩', '370201197312201048', '女', '13804110048', '1990-07-07 14:19:21', 'nor_user', null);
INSERT INTO `suser` VALUES ('user49', '123456', '陶益怡', '370202197401211049', '男', '13804110049', '1990-07-08 14:19:21', 'nor_user', null);
INSERT INTO `suser` VALUES ('user5', '123456', '朱付流', '370105196505051005', '男', '13804110005', '1990-05-25 14:19:21', 'nor_user', null);
INSERT INTO `suser` VALUES ('user50', '123456', '梁频淼', '370203197502221050', '男', '13804110050', '1990-07-09 14:19:21', 'nor_user', null);
INSERT INTO `suser` VALUES ('user51', '123456', '罗融雪', '370205197603231051', '女', '13804110051', '1990-07-10 14:19:21', 'nor_user', null);
INSERT INTO `suser` VALUES ('user52', '123456', '钱里桦', '370211197704241052', '男', '13804110052', '1990-07-11 14:19:21', 'nor_user', null);
INSERT INTO `suser` VALUES ('user53', '123456', '张晶卿', '370212197805251053', '男', '13804110053', '1990-07-12 14:19:21', 'nor_user', null);
INSERT INTO `suser` VALUES ('user54', '123456', '欧房楠', '370213197906261054', '女', '13804110054', '1990-07-13 14:19:21', 'nor_user', null);
INSERT INTO `suser` VALUES ('user55', '123456', '梁仓蓉', '370214197107271055', '男', '13804110055', '1990-07-14 14:19:21', 'nor_user', null);
INSERT INTO `suser` VALUES ('user56', '123456', '吴影雯', '370281197208281056', '男', '13804110056', '1990-07-15 14:19:21', 'nor_user', null);
INSERT INTO `suser` VALUES ('user57', '123456', '杨才芝', '370282197309011057', '女', '13804110057', '1990-07-16 14:19:21', 'nor_user', null);
INSERT INTO `suser` VALUES ('user58', '123456', '沈传喜', '370283197410021058', '男', '13804110058', '1990-07-17 14:19:21', 'nor_user', null);
INSERT INTO `suser` VALUES ('user59', '123456', '吴音同', '370284197511031059', '男', '13804110059', '1990-07-18 14:19:21', 'nor_user', null);
INSERT INTO `suser` VALUES ('user6', '123456', '李彩早', '370112196606061006', '女', '13804110006', '1990-05-26 14:19:21', 'nor_user', null);
INSERT INTO `suser` VALUES ('user60', '123456', '张悟玫', '370285197612041060', '女', '13804110060', '1990-07-19 14:19:21', 'nor_user', null);
INSERT INTO `suser` VALUES ('user61', '123456', '王顺坤', '370101197701051061', '男', '13804110061', '1990-07-20 14:19:21', 'nor_user', null);
INSERT INTO `suser` VALUES ('user62', '123456', '王均染', '370102197802061062', '男', '13804110062', '1990-07-21 14:19:21', 'nor_user', null);
INSERT INTO `suser` VALUES ('user63', '123456', '齐榜卫', '370103197903071063', '女', '13804110063', '1990-07-22 14:19:21', 'nor_user', null);
INSERT INTO `suser` VALUES ('user64', '123456', '周　启', '370104197104081064', '男', '13804110064', '1990-07-23 14:19:21', 'nor_user', null);
INSERT INTO `suser` VALUES ('user65', '123456', '蔡季雄', '370105197205091065', '男', '13804110065', '1990-07-24 14:19:21', 'nor_user', null);
INSERT INTO `suser` VALUES ('user66', '123456', '沈光岸', '370112197306101066', '女', '13804110066', '1990-07-25 14:19:21', 'nor_user', null);
INSERT INTO `suser` VALUES ('user67', '123456', '卫颁细', '370123197407111067', '男', '13804110067', '1990-07-26 14:19:21', 'nor_user', null);
INSERT INTO `suser` VALUES ('user68', '123456', '石　厚', '370201197508121068', '男', '13804110068', '1990-07-27 14:19:21', 'nor_user', null);
INSERT INTO `suser` VALUES ('user69', '123456', '章晞旺', '370202197609131069', '女', '13804110069', '1990-07-28 14:19:21', 'nor_user', null);
INSERT INTO `suser` VALUES ('user7', '123456', '梁澄静', '370123196707071007', '男', '13804110007', '1990-05-27 14:19:21', 'nor_user', null);
INSERT INTO `suser` VALUES ('user70', '123456', '陈孝厦', '370203197710141070', '男', '13804110070', '1990-07-29 14:19:21', 'nor_user', null);
INSERT INTO `suser` VALUES ('user71', '123456', '雷础炯', '370205197811151071', '男', '13804110071', '1990-07-30 14:19:21', 'nor_user', null);
INSERT INTO `suser` VALUES ('user72', '123456', '区胄法', '370211197912161072', '女', '13804110072', '1990-07-31 14:19:21', 'nor_user', null);
INSERT INTO `suser` VALUES ('user73', '123456', '柳霖席', '370212197101171073', '男', '13804110073', '1990-08-01 14:19:21', 'nor_user', null);
INSERT INTO `suser` VALUES ('user74', '123456', '颜便贤', '370213197202181074', '男', '13804110074', '1990-08-02 14:19:21', 'nor_user', null);
INSERT INTO `suser` VALUES ('user75', '123456', '辛觅宝', '370214197303191075', '女', '13804110075', '1990-08-03 14:19:21', 'nor_user', null);
INSERT INTO `suser` VALUES ('user76', '123456', '陶　政', '370281197404201076', '男', '13804110076', '1990-08-04 14:19:21', 'nor_user', null);
INSERT INTO `suser` VALUES ('user77', '123456', '廉璨升', '370282197505211077', '男', '13804110077', '1990-08-05 14:19:21', 'nor_user', null);
INSERT INTO `suser` VALUES ('user78', '123456', '邱伴斌', '370283197606221078', '女', '13804110078', '1990-08-06 14:19:21', 'nor_user', null);
INSERT INTO `suser` VALUES ('user79', '123456', '王觉飘', '370284197707231079', '男', '13804110079', '1990-08-07 14:19:21', 'nor_user', null);
INSERT INTO `suser` VALUES ('user8', '123456', '池慕营', '370201196808081008', '男', '13804110008', '1990-05-28 14:19:21', 'nor_user', null);
INSERT INTO `suser` VALUES ('user80', '123456', '蔡和智', '370285197808241080', '男', '13804110080', '1990-08-08 14:19:21', 'nor_user', null);
INSERT INTO `suser` VALUES ('user81', '123456', '林锐耀', '370101197909251081', '女', '13804110081', '1990-08-09 14:19:21', 'nor_user', null);
INSERT INTO `suser` VALUES ('user82', '123456', '施其钱', '370102197110261082', '男', '13804110082', '1990-08-10 14:19:21', 'nor_user', null);
INSERT INTO `suser` VALUES ('user83', '123456', '于焯胥', '370103197211271083', '男', '13804110083', '1990-08-11 14:19:21', 'nor_user', null);
INSERT INTO `suser` VALUES ('user84', '123456', '温胄昀', '370104197312281084', '女', '13804110084', '1990-08-12 14:19:21', 'nor_user', null);
INSERT INTO `suser` VALUES ('user85', '123456', '陈鲜毅', '370105197401011085', '男', '13804110085', '1990-08-13 14:19:21', 'nor_user', null);
INSERT INTO `suser` VALUES ('user86', '123456', '林匡容', '370112197502021086', '男', '13804110086', '1990-08-14 14:19:21', 'nor_user', null);
INSERT INTO `suser` VALUES ('user87', '123456', '周　臣', '370123197603031087', '女', '13804110087', '1990-08-15 14:19:21', 'nor_user', null);
INSERT INTO `suser` VALUES ('user88', '123456', '戚谆桂', '370201197704041088', '男', '13804110088', '1990-08-16 14:19:21', 'nor_user', null);
INSERT INTO `suser` VALUES ('user89', '123456', '章仲栾', '370202197805051089', '男', '13804110089', '1990-08-17 14:19:21', 'nor_user', null);
INSERT INTO `suser` VALUES ('user9', '123456', '俞灶迟', '370202196909091009', '女', '13804110009', '1990-05-29 14:19:21', 'nor_user', null);
INSERT INTO `suser` VALUES ('user90', '123456', '朱鸥隐', '370203197906061090', '女', '13804110090', '1990-08-18 14:19:21', 'nor_user', null);
INSERT INTO `suser` VALUES ('user91', '123456', '孙如香', '370205198107071091', '男', '13804110091', '1990-08-19 14:19:21', 'nor_user', null);
INSERT INTO `suser` VALUES ('user92', '123456', '沈颜碧', '370211198208081092', '男', '13804110092', '1990-08-20 14:19:21', 'nor_user', null);
INSERT INTO `suser` VALUES ('user93', '123456', '华娟女', '370212198309091093', '女', '13804110093', '1990-08-21 14:19:21', 'nor_user', null);
INSERT INTO `suser` VALUES ('user94', '123456', '翁昀齐', '370213198410101094', '男', '13804110094', '1990-08-22 14:19:21', 'nor_user', null);
INSERT INTO `suser` VALUES ('user95', '123456', '涂邦香', '370214198511111095', '男', '13804110095', '1990-08-23 14:19:21', 'nor_user', null);
INSERT INTO `suser` VALUES ('user96', '123456', '谢巾贞', '370281198612121096', '女', '13804110096', '1990-08-24 14:19:21', 'nor_user', null);
INSERT INTO `suser` VALUES ('user97', '123456', '黎益欣', '370282198701131097', '男', '13804110097', '1990-08-25 14:19:21', 'nor_user', null);
INSERT INTO `suser` VALUES ('user98', '123456', '莫桦谊', '370283198802141098', '男', '13804110098', '1990-08-26 14:19:21', 'nor_user', null);
INSERT INTO `suser` VALUES ('user99', '123456', '陈明榕', '370284198903151099', '女', '13804110099', '1990-08-27 14:19:21', 'nor_user', null);

-- ----------------------------
-- View structure for `caruser`
-- ----------------------------
DROP VIEW IF EXISTS `caruser`;
CREATE ALGORITHM=UNDEFINED DEFINER=`root`@`localhost` SQL SECURITY DEFINER VIEW `caruser` AS select `suser`.`username` AS `username`,`suser`.`pname` AS `pname`,`suser`.`pcardid` AS `pcardid`,`suser`.`psex` AS `psex`,`suser`.`ptel` AS `ptel`,date_format(`suser`.`pregisterdate`,'%Y-%c-%d %h:%i:%s') AS `pregisterdate` from `suser` where (`suser`.`username` <> 'admin') order by (substr(`suser`.`username`,5) + 0);

-- ----------------------------
-- View structure for `loginuser`
-- ----------------------------
DROP VIEW IF EXISTS `loginuser`;
CREATE ALGORITHM=UNDEFINED DEFINER=`root`@`localhost` SQL SECURITY DEFINER VIEW `loginuser` AS select `suser`.`username` AS `username`,`suser`.`password` AS `userpwd`,(case when (`suser`.`role` = 'admin') then 'R03' when (`suser`.`role` = 'nor_user') then 'R01' when (`suser`.`role` = 'adv_user') then 'R02' end) AS `userrole` from `suser`;

-- ----------------------------
-- View structure for `peccancyx`
-- ----------------------------
DROP VIEW IF EXISTS `peccancyx`;
CREATE ALGORITHM=UNDEFINED DEFINER=`root`@`localhost` SQL SECURITY DEFINER VIEW `peccancyx` AS select `peccancy`.`id` AS `id`,`peccancy`.`carnumber` AS `carnumber`,`peccancy`.`pcode` AS `pcode`,`peccancy`.`paddr` AS `paddr`,date_format(`peccancy`.`pdatetime`,'%Y-%c-%d %h:%i:%s') AS `pdatetime` from `peccancy`;
